{"v":"5.5.2","fr":59.9400024414063,"ip":0,"op":45.0000018328876,"w":600,"h":300,"nm":"next_text","ddd":0,"assets":[],"fonts":{"list":[{"fName":"BebasNeue","fFamily":"Bebas Neue","fStyle":"Regular","ascent":69.9996948242188}]},"layers":[{"ddd":0,"ind":1,"ty":5,"nm":"NEXT","sr":1,"ks":{"o":{"a":1,"k":[{"i":{"x":[0.667],"y":[1]},"o":{"x":[0.333],"y":[0]},"t":8,"s":[50]},{"t":35.0000014255792,"s":[100]}],"ix":11},"r":{"a":0,"k":0,"ix":10},"p":{"a":1,"k":[{"i":{"x":0.311,"y":1},"o":{"x":0.758,"y":0},"t":0,"s":[34.379,600,0],"to":[0,-55.672,0],"ti":[0,55.672,0]},{"t":35.0000014255792,"s":[34.379,265.965,0]}],"ix":2},"a":{"a":0,"k":[0,0,0],"ix":1},"s":{"a":0,"k":[100,100,100],"ix":6}},"ao":0,"t":{"d":{"k":[{"s":{"s":329,"f":"BebasNeue","t":"NEXT","j":0,"tr":0,"lh":394.8,"ls":0,"fc":[1,1,1]},"t":0}]},"p":{},"m":{"g":1,"a":{"a":0,"k":[0,0],"ix":2}},"a":[]},"ip":0,"op":1800.0000733155,"st":0,"bm":0}],"markers":[],"chars":[{"ch":"N","size":329,"style":"Regular","w":42.7,"data":{"shapes":[{"ty":"gr","it":[{"ind":0,"ty":"sh","ix":1,"ks":{"a":0,"k":{"i":[[0,0],[0,0],[0,0],[0,0],[0,0],[0,0],[0,0],[0,0],[0,0],[0,0],[0,0],[0,0]],"o":[[0,0],[0,0],[0,0],[0,0],[0,0],[0,0],[0,0],[0,0],[0,0],[0,0],[0,0],[0,0]],"v":[[27.695,0],[39.075,0],[39.075,-70.496],[29.205,-70.496],[29.205,-28.299],[29.004,-28.299],[17.825,-70.496],[3.928,-70.496],[3.928,0],[13.898,0],[13.898,-51.059],[14.099,-51.059]],"c":true},"ix":2},"nm":"N","mn":"ADBE Vector Shape - Group","hd":false}],"nm":"N","np":3,"cix":2,"bm":0,"ix":1,"mn":"ADBE Vector Group","hd":false}]},"fFamily":"Bebas Neue"},{"ch":"E","size":329,"style":"Regular","w":36.8,"data":{"shapes":[{"ty":"gr","it":[{"ind":0,"ty":"sh","ix":1,"ks":{"a":0,"k":{"i":[[0,0],[0,0],[0,0],[0,0],[0,0],[0,0],[0,0],[0,0],[0,0],[0,0],[0,0],[0,0]],"o":[[0,0],[0,0],[0,0],[0,0],[0,0],[0,0],[0,0],[0,0],[0,0],[0,0],[0,0],[0,0]],"v":[[15.106,-60.425],[34.241,-60.425],[34.241,-70.496],[4.028,-70.496],[4.028,0],[34.241,0],[34.241,-10.071],[15.106,-10.071],[15.106,-30.716],[30.313,-30.716],[30.313,-40.787],[15.106,-40.787]],"c":true},"ix":2},"nm":"E","mn":"ADBE Vector Shape - Group","hd":false}],"nm":"E","np":3,"cix":2,"bm":0,"ix":1,"mn":"ADBE Vector Group","hd":false}]},"fFamily":"Bebas Neue"},{"ch":"X","size":329,"style":"Regular","w":43,"data":{"shapes":[{"ty":"gr","it":[{"ind":0,"ty":"sh","ix":1,"ks":{"a":0,"k":{"i":[[0,0],[0,0],[0,0],[0,0],[0,0],[0,0],[0,0],[0,0],[0,0],[0,0],[0,0],[0,0],[0,0],[0,0]],"o":[[0,0],[0,0],[0,0],[0,0],[0,0],[0,0],[0,0],[0,0],[0,0],[0,0],[0,0],[0,0],[0,0],[0,0]],"v":[[30.716,-70.496],[22.256,-44.513],[22.055,-44.513],[13.797,-70.496],[2.316,-70.496],[13.898,-36.255],[1.511,0],[11.884,0],[20.947,-27.896],[21.149,-27.896],[30.112,0],[41.794,0],[29.407,-36.255],[40.988,-70.496]],"c":true},"ix":2},"nm":"X","mn":"ADBE Vector Shape - Group","hd":false}],"nm":"X","np":3,"cix":2,"bm":0,"ix":1,"mn":"ADBE Vector Group","hd":false}]},"fFamily":"Bebas Neue"},{"ch":"T","size":329,"style":"Regular","w":35.6,"data":{"shapes":[{"ty":"gr","it":[{"ind":0,"ty":"sh","ix":1,"ks":{"a":0,"k":{"i":[[0,0],[0,0],[0,0],[0,0],[0,0],[0,0],[0,0],[0,0]],"o":[[0,0],[0,0],[0,0],[0,0],[0,0],[0,0],[0,0],[0,0]],"v":[[0.806,-60.425],[12.387,-60.425],[12.387,0],[23.465,0],[23.465,-60.425],[35.046,-60.425],[35.046,-70.496],[0.806,-70.496]],"c":true},"ix":2},"nm":"T","mn":"ADBE Vector Shape - Group","hd":false}],"nm":"T","np":3,"cix":2,"bm":0,"ix":1,"mn":"ADBE Vector Group","hd":false}]},"fFamily":"Bebas Neue"}]}