{"v":"5.5.2","fr":60,"ip":0,"op":60,"w":500,"h":500,"nm":"sheets","ddd":0,"assets":[],"fonts":{"list":[{"fName":"BebasNeue","fFamily":"Bebas Neue","fStyle":"Regular","ascent":69.9996948242188},{"fName":"OpenSans","fFamily":"Open Sans","fStyle":"Regular","ascent":75.9994506835938}]},"layers":[{"ddd":0,"ind":1,"ty":5,"nm":"body_text","sr":1,"ks":{"o":{"a":1,"k":[{"i":{"x":[0.833],"y":[0.833]},"o":{"x":[0.167],"y":[0.167]},"t":30,"s":[0]},{"t":45,"s":[100]}],"ix":11},"r":{"a":0,"k":0,"ix":10},"p":{"a":1,"k":[{"i":{"x":0.833,"y":0.833},"o":{"x":0.167,"y":0.167},"t":0,"s":[154,262,0],"to":[2.102,0,0],"ti":[-4.66,0,0]},{"i":{"x":0.833,"y":0.833},"o":{"x":0.167,"y":0.167},"t":14,"s":[143.328,262,0],"to":[2.73,0,0],"ti":[-4.494,0,0]},{"i":{"x":0.833,"y":0.833},"o":{"x":0.167,"y":0.167},"t":30,"s":[154,262,0],"to":[12.167,0,0],"ti":[-8.833,0,0]},{"t":45,"s":[207,262,0]}],"ix":2},"a":{"a":0,"k":[0,0,0],"ix":1},"s":{"a":0,"k":[100,100,100],"ix":6}},"ao":0,"t":{"d":{"k":[{"s":{"s":23,"f":"OpenSans","t":"records containing\rsensitive information\rwere compromised\rin 2015","j":0,"tr":30,"lh":27.6000003814697,"ls":0,"fc":[1,1,1]},"t":0}]},"p":{},"m":{"g":1,"a":{"a":0,"k":[0,0],"ix":2}},"a":[]},"ip":0,"op":1800,"st":0,"bm":0},{"ddd":0,"ind":2,"ty":5,"nm":"title_text","sr":1,"ks":{"o":{"a":1,"k":[{"i":{"x":[0.833],"y":[0.833]},"o":{"x":[0.167],"y":[0.167]},"t":30,"s":[0]},{"t":45,"s":[100]}],"ix":11},"r":{"a":0,"k":0,"ix":10},"p":{"a":1,"k":[{"i":{"x":0.833,"y":0.833},"o":{"x":0.167,"y":0.167},"t":0,"s":[142.729,230,0],"to":[2.102,0,0],"ti":[-4.66,0,0]},{"i":{"x":0.833,"y":0.833},"o":{"x":0.167,"y":0.167},"t":14,"s":[132.057,230,0],"to":[2.73,0,0],"ti":[-4.494,0,0]},{"i":{"x":0.833,"y":0.833},"o":{"x":0.167,"y":0.167},"t":30,"s":[142.729,230,0],"to":[12.167,0,0],"ti":[-8.833,0,0]},{"t":45,"s":[195.729,230,0]}],"ix":2},"a":{"a":0,"k":[0,0,0],"ix":1},"s":{"a":0,"k":[100,100,100],"ix":6}},"ao":0,"t":{"d":{"k":[{"s":{"s":106,"f":"BebasNeue","t":"159M+","j":0,"tr":30,"lh":127.2,"ls":0,"fc":[0.133,0.784,0.871]},"t":0}]},"p":{},"m":{"g":1,"a":{"a":0,"k":[0,0],"ix":2}},"a":[]},"ip":0,"op":1800,"st":0,"bm":0},{"ddd":0,"ind":3,"ty":4,"nm":"sheet_top Outlines","sr":1,"ks":{"o":{"a":0,"k":100,"ix":11},"r":{"a":0,"k":0,"ix":10},"p":{"a":1,"k":[{"i":{"x":0.667,"y":1},"o":{"x":0.333,"y":0},"t":0,"s":[110,590.18,0],"to":[0,-57.28,0],"ti":[0,57.28,0]},{"i":{"x":0.667,"y":0.667},"o":{"x":0.167,"y":0.167},"t":14,"s":[110,246.5,0],"to":[0,0,0],"ti":[0,0,0]},{"i":{"x":0.667,"y":1},"o":{"x":0.167,"y":0},"t":30,"s":[110,246.5,0],"to":[-3.167,-3.25,0],"ti":[3.167,3.25,0]},{"t":45,"s":[91,227,0]}],"ix":2},"a":{"a":0,"k":[28.944,53.458,0],"ix":1},"s":{"a":0,"k":[150,150,100],"ix":6}},"ao":0,"shapes":[{"ty":"gr","it":[{"ind":0,"ty":"sh","ix":1,"ks":{"a":0,"k":{"i":[[0,0],[0,0]],"o":[[0,0],[0,0]],"v":[[8.983,99.48],[48.969,99.48]],"c":false},"ix":2},"nm":"Path 1","mn":"ADBE Vector Shape - Group","hd":false},{"ty":"st","c":{"a":0,"k":[0.898000021542,0.365000017952,0.118000000598,1],"ix":3},"o":{"a":0,"k":100,"ix":4},"w":{"a":0,"k":1,"ix":5},"lc":1,"lj":1,"ml":4,"bm":0,"nm":"Stroke 1","mn":"ADBE Vector Graphic - Stroke","hd":false},{"ty":"tr","p":{"a":0,"k":[0,0],"ix":2},"a":{"a":0,"k":[0,0],"ix":1},"s":{"a":0,"k":[100,100],"ix":3},"r":{"a":0,"k":0,"ix":6},"o":{"a":0,"k":100,"ix":7},"sk":{"a":0,"k":0,"ix":4},"sa":{"a":0,"k":0,"ix":5},"nm":"Transform"}],"nm":"Group 1","np":2,"cix":2,"bm":0,"ix":1,"mn":"ADBE Vector Group","hd":false},{"ty":"gr","it":[{"ind":0,"ty":"sh","ix":1,"ks":{"a":0,"k":{"i":[[0,0],[0,0]],"o":[[0,0],[0,0]],"v":[[8.983,92.826],[48.969,92.826]],"c":false},"ix":2},"nm":"Path 1","mn":"ADBE Vector Shape - Group","hd":false},{"ty":"st","c":{"a":0,"k":[0.898000021542,0.365000017952,0.118000000598,1],"ix":3},"o":{"a":0,"k":100,"ix":4},"w":{"a":0,"k":1,"ix":5},"lc":1,"lj":1,"ml":4,"bm":0,"nm":"Stroke 1","mn":"ADBE Vector Graphic - Stroke","hd":false},{"ty":"tr","p":{"a":0,"k":[0,0],"ix":2},"a":{"a":0,"k":[0,0],"ix":1},"s":{"a":0,"k":[100,100],"ix":3},"r":{"a":0,"k":0,"ix":6},"o":{"a":0,"k":100,"ix":7},"sk":{"a":0,"k":0,"ix":4},"sa":{"a":0,"k":0,"ix":5},"nm":"Transform"}],"nm":"Group 2","np":2,"cix":2,"bm":0,"ix":2,"mn":"ADBE Vector Group","hd":false},{"ty":"gr","it":[{"ind":0,"ty":"sh","ix":1,"ks":{"a":0,"k":{"i":[[0,0],[0,0]],"o":[[0,0],[0,0]],"v":[[8.983,86.172],[48.969,86.172]],"c":false},"ix":2},"nm":"Path 1","mn":"ADBE Vector Shape - Group","hd":false},{"ty":"st","c":{"a":0,"k":[0.898000021542,0.365000017952,0.118000000598,1],"ix":3},"o":{"a":0,"k":100,"ix":4},"w":{"a":0,"k":1,"ix":5},"lc":1,"lj":1,"ml":4,"bm":0,"nm":"Stroke 1","mn":"ADBE Vector Graphic - Stroke","hd":false},{"ty":"tr","p":{"a":0,"k":[0,0],"ix":2},"a":{"a":0,"k":[0,0],"ix":1},"s":{"a":0,"k":[100,100],"ix":3},"r":{"a":0,"k":0,"ix":6},"o":{"a":0,"k":100,"ix":7},"sk":{"a":0,"k":0,"ix":4},"sa":{"a":0,"k":0,"ix":5},"nm":"Transform"}],"nm":"Group 3","np":2,"cix":2,"bm":0,"ix":3,"mn":"ADBE Vector Group","hd":false},{"ty":"gr","it":[{"ind":0,"ty":"sh","ix":1,"ks":{"a":0,"k":{"i":[[0,0],[0,0]],"o":[[0,0],[0,0]],"v":[[8.983,79.519],[48.969,79.519]],"c":false},"ix":2},"nm":"Path 1","mn":"ADBE Vector Shape - Group","hd":false},{"ty":"st","c":{"a":0,"k":[0.898000021542,0.365000017952,0.118000000598,1],"ix":3},"o":{"a":0,"k":100,"ix":4},"w":{"a":0,"k":1,"ix":5},"lc":1,"lj":1,"ml":4,"bm":0,"nm":"Stroke 1","mn":"ADBE Vector Graphic - Stroke","hd":false},{"ty":"tr","p":{"a":0,"k":[0,0],"ix":2},"a":{"a":0,"k":[0,0],"ix":1},"s":{"a":0,"k":[100,100],"ix":3},"r":{"a":0,"k":0,"ix":6},"o":{"a":0,"k":100,"ix":7},"sk":{"a":0,"k":0,"ix":4},"sa":{"a":0,"k":0,"ix":5},"nm":"Transform"}],"nm":"Group 4","np":2,"cix":2,"bm":0,"ix":4,"mn":"ADBE Vector Group","hd":false},{"ty":"gr","it":[{"ind":0,"ty":"sh","ix":1,"ks":{"a":0,"k":{"i":[[0,0],[0,0]],"o":[[0,0],[0,0]],"v":[[8.983,72.865],[48.969,72.865]],"c":false},"ix":2},"nm":"Path 1","mn":"ADBE Vector Shape - Group","hd":false},{"ty":"st","c":{"a":0,"k":[0.898000021542,0.365000017952,0.118000000598,1],"ix":3},"o":{"a":0,"k":100,"ix":4},"w":{"a":0,"k":1,"ix":5},"lc":1,"lj":1,"ml":4,"bm":0,"nm":"Stroke 1","mn":"ADBE Vector Graphic - Stroke","hd":false},{"ty":"tr","p":{"a":0,"k":[0,0],"ix":2},"a":{"a":0,"k":[0,0],"ix":1},"s":{"a":0,"k":[100,100],"ix":3},"r":{"a":0,"k":0,"ix":6},"o":{"a":0,"k":100,"ix":7},"sk":{"a":0,"k":0,"ix":4},"sa":{"a":0,"k":0,"ix":5},"nm":"Transform"}],"nm":"Group 5","np":2,"cix":2,"bm":0,"ix":5,"mn":"ADBE Vector Group","hd":false},{"ty":"gr","it":[{"ind":0,"ty":"sh","ix":1,"ks":{"a":0,"k":{"i":[[0,0],[0,0]],"o":[[0,0],[0,0]],"v":[[8.983,66.211],[48.969,66.211]],"c":false},"ix":2},"nm":"Path 1","mn":"ADBE Vector Shape - Group","hd":false},{"ty":"st","c":{"a":0,"k":[0.898000021542,0.365000017952,0.118000000598,1],"ix":3},"o":{"a":0,"k":100,"ix":4},"w":{"a":0,"k":1,"ix":5},"lc":1,"lj":1,"ml":4,"bm":0,"nm":"Stroke 1","mn":"ADBE Vector Graphic - Stroke","hd":false},{"ty":"tr","p":{"a":0,"k":[0,0],"ix":2},"a":{"a":0,"k":[0,0],"ix":1},"s":{"a":0,"k":[100,100],"ix":3},"r":{"a":0,"k":0,"ix":6},"o":{"a":0,"k":100,"ix":7},"sk":{"a":0,"k":0,"ix":4},"sa":{"a":0,"k":0,"ix":5},"nm":"Transform"}],"nm":"Group 6","np":2,"cix":2,"bm":0,"ix":6,"mn":"ADBE Vector Group","hd":false},{"ty":"gr","it":[{"ind":0,"ty":"sh","ix":1,"ks":{"a":0,"k":{"i":[[0,0],[0,0]],"o":[[0,0],[0,0]],"v":[[8.983,59.557],[48.969,59.557]],"c":false},"ix":2},"nm":"Path 1","mn":"ADBE Vector Shape - Group","hd":false},{"ty":"st","c":{"a":0,"k":[0.898000021542,0.365000017952,0.118000000598,1],"ix":3},"o":{"a":0,"k":100,"ix":4},"w":{"a":0,"k":1,"ix":5},"lc":1,"lj":1,"ml":4,"bm":0,"nm":"Stroke 1","mn":"ADBE Vector Graphic - Stroke","hd":false},{"ty":"tr","p":{"a":0,"k":[0,0],"ix":2},"a":{"a":0,"k":[0,0],"ix":1},"s":{"a":0,"k":[100,100],"ix":3},"r":{"a":0,"k":0,"ix":6},"o":{"a":0,"k":100,"ix":7},"sk":{"a":0,"k":0,"ix":4},"sa":{"a":0,"k":0,"ix":5},"nm":"Transform"}],"nm":"Group 7","np":2,"cix":2,"bm":0,"ix":7,"mn":"ADBE Vector Group","hd":false},{"ty":"gr","it":[{"ind":0,"ty":"sh","ix":1,"ks":{"a":0,"k":{"i":[[0,0],[0,0]],"o":[[0,0],[0,0]],"v":[[8.983,52.904],[48.969,52.904]],"c":false},"ix":2},"nm":"Path 1","mn":"ADBE Vector Shape - Group","hd":false},{"ty":"st","c":{"a":0,"k":[0.898000021542,0.365000017952,0.118000000598,1],"ix":3},"o":{"a":0,"k":100,"ix":4},"w":{"a":0,"k":1,"ix":5},"lc":1,"lj":1,"ml":4,"bm":0,"nm":"Stroke 1","mn":"ADBE Vector Graphic - Stroke","hd":false},{"ty":"tr","p":{"a":0,"k":[0,0],"ix":2},"a":{"a":0,"k":[0,0],"ix":1},"s":{"a":0,"k":[100,100],"ix":3},"r":{"a":0,"k":0,"ix":6},"o":{"a":0,"k":100,"ix":7},"sk":{"a":0,"k":0,"ix":4},"sa":{"a":0,"k":0,"ix":5},"nm":"Transform"}],"nm":"Group 8","np":2,"cix":2,"bm":0,"ix":8,"mn":"ADBE Vector Group","hd":false},{"ty":"gr","it":[{"ind":0,"ty":"sh","ix":1,"ks":{"a":0,"k":{"i":[[0,0],[0,0]],"o":[[0,0],[0,0]],"v":[[8.983,46.249],[48.969,46.249]],"c":false},"ix":2},"nm":"Path 1","mn":"ADBE Vector Shape - Group","hd":false},{"ty":"st","c":{"a":0,"k":[0.898000021542,0.365000017952,0.118000000598,1],"ix":3},"o":{"a":0,"k":100,"ix":4},"w":{"a":0,"k":1,"ix":5},"lc":1,"lj":1,"ml":4,"bm":0,"nm":"Stroke 1","mn":"ADBE Vector Graphic - Stroke","hd":false},{"ty":"tr","p":{"a":0,"k":[0,0],"ix":2},"a":{"a":0,"k":[0,0],"ix":1},"s":{"a":0,"k":[100,100],"ix":3},"r":{"a":0,"k":0,"ix":6},"o":{"a":0,"k":100,"ix":7},"sk":{"a":0,"k":0,"ix":4},"sa":{"a":0,"k":0,"ix":5},"nm":"Transform"}],"nm":"Group 9","np":2,"cix":2,"bm":0,"ix":9,"mn":"ADBE Vector Group","hd":false},{"ty":"gr","it":[{"ind":0,"ty":"sh","ix":1,"ks":{"a":0,"k":{"i":[[0,0],[0,0]],"o":[[0,0],[0,0]],"v":[[8.983,39.597],[48.969,39.597]],"c":false},"ix":2},"nm":"Path 1","mn":"ADBE Vector Shape - Group","hd":false},{"ty":"st","c":{"a":0,"k":[0.898000021542,0.365000017952,0.118000000598,1],"ix":3},"o":{"a":0,"k":100,"ix":4},"w":{"a":0,"k":1,"ix":5},"lc":1,"lj":1,"ml":4,"bm":0,"nm":"Stroke 1","mn":"ADBE Vector Graphic - Stroke","hd":false},{"ty":"tr","p":{"a":0,"k":[0,0],"ix":2},"a":{"a":0,"k":[0,0],"ix":1},"s":{"a":0,"k":[100,100],"ix":3},"r":{"a":0,"k":0,"ix":6},"o":{"a":0,"k":100,"ix":7},"sk":{"a":0,"k":0,"ix":4},"sa":{"a":0,"k":0,"ix":5},"nm":"Transform"}],"nm":"Group 10","np":2,"cix":2,"bm":0,"ix":10,"mn":"ADBE Vector Group","hd":false},{"ty":"gr","it":[{"ind":0,"ty":"sh","ix":1,"ks":{"a":0,"k":{"i":[[0,0],[0,0]],"o":[[0,0],[0,0]],"v":[[8.983,32.942],[48.969,32.942]],"c":false},"ix":2},"nm":"Path 1","mn":"ADBE Vector Shape - Group","hd":false},{"ty":"st","c":{"a":0,"k":[0.898000021542,0.365000017952,0.118000000598,1],"ix":3},"o":{"a":0,"k":100,"ix":4},"w":{"a":0,"k":1,"ix":5},"lc":1,"lj":1,"ml":4,"bm":0,"nm":"Stroke 1","mn":"ADBE Vector Graphic - Stroke","hd":false},{"ty":"tr","p":{"a":0,"k":[0,0],"ix":2},"a":{"a":0,"k":[0,0],"ix":1},"s":{"a":0,"k":[100,100],"ix":3},"r":{"a":0,"k":0,"ix":6},"o":{"a":0,"k":100,"ix":7},"sk":{"a":0,"k":0,"ix":4},"sa":{"a":0,"k":0,"ix":5},"nm":"Transform"}],"nm":"Group 11","np":2,"cix":2,"bm":0,"ix":11,"mn":"ADBE Vector Group","hd":false},{"ty":"gr","it":[{"ind":0,"ty":"sh","ix":1,"ks":{"a":0,"k":{"i":[[0,0],[0,0]],"o":[[0,0],[0,0]],"v":[[8.983,27.12],[39.756,27.12]],"c":false},"ix":2},"nm":"Path 1","mn":"ADBE Vector Shape - Group","hd":false},{"ty":"st","c":{"a":0,"k":[0.898000021542,0.365000017952,0.118000000598,1],"ix":3},"o":{"a":0,"k":100,"ix":4},"w":{"a":0,"k":1,"ix":5},"lc":1,"lj":1,"ml":4,"bm":0,"nm":"Stroke 1","mn":"ADBE Vector Graphic - Stroke","hd":false},{"ty":"tr","p":{"a":0,"k":[0,0],"ix":2},"a":{"a":0,"k":[0,0],"ix":1},"s":{"a":0,"k":[100,100],"ix":3},"r":{"a":0,"k":0,"ix":6},"o":{"a":0,"k":100,"ix":7},"sk":{"a":0,"k":0,"ix":4},"sa":{"a":0,"k":0,"ix":5},"nm":"Transform"}],"nm":"Group 12","np":2,"cix":2,"bm":0,"ix":12,"mn":"ADBE Vector Group","hd":false},{"ty":"gr","it":[{"ind":0,"ty":"sh","ix":1,"ks":{"a":0,"k":{"i":[[0,0],[0,0]],"o":[[0,0],[0,0]],"v":[[8.983,21.298],[39.756,21.298]],"c":false},"ix":2},"nm":"Path 1","mn":"ADBE Vector Shape - Group","hd":false},{"ty":"st","c":{"a":0,"k":[0.898000021542,0.365000017952,0.118000000598,1],"ix":3},"o":{"a":0,"k":100,"ix":4},"w":{"a":0,"k":1,"ix":5},"lc":1,"lj":1,"ml":4,"bm":0,"nm":"Stroke 1","mn":"ADBE Vector Graphic - Stroke","hd":false},{"ty":"tr","p":{"a":0,"k":[0,0],"ix":2},"a":{"a":0,"k":[0,0],"ix":1},"s":{"a":0,"k":[100,100],"ix":3},"r":{"a":0,"k":0,"ix":6},"o":{"a":0,"k":100,"ix":7},"sk":{"a":0,"k":0,"ix":4},"sa":{"a":0,"k":0,"ix":5},"nm":"Transform"}],"nm":"Group 13","np":2,"cix":2,"bm":0,"ix":13,"mn":"ADBE Vector Group","hd":false},{"ty":"gr","it":[{"ind":0,"ty":"sh","ix":1,"ks":{"a":0,"k":{"i":[[0,0],[0,0],[0,0],[0,0]],"o":[[0,0],[0,0],[0,0],[0,0]],"v":[[-2.606,12.892],[2.605,12.892],[2.605,8.484],[-2.606,8.484]],"c":true},"ix":2},"nm":"Path 1","mn":"ADBE Vector Shape - Group","hd":false},{"ind":1,"ty":"sh","ix":2,"ks":{"a":0,"k":{"i":[[0,0]],"o":[[0,0]],"v":[[-2.606,8.483]],"c":false},"ix":2},"nm":"Path 2","mn":"ADBE Vector Shape - Group","hd":false},{"ind":2,"ty":"sh","ix":3,"ks":{"a":0,"k":{"i":[[0,0],[0,0],[0,0],[0,0],[0,0],[0,0]],"o":[[0,0],[0,0],[0,0],[0,0],[0,0],[0,0]],"v":[[2.659,6.445],[3.567,-4.076],[3.567,-12.892],[-3.567,-12.892],[-3.567,-4.076],[-2.66,6.445]],"c":true},"ix":2},"nm":"Path 3","mn":"ADBE Vector Shape - Group","hd":false},{"ty":"mm","mm":1,"nm":"Merge Paths 1","mn":"ADBE Vector Filter - Merge","hd":false},{"ty":"st","c":{"a":0,"k":[0.109999997008,0.109999997008,0.109999997008,1],"ix":3},"o":{"a":0,"k":100,"ix":4},"w":{"a":0,"k":3,"ix":5},"lc":1,"lj":1,"ml":4,"bm":0,"nm":"Stroke 1","mn":"ADBE Vector Graphic - Stroke","hd":false},{"ty":"fl","c":{"a":0,"k":[0.898000021542,0.365000017952,0.118000000598,1],"ix":4},"o":{"a":0,"k":100,"ix":5},"r":1,"bm":0,"nm":"Fill 1","mn":"ADBE Vector Graphic - Fill","hd":false},{"ty":"tr","p":{"a":0,"k":[45.403,15.892],"ix":2},"a":{"a":0,"k":[0,0],"ix":1},"s":{"a":0,"k":[100,100],"ix":3},"r":{"a":0,"k":0,"ix":6},"o":{"a":0,"k":100,"ix":7},"sk":{"a":0,"k":0,"ix":4},"sa":{"a":0,"k":0,"ix":5},"nm":"Transform"}],"nm":"Group 14","np":6,"cix":2,"bm":0,"ix":14,"mn":"ADBE Vector Group","hd":false},{"ty":"gr","it":[{"ind":0,"ty":"sh","ix":1,"ks":{"a":0,"k":{"i":[[0,0],[0,0],[0,0],[0,0]],"o":[[0,0],[0,0],[0,0],[0,0]],"v":[[-28.194,-45.927],[28.194,-45.927],[28.194,45.927],[-28.194,45.927]],"c":true},"ix":2},"nm":"Path 1","mn":"ADBE Vector Shape - Group","hd":false},{"ty":"st","c":{"a":0,"k":[0.125,0.8,0.877999997606,1],"ix":3},"o":{"a":0,"k":100,"ix":4},"w":{"a":0,"k":1,"ix":5},"lc":1,"lj":1,"ml":4,"bm":0,"nm":"Stroke 1","mn":"ADBE Vector Graphic - Stroke","hd":false},{"ty":"tr","p":{"a":0,"k":[28.944,60.239],"ix":2},"a":{"a":0,"k":[0,0],"ix":1},"s":{"a":0,"k":[100,100],"ix":3},"r":{"a":0,"k":0,"ix":6},"o":{"a":0,"k":100,"ix":7},"sk":{"a":0,"k":0,"ix":4},"sa":{"a":0,"k":0,"ix":5},"nm":"Transform"}],"nm":"Group 15","np":2,"cix":2,"bm":0,"ix":15,"mn":"ADBE Vector Group","hd":false},{"ty":"gr","it":[{"ind":0,"ty":"sh","ix":1,"ks":{"a":0,"k":{"i":[[0,0],[0,0],[0,0],[0,0]],"o":[[0,0],[0,0],[0,0],[0,0]],"v":[[-28.694,-46.427],[28.694,-46.427],[28.694,46.427],[-28.694,46.427]],"c":true},"ix":2},"nm":"Path 1","mn":"ADBE Vector Shape - Group","hd":false},{"ty":"fl","c":{"a":0,"k":[0.109999997008,0.109999997008,0.109999997008,1],"ix":4},"o":{"a":0,"k":100,"ix":5},"r":1,"bm":0,"nm":"Fill 1","mn":"ADBE Vector Graphic - Fill","hd":false},{"ty":"tr","p":{"a":0,"k":[28.944,60.239],"ix":2},"a":{"a":0,"k":[0,0],"ix":1},"s":{"a":0,"k":[100,100],"ix":3},"r":{"a":0,"k":0,"ix":6},"o":{"a":0,"k":100,"ix":7},"sk":{"a":0,"k":0,"ix":4},"sa":{"a":0,"k":0,"ix":5},"nm":"Transform"}],"nm":"Group 16","np":2,"cix":2,"bm":0,"ix":16,"mn":"ADBE Vector Group","hd":false}],"ip":0,"op":1800,"st":0,"bm":0},{"ddd":0,"ind":4,"ty":4,"nm":"sheet_03 Outlines","sr":1,"ks":{"o":{"a":0,"k":100,"ix":11},"r":{"a":0,"k":0,"ix":10},"p":{"a":1,"k":[{"i":{"x":0.667,"y":1},"o":{"x":0.333,"y":0},"t":0,"s":[110,597.055,0],"to":[0,-56.842,0],"ti":[0,56.842,0]},{"i":{"x":0.667,"y":0.667},"o":{"x":0.167,"y":0.167},"t":14,"s":[110,256,0],"to":[0,0,0],"ti":[0,0,0]},{"i":{"x":0.667,"y":1},"o":{"x":0.167,"y":0},"t":30,"s":[110,256,0],"to":[-1.083,-1.25,0],"ti":[1.083,1.25,0]},{"t":45,"s":[103.5,248.5,0]}],"ix":2},"a":{"a":0,"k":[28.944,46.677,0],"ix":1},"s":{"a":0,"k":[150,150,100],"ix":6}},"ao":0,"shapes":[{"ty":"gr","it":[{"ind":0,"ty":"sh","ix":1,"ks":{"a":0,"k":{"i":[[0,0],[0,0],[0,0],[0,0]],"o":[[0,0],[0,0],[0,0],[0,0]],"v":[[-28.194,-45.927],[28.194,-45.927],[28.194,45.927],[-28.194,45.927]],"c":true},"ix":2},"nm":"Path 1","mn":"ADBE Vector Shape - Group","hd":false},{"ty":"st","c":{"a":0,"k":[0.898000021542,0.365000017952,0.118000000598,1],"ix":3},"o":{"a":0,"k":100,"ix":4},"w":{"a":0,"k":1,"ix":5},"lc":1,"lj":1,"ml":4,"bm":0,"nm":"Stroke 1","mn":"ADBE Vector Graphic - Stroke","hd":false},{"ty":"tr","p":{"a":0,"k":[28.944,46.677],"ix":2},"a":{"a":0,"k":[0,0],"ix":1},"s":{"a":0,"k":[100,100],"ix":3},"r":{"a":0,"k":0,"ix":6},"o":{"a":0,"k":100,"ix":7},"sk":{"a":0,"k":0,"ix":4},"sa":{"a":0,"k":0,"ix":5},"nm":"Transform"}],"nm":"Group 1","np":2,"cix":2,"bm":0,"ix":1,"mn":"ADBE Vector Group","hd":false},{"ty":"gr","it":[{"ind":0,"ty":"sh","ix":1,"ks":{"a":0,"k":{"i":[[0,0],[0,0],[0,0],[0,0]],"o":[[0,0],[0,0],[0,0],[0,0]],"v":[[-28.694,-46.427],[28.694,-46.427],[28.694,46.427],[-28.694,46.427]],"c":true},"ix":2},"nm":"Path 1","mn":"ADBE Vector Shape - Group","hd":false},{"ty":"fl","c":{"a":0,"k":[0.109999997008,0.109999997008,0.109999997008,1],"ix":4},"o":{"a":0,"k":100,"ix":5},"r":1,"bm":0,"nm":"Fill 1","mn":"ADBE Vector Graphic - Fill","hd":false},{"ty":"tr","p":{"a":0,"k":[28.944,46.677],"ix":2},"a":{"a":0,"k":[0,0],"ix":1},"s":{"a":0,"k":[100,100],"ix":3},"r":{"a":0,"k":0,"ix":6},"o":{"a":0,"k":100,"ix":7},"sk":{"a":0,"k":0,"ix":4},"sa":{"a":0,"k":0,"ix":5},"nm":"Transform"}],"nm":"Group 2","np":2,"cix":2,"bm":0,"ix":2,"mn":"ADBE Vector Group","hd":false}],"ip":0,"op":1800,"st":0,"bm":0},{"ddd":0,"ind":5,"ty":4,"nm":"sheet_02 Outlines","sr":1,"ks":{"o":{"a":0,"k":100,"ix":11},"r":{"a":0,"k":0,"ix":10},"p":{"a":1,"k":[{"i":{"x":0.667,"y":1},"o":{"x":0.333,"y":0},"t":0,"s":[110,597.055,0],"to":[0,-56.842,0],"ti":[0,56.842,0]},{"i":{"x":0.667,"y":0.667},"o":{"x":0.167,"y":0.167},"t":14,"s":[110,256,0],"to":[0,0,0],"ti":[0,0,0]},{"i":{"x":0.667,"y":1},"o":{"x":0.167,"y":0},"t":30,"s":[110,256,0],"to":[0.708,0.542,0],"ti":[-0.708,-0.542,0]},{"t":45,"s":[114.25,259.25,0]}],"ix":2},"a":{"a":0,"k":[28.944,46.677,0],"ix":1},"s":{"a":0,"k":[150,150,100],"ix":6}},"ao":0,"shapes":[{"ty":"gr","it":[{"ind":0,"ty":"sh","ix":1,"ks":{"a":0,"k":{"i":[[0,0],[0,0],[0,0],[0,0]],"o":[[0,0],[0,0],[0,0],[0,0]],"v":[[-28.194,-45.927],[28.194,-45.927],[28.194,45.927],[-28.194,45.927]],"c":true},"ix":2},"nm":"Path 1","mn":"ADBE Vector Shape - Group","hd":false},{"ty":"st","c":{"a":0,"k":[0.898000021542,0.365000017952,0.118000000598,1],"ix":3},"o":{"a":0,"k":100,"ix":4},"w":{"a":0,"k":1,"ix":5},"lc":1,"lj":1,"ml":4,"bm":0,"nm":"Stroke 1","mn":"ADBE Vector Graphic - Stroke","hd":false},{"ty":"tr","p":{"a":0,"k":[28.944,46.677],"ix":2},"a":{"a":0,"k":[0,0],"ix":1},"s":{"a":0,"k":[100,100],"ix":3},"r":{"a":0,"k":0,"ix":6},"o":{"a":0,"k":100,"ix":7},"sk":{"a":0,"k":0,"ix":4},"sa":{"a":0,"k":0,"ix":5},"nm":"Transform"}],"nm":"Group 1","np":2,"cix":2,"bm":0,"ix":1,"mn":"ADBE Vector Group","hd":false},{"ty":"gr","it":[{"ind":0,"ty":"sh","ix":1,"ks":{"a":0,"k":{"i":[[0,0],[0,0],[0,0],[0,0]],"o":[[0,0],[0,0],[0,0],[0,0]],"v":[[-28.694,-46.427],[28.694,-46.427],[28.694,46.427],[-28.694,46.427]],"c":true},"ix":2},"nm":"Path 1","mn":"ADBE Vector Shape - Group","hd":false},{"ty":"fl","c":{"a":0,"k":[0.109999997008,0.109999997008,0.109999997008,1],"ix":4},"o":{"a":0,"k":100,"ix":5},"r":1,"bm":0,"nm":"Fill 1","mn":"ADBE Vector Graphic - Fill","hd":false},{"ty":"tr","p":{"a":0,"k":[28.944,46.677],"ix":2},"a":{"a":0,"k":[0,0],"ix":1},"s":{"a":0,"k":[100,100],"ix":3},"r":{"a":0,"k":0,"ix":6},"o":{"a":0,"k":100,"ix":7},"sk":{"a":0,"k":0,"ix":4},"sa":{"a":0,"k":0,"ix":5},"nm":"Transform"}],"nm":"Group 2","np":2,"cix":2,"bm":0,"ix":2,"mn":"ADBE Vector Group","hd":false}],"ip":0,"op":1800,"st":0,"bm":0},{"ddd":0,"ind":6,"ty":4,"nm":"sheet_01 Outlines","sr":1,"ks":{"o":{"a":0,"k":100,"ix":11},"r":{"a":0,"k":0,"ix":10},"p":{"a":1,"k":[{"i":{"x":0.667,"y":1},"o":{"x":0.333,"y":0},"t":0,"s":[110,597.055,0],"to":[0,-56.842,0],"ti":[0,56.842,0]},{"i":{"x":0.667,"y":0.667},"o":{"x":0.167,"y":0.167},"t":14,"s":[110,256,0],"to":[0,0,0],"ti":[0,0,0]},{"i":{"x":0.667,"y":1},"o":{"x":0.167,"y":0},"t":30,"s":[110,256,0],"to":[2.583,2.333,0],"ti":[-2.583,-2.333,0]},{"t":45,"s":[125.5,270,0]}],"ix":2},"a":{"a":0,"k":[28.944,46.677,0],"ix":1},"s":{"a":0,"k":[150,150,100],"ix":6}},"ao":0,"shapes":[{"ty":"gr","it":[{"ind":0,"ty":"sh","ix":1,"ks":{"a":0,"k":{"i":[[0,0],[0,0],[0,0],[0,0]],"o":[[0,0],[0,0],[0,0],[0,0]],"v":[[-28.194,-45.927],[28.194,-45.927],[28.194,45.927],[-28.194,45.927]],"c":true},"ix":2},"nm":"Path 1","mn":"ADBE Vector Shape - Group","hd":false},{"ty":"st","c":{"a":0,"k":[0.898000021542,0.365000017952,0.118000000598,1],"ix":3},"o":{"a":0,"k":100,"ix":4},"w":{"a":0,"k":1,"ix":5},"lc":1,"lj":1,"ml":4,"bm":0,"nm":"Stroke 1","mn":"ADBE Vector Graphic - Stroke","hd":false},{"ty":"tr","p":{"a":0,"k":[28.944,46.677],"ix":2},"a":{"a":0,"k":[0,0],"ix":1},"s":{"a":0,"k":[100,100],"ix":3},"r":{"a":0,"k":0,"ix":6},"o":{"a":0,"k":100,"ix":7},"sk":{"a":0,"k":0,"ix":4},"sa":{"a":0,"k":0,"ix":5},"nm":"Transform"}],"nm":"Group 1","np":2,"cix":2,"bm":0,"ix":1,"mn":"ADBE Vector Group","hd":false},{"ty":"gr","it":[{"ind":0,"ty":"sh","ix":1,"ks":{"a":0,"k":{"i":[[0,0],[0,0],[0,0],[0,0]],"o":[[0,0],[0,0],[0,0],[0,0]],"v":[[-28.694,-46.427],[28.694,-46.427],[28.694,46.427],[-28.694,46.427]],"c":true},"ix":2},"nm":"Path 1","mn":"ADBE Vector Shape - Group","hd":false},{"ty":"fl","c":{"a":0,"k":[0.109999997008,0.109999997008,0.109999997008,1],"ix":4},"o":{"a":0,"k":100,"ix":5},"r":1,"bm":0,"nm":"Fill 1","mn":"ADBE Vector Graphic - Fill","hd":false},{"ty":"tr","p":{"a":0,"k":[28.944,46.677],"ix":2},"a":{"a":0,"k":[0,0],"ix":1},"s":{"a":0,"k":[100,100],"ix":3},"r":{"a":0,"k":0,"ix":6},"o":{"a":0,"k":100,"ix":7},"sk":{"a":0,"k":0,"ix":4},"sa":{"a":0,"k":0,"ix":5},"nm":"Transform"}],"nm":"Group 2","np":2,"cix":2,"bm":0,"ix":2,"mn":"ADBE Vector Group","hd":false}],"ip":0,"op":1800,"st":0,"bm":0}],"markers":[{"tm":14,"cm":"1","dr":0},{"tm":30,"cm":"2","dr":0},{"tm":45,"cm":"3","dr":0}],"chars":[{"ch":"1","size":106,"style":"Regular","w":39.6,"data":{"shapes":[{"ty":"gr","it":[{"ind":0,"ty":"sh","ix":1,"ks":{"a":0,"k":{"i":[[0,0],[0,0],[0,0],[0,0],[0,0],[0,0],[8.56,0]],"o":[[0,0],[0,0],[0,0],[0,0],[0,0],[-1.712,4.733],[0,0]],"v":[[10.876,-53.778],[19.437,-53.778],[19.437,0],[30.515,0],[30.515,-70.496],[23.062,-70.496],[10.876,-61.633]],"c":true},"ix":2},"nm":"1","mn":"ADBE Vector Shape - Group","hd":false}],"nm":"1","np":3,"cix":2,"bm":0,"ix":1,"mn":"ADBE Vector Group","hd":false}]},"fFamily":"Bebas Neue"},{"ch":"5","size":106,"style":"Regular","w":39.6,"data":{"shapes":[{"ty":"gr","it":[{"ind":0,"ty":"sh","ix":1,"ks":{"a":0,"k":{"i":[[0,0],[0,0],[-10.876,0],[0,11.279],[0,0],[8.157,0],[2.014,-3.323],[0,0],[0,0],[0,0],[0,0],[0,0],[0,0],[0,0],[0,0],[-3.525,0],[0,-5.035],[0,0],[3.525,0],[0,5.035],[0,0]],"o":[[0,0],[0,11.279],[10.876,0],[0,0],[0,-10.373],[-4.431,0],[0,0],[0,0],[0,0],[0,0],[0,0],[0,0],[0,0],[0,0],[0,-5.035],[3.525,0],[0,0],[0,5.035],[-3.525,0],[0,0],[0,0]],"v":[[3.525,-22.76],[3.525,-16.919],[20.041,0.806],[36.557,-16.919],[36.557,-32.629],[24.271,-48.743],[14.703,-43.607],[14.502,-43.607],[15.408,-60.425],[34.744,-60.425],[34.744,-70.496],[5.539,-70.496],[3.525,-29.608],[13.998,-29.608],[13.998,-31.723],[19.739,-38.672],[25.479,-31.723],[25.479,-16.214],[19.739,-9.366],[13.998,-16.214],[13.998,-22.76]],"c":true},"ix":2},"nm":"5","mn":"ADBE Vector Shape - Group","hd":false}],"nm":"5","np":3,"cix":2,"bm":0,"ix":1,"mn":"ADBE Vector Group","hd":false}]},"fFamily":"Bebas Neue"},{"ch":"9","size":106,"style":"Regular","w":39.6,"data":{"shapes":[{"ty":"gr","it":[{"ind":0,"ty":"sh","ix":1,"ks":{"a":0,"k":{"i":[[0,0],[10.876,0],[0,-11.279],[0,0],[-8.157,0],[-1.913,4.028],[0,0],[0,0],[3.928,0],[0,5.035],[0,0],[0,0],[0,0],[-10.876,0],[0,11.884]],"o":[[0,-11.279],[-10.876,0],[0,0],[0,10.373],[4.935,0],[0,0],[0,0],[0,6.747],[-3.525,0],[0,0],[0,0],[0,0],[0,11.279],[11.481,0],[0,0]],"v":[[36.557,-53.577],[19.739,-71.301],[2.921,-53.577],[2.921,-40.686],[15.207,-24.573],[25.278,-30.716],[25.479,-30.716],[25.479,-17.926],[19.336,-9.265],[13.596,-16.214],[13.596,-18.732],[3.122,-18.732],[3.122,-16.919],[19.638,0.806],[36.557,-17.523]],"c":true},"ix":2},"nm":"9","mn":"ADBE Vector Shape - Group","hd":false},{"ind":1,"ty":"sh","ix":2,"ks":{"a":0,"k":{"i":[[3.525,0],[0,5.035],[0,0],[-3.525,0],[0,-5.035],[0,0]],"o":[[-3.525,0],[0,0],[0,-5.035],[3.525,0],[0,0],[0,5.035]],"v":[[19.739,-34.644],[13.998,-41.592],[13.998,-54.282],[19.739,-61.13],[25.479,-54.282],[25.479,-41.592]],"c":true},"ix":2},"nm":"9","mn":"ADBE Vector Shape - Group","hd":false}],"nm":"9","np":5,"cix":2,"bm":0,"ix":1,"mn":"ADBE Vector Group","hd":false}]},"fFamily":"Bebas Neue"},{"ch":"M","size":106,"style":"Regular","w":54.1,"data":{"shapes":[{"ty":"gr","it":[{"ind":0,"ty":"sh","ix":1,"ks":{"a":0,"k":{"i":[[0,0],[0,0],[0,0],[0,0],[0,0],[0,0],[0,0],[0,0],[0,0],[0,0],[0,0],[0,0],[0,0],[0,0],[0,0],[0,0]],"o":[[0,0],[0,0],[0,0],[0,0],[0,0],[0,0],[0,0],[0,0],[0,0],[0,0],[0,0],[0,0],[0,0],[0,0],[0,0],[0,0]],"v":[[19.336,-70.496],[3.928,-70.496],[3.928,0],[13.596,0],[13.596,-49.85],[13.797,-49.85],[21.854,0],[32.327,0],[39.78,-50.555],[39.981,-50.555],[39.981,0],[50.455,0],[50.455,-70.496],[35.046,-70.496],[27.594,-20.444],[27.393,-20.444]],"c":true},"ix":2},"nm":"M","mn":"ADBE Vector Shape - Group","hd":false}],"nm":"M","np":3,"cix":2,"bm":0,"ix":1,"mn":"ADBE Vector Group","hd":false}]},"fFamily":"Bebas Neue"},{"ch":"+","size":106,"style":"Regular","w":39.6,"data":{"shapes":[{"ty":"gr","it":[{"ind":0,"ty":"sh","ix":1,"ks":{"a":0,"k":{"i":[[0,0],[0,0],[0,0],[0,0],[0,0],[0,0],[0,0],[0,0],[0,0],[0,0],[0,0],[0,0]],"o":[[0,0],[0,0],[0,0],[0,0],[0,0],[0,0],[0,0],[0,0],[0,0],[0,0],[0,0],[0,0]],"v":[[23.868,-52.771],[16.013,-52.771],[16.013,-39.175],[2.518,-39.175],[2.518,-31.32],[16.013,-31.32],[16.013,-17.523],[23.868,-17.523],[23.868,-31.32],[37.363,-31.32],[37.363,-39.175],[23.868,-39.175]],"c":true},"ix":2},"nm":"+","mn":"ADBE Vector Shape - Group","hd":false}],"nm":"+","np":3,"cix":2,"bm":0,"ix":1,"mn":"ADBE Vector Group","hd":false}]},"fFamily":"Bebas Neue"},{"ch":"r","size":23,"style":"Regular","w":40.82,"data":{"shapes":[{"ty":"gr","it":[{"ind":0,"ty":"sh","ix":1,"ks":{"a":0,"k":{"i":[[2.799,-1.888],[1.985,-3.483],[0,0],[0,0],[0,0],[0,0],[0,0],[0,0],[-3.076,3.516],[-4.33,0],[-2.214,-0.488],[0,0],[2.376,0]],"o":[[-2.8,1.888],[0,0],[0,0],[0,0],[0,0],[0,0],[0,0],[0,-5.241],[3.076,-3.516],[1.692,0],[0,0],[-1.888,-0.391],[-3.353,0]],"v":[[23.779,-51.66],[16.602,-43.604],[16.211,-43.604],[15.283,-53.516],[8.594,-53.516],[8.594,0],[16.699,0],[16.699,-28.711],[21.313,-41.846],[32.422,-47.119],[38.281,-46.387],[39.404,-53.906],[33.008,-54.492]],"c":true},"ix":2},"nm":"r","mn":"ADBE Vector Shape - Group","hd":false}],"nm":"r","np":3,"cix":2,"bm":0,"ix":1,"mn":"ADBE Vector Group","hd":false}]},"fFamily":"Open Sans"},{"ch":"e","size":23,"style":"Regular","w":56.1,"data":{"shapes":[{"ty":"gr","it":[{"ind":0,"ty":"sh","ix":1,"ks":{"a":0,"k":{"i":[[-2.556,0.537],[-2.865,1.237],[0,0],[5.762,0],[3.011,3.255],[0.163,6.283],[0,0],[0,0],[3.906,4.411],[6.705,0],[4.248,-5.078],[0,-8.626],[-4.574,-4.817],[-7.91,0]],"o":[[2.555,-0.537],[0,0],[-5.632,2.409],[-5.469,0],[-3.011,-3.255],[0,0],[0,0],[0,-7.227],[-3.906,-4.411],[-7.162,0],[-4.248,5.078],[0,8.562],[4.573,4.818],[3.613,0]],"v":[[40.454,0.171],[48.584,-2.49],[48.584,-9.717],[31.494,-6.104],[18.774,-10.986],[14.014,-25.293],[50.879,-25.293],[50.879,-30.42],[45.02,-47.876],[29.102,-54.492],[11.987,-46.875],[5.615,-26.318],[12.476,-6.25],[31.201,0.977]],"c":true},"ix":2},"nm":"e","mn":"ADBE Vector Shape - Group","hd":false},{"ind":1,"ty":"sh","ix":2,"ks":{"a":0,"k":{"i":[[-2.279,-2.718],[0,-5.11],[0,0],[-2.556,2.8],[-4.297,0]],"o":[[2.278,2.718],[0,0],[0.455,-4.948],[2.555,-2.799],[4.231,0]],"v":[[38.77,-43.628],[42.188,-31.885],[14.209,-31.885],[18.726,-43.506],[29.004,-47.705]],"c":true},"ix":2},"nm":"e","mn":"ADBE Vector Shape - Group","hd":false}],"nm":"e","np":5,"cix":2,"bm":0,"ix":1,"mn":"ADBE Vector Group","hd":false}]},"fFamily":"Open Sans"},{"ch":"c","size":23,"style":"Regular","w":47.61,"data":{"shapes":[{"ty":"gr","it":[{"ind":0,"ty":"sh","ix":1,"ks":{"a":0,"k":{"i":[[-3.581,1.855],[0,0],[4.459,0],[2.653,3.516],[0,6.576],[-10.873,0],[-2.116,-0.471],[-1.791,-0.716],[0,0],[2.571,0.554],[2.571,0],[4.313,-4.883],[0,-8.952],[-4.248,-4.768],[-7.748,0]],"o":[[0,0],[-4.688,1.921],[-5.209,0],[-2.654,-3.516],[0,-13.867],[1.627,0],[2.116,0.472],[0,0],[-1.465,-0.748],[-2.572,-0.553],[-7.976,0],[-4.314,4.883],[0,8.724],[4.248,4.769],[5.436,0]],"v":[[43.506,-1.807],[43.506,-8.984],[29.785,-6.104],[17.993,-11.377],[14.014,-26.514],[30.322,-47.314],[35.938,-46.606],[41.797,-44.824],[44.287,-51.709],[38.232,-53.662],[30.518,-54.492],[12.085,-47.168],[5.615,-26.416],[11.987,-6.177],[29.98,0.977]],"c":true},"ix":2},"nm":"c","mn":"ADBE Vector Shape - Group","hd":false}],"nm":"c","np":3,"cix":2,"bm":0,"ix":1,"mn":"ADBE Vector Group","hd":false}]},"fFamily":"Open Sans"},{"ch":"o","size":23,"style":"Regular","w":60.4,"data":{"shapes":[{"ty":"gr","it":[{"ind":0,"ty":"sh","ix":1,"ks":{"a":0,"k":{"i":[[4.411,4.98],[7.487,0],[4.362,-4.866],[0,-8.723],[-2.019,-4.199],[-3.711,-2.246],[-4.785,0],[-4.395,4.9],[0,8.724]],"o":[[-4.411,-4.98],[-7.748,0],[-4.362,4.867],[0,5.632],[2.018,4.199],[3.711,2.246],[7.747,0],[4.395,-4.899],[0,-8.496]],"v":[[48.169,-47.021],[30.322,-54.492],[12.158,-47.192],[5.615,-26.807],[8.643,-12.061],[17.236,-2.393],[29.98,0.977],[48.193,-6.372],[54.785,-26.807]],"c":true},"ix":2},"nm":"o","mn":"ADBE Vector Shape - Group","hd":false},{"ind":1,"ty":"sh","ix":2,"ks":{"a":0,"k":{"i":[[-2.702,3.484],[-5.306,0],[-2.751,-3.532],[0,-6.803],[2.75,-3.564],[5.305,0],[2.734,3.581],[0,6.836]],"o":[[2.702,-3.483],[5.371,0],[2.75,3.532],[0,6.869],[-2.751,3.564],[-5.306,0],[-2.734,-3.58],[0,-6.901]],"v":[[18.066,-42.383],[30.078,-47.607],[42.261,-42.31],[46.387,-26.807],[42.261,-11.157],[30.176,-5.811],[18.115,-11.182],[14.014,-26.807]],"c":true},"ix":2},"nm":"o","mn":"ADBE Vector Shape - Group","hd":false}],"nm":"o","np":5,"cix":2,"bm":0,"ix":1,"mn":"ADBE Vector Group","hd":false}]},"fFamily":"Open Sans"},{"ch":"d","size":23,"style":"Regular","w":61.28,"data":{"shapes":[{"ty":"gr","it":[{"ind":0,"ty":"sh","ix":1,"ks":{"a":0,"k":{"i":[[0,0],[0,0],[0,0],[0,0],[0,0],[0,0],[0,0],[0,0],[7.259,0],[3.906,-4.883],[0,-8.821],[-3.89,-4.785],[-6.999,0],[-3.744,5.437],[0,0]],"o":[[0,0],[0,0],[0,0],[0,0],[0,0],[0,0],[0,0],[-3.874,-5.273],[-6.966,0],[-3.906,4.883],[0,8.822],[3.889,4.785],[7.454,0],[0,0],[0,0]],"v":[[46.094,0],[52.686,0],[52.686,-75.977],[44.58,-75.977],[44.58,-54.199],[44.775,-50.439],[45.117,-46.582],[44.482,-46.582],[27.783,-54.492],[11.475,-47.168],[5.615,-26.611],[11.45,-6.201],[27.783,0.977],[44.58,-7.178],[45.02,-7.178]],"c":true},"ix":2},"nm":"d","mn":"ADBE Vector Shape - Group","hd":false},{"ind":1,"ty":"sh","ix":2,"ks":{"a":0,"k":{"i":[[2.506,3.484],[0,6.836],[-2.523,3.695],[-4.753,0],[-2.523,-3.239],[0,-7.584],[0,0],[2.49,-3.011],[5.534,0]],"o":[[-2.507,-3.483],[0,-6.738],[2.522,-3.694],[5.534,0],[2.522,3.239],[0,0],[0,6.706],[-2.49,3.011],[-4.851,0]],"v":[[17.773,-11.035],[14.014,-26.514],[17.798,-42.163],[28.711,-47.705],[40.796,-42.847],[44.58,-26.611],[44.58,-24.902],[40.845,-10.327],[28.809,-5.811]],"c":true},"ix":2},"nm":"d","mn":"ADBE Vector Shape - Group","hd":false}],"nm":"d","np":5,"cix":2,"bm":0,"ix":1,"mn":"ADBE Vector Group","hd":false}]},"fFamily":"Open Sans"},{"ch":"s","size":23,"style":"Regular","w":47.71,"data":{"shapes":[{"ty":"gr","it":[{"ind":0,"ty":"sh","ix":1,"ks":{"a":0,"k":{"i":[[2.229,2.344],[6.348,2.312],[1.627,0.912],[0.732,1.009],[0,1.433],[-1.953,1.205],[-3.841,0],[-5.371,-2.213],[0,0],[5.762,0],[3.548,-2.522],[0,-4.362],[-1.025,-1.758],[-2.1,-1.383],[-4.98,-1.855],[-1.807,-1.481],[0,-2.083],[2.278,-1.35],[4.231,0],[2.946,0.749],[2.571,1.302],[0,0],[-7.097,0],[-3.711,2.702],[0,4.98]],"o":[[-2.23,-2.344],[-4.623,-1.725],[-1.628,-0.911],[-0.732,-1.009],[0,-2.116],[1.953,-1.204],[4.362,0],[0,0],[-5.502,-2.344],[-6.185,0],[-3.548,2.523],[0,2.441],[1.025,1.758],[2.1,1.384],[5.241,2.019],[1.807,1.482],[0,2.767],[-2.279,1.351],[-2.734,0],[-2.946,-0.748],[0,0],[3.971,2.246],[6.705,0],[3.711,-2.702],[0,-3.548]],"v":[[39.771,-23.438],[26.904,-30.42],[17.529,-34.375],[13.989,-37.256],[12.891,-40.918],[15.82,-45.898],[24.512,-47.705],[39.111,-44.385],[41.992,-50.977],[25.098,-54.492],[10.498,-50.708],[5.176,-40.381],[6.714,-34.082],[11.401,-29.37],[22.021,-24.512],[32.593,-19.263],[35.303,-13.916],[31.885,-7.739],[22.119,-5.713],[13.599,-6.836],[5.322,-9.912],[5.322,-2.393],[21.924,0.977],[37.549,-3.076],[43.115,-14.6]],"c":true},"ix":2},"nm":"s","mn":"ADBE Vector Shape - Group","hd":false}],"nm":"s","np":3,"cix":2,"bm":0,"ix":1,"mn":"ADBE Vector Group","hd":false}]},"fFamily":"Open Sans"},{"ch":" ","size":23,"style":"Regular","w":25.98,"data":{},"fFamily":"Open Sans"},{"ch":"n","size":23,"style":"Regular","w":61.38,"data":{"shapes":[{"ty":"gr","it":[{"ind":0,"ty":"sh","ix":1,"ks":{"a":0,"k":{"i":[[0,0],[0,0],[3.255,3.109],[6.445,0],[2.995,-1.448],[1.66,-2.637],[0,0],[0,0],[0,0],[0,0],[0,0],[0,0],[-2.605,3.027],[-5.599,0],[-1.986,-2.148],[0,-4.362],[0,0]],"o":[[0,0],[0,-6.836],[-3.255,-3.108],[-3.679,0],[-2.995,1.449],[0,0],[0,0],[0,0],[0,0],[0,0],[0,0],[0,-6.966],[2.604,-3.027],[4.231,0],[1.985,2.148],[0,0],[0,0]],"v":[[53.32,0],[53.32,-34.912],[48.438,-49.829],[33.887,-54.492],[23.877,-52.319],[16.895,-46.191],[16.504,-46.191],[15.186,-53.516],[8.594,-53.516],[8.594,0],[16.699,0],[16.699,-28.076],[20.605,-43.066],[32.91,-47.607],[42.236,-44.385],[45.215,-34.619],[45.215,0]],"c":true},"ix":2},"nm":"n","mn":"ADBE Vector Shape - Group","hd":false}],"nm":"n","np":3,"cix":2,"bm":0,"ix":1,"mn":"ADBE Vector Group","hd":false}]},"fFamily":"Open Sans"},{"ch":"t","size":23,"style":"Regular","w":35.3,"data":{"shapes":[{"ty":"gr","it":[{"ind":0,"ty":"sh","ix":1,"ks":{"a":0,"k":{"i":[[1.53,1.726],[0,3.223],[0,0],[0,0],[0,0],[0,0],[0,0],[0,0],[0,0],[0,0],[0,0],[0,0],[0,0],[-10.352,0],[-1.709,0.276],[-0.879,0.423],[0,0],[1.334,-0.211],[1.432,0]],"o":[[-1.53,-1.725],[0,0],[0,0],[0,0],[0,0],[0,0],[0,0],[0,0],[0,0],[0,0],[0,0],[0,0],[0,10.905],[1.367,0],[1.709,-0.277],[0,0],[-0.781,0.228],[-1.335,0.212],[-2.67,0]],"v":[[19.58,-8.301],[17.285,-15.723],[17.285,-47.217],[32.813,-47.217],[32.813,-53.516],[17.285,-53.516],[17.285,-65.918],[12.598,-65.918],[9.18,-54.492],[1.514,-51.123],[1.514,-47.217],[9.18,-47.217],[9.18,-15.381],[24.707,0.977],[29.321,0.562],[33.203,-0.488],[33.203,-6.689],[30.029,-6.03],[25.879,-5.713]],"c":true},"ix":2},"nm":"t","mn":"ADBE Vector Shape - Group","hd":false}],"nm":"t","np":3,"cix":2,"bm":0,"ix":1,"mn":"ADBE Vector Group","hd":false}]},"fFamily":"Open Sans"},{"ch":"a","size":23,"style":"Regular","w":55.62,"data":{"shapes":[{"ty":"gr","it":[{"ind":0,"ty":"sh","ix":1,"ks":{"a":0,"k":{"i":[[0,0],[0,0],[3.076,2.832],[6.38,0],[3.141,-0.813],[2.637,-1.432],[0,0],[-4.46,0],[-1.807,-2.002],[0,-4.199],[0,0],[0,0],[0,-10.807],[-3.011,-2.734],[-5.306,0],[-2.654,1.188],[-2.67,3.353],[0,0],[0,0]],"o":[[0,0],[0,-6.25],[-3.076,-2.832],[-3.158,0],[-3.142,0.814],[0,0],[5.631,-2.734],[3.971,0],[1.807,2.002],[0,0],[0,0],[-17.285,0.521],[0,5.046],[3.011,2.734],[3.971,0],[2.653,-1.188],[0,0],[0,0],[0,0]],"v":[[47.51,0],[47.51,-36.523],[42.896,-50.146],[28.711,-54.395],[19.263,-53.174],[10.596,-49.805],[13.086,-43.604],[28.223,-47.705],[36.89,-44.702],[39.6,-35.4],[39.6,-32.08],[30.518,-31.787],[4.59,-14.795],[9.106,-3.125],[21.582,0.977],[31.519,-0.806],[39.502,-7.617],[39.893,-7.617],[41.504,0]],"c":true},"ix":2},"nm":"a","mn":"ADBE Vector Shape - Group","hd":false},{"ind":1,"ty":"sh","ix":2,"ks":{"a":0,"k":{"i":[[1.774,1.53],[0,2.93],[-2.849,1.775],[-6.445,0.228],[0,0],[0,0],[2.881,-2.766],[5.045,0]],"o":[[-1.775,-1.53],[0,-3.743],[2.848,-1.774],[0,0],[0,0],[0,4.98],[-2.881,2.767],[-3.191,0]],"v":[[15.747,-8.008],[13.086,-14.697],[17.358,-22.974],[31.299,-25.977],[39.404,-26.318],[39.404,-21.484],[35.083,-9.863],[23.193,-5.713]],"c":true},"ix":2},"nm":"a","mn":"ADBE Vector Shape - Group","hd":false}],"nm":"a","np":5,"cix":2,"bm":0,"ix":1,"mn":"ADBE Vector Group","hd":false}]},"fFamily":"Open Sans"},{"ch":"i","size":23,"style":"Regular","w":25.29,"data":{"shapes":[{"ty":"gr","it":[{"ind":0,"ty":"sh","ix":1,"ks":{"a":0,"k":{"i":[[0,0],[0,0],[0,0],[0,0]],"o":[[0,0],[0,0],[0,0],[0,0]],"v":[[16.699,-53.516],[8.594,-53.516],[8.594,0],[16.699,0]],"c":true},"ix":2},"nm":"i","mn":"ADBE Vector Shape - Group","hd":false},{"ind":1,"ty":"sh","ix":2,"ks":{"a":0,"k":{"i":[[-0.912,-0.895],[-1.367,0],[-0.945,0.896],[0,1.823],[0.944,0.879],[1.302,0],[0.911,-0.862],[0,-1.855]],"o":[[0.911,0.896],[1.302,0],[0.944,-0.895],[0,-1.823],[-0.945,-0.879],[-1.367,0],[-0.912,0.863],[0,1.823]],"v":[[9.277,-63.94],[12.695,-62.598],[16.064,-63.94],[17.48,-68.018],[16.064,-72.07],[12.695,-73.389],[9.277,-72.095],[7.91,-68.018]],"c":true},"ix":2},"nm":"i","mn":"ADBE Vector Shape - Group","hd":false}],"nm":"i","np":5,"cix":2,"bm":0,"ix":1,"mn":"ADBE Vector Group","hd":false}]},"fFamily":"Open Sans"},{"ch":"g","size":23,"style":"Regular","w":54.79,"data":{"shapes":[{"ty":"gr","it":[{"ind":0,"ty":"sh","ix":1,"ks":{"a":0,"k":{"i":[[0,0],[2.799,0],[3.516,-3.174],[0,-5.859],[-1.742,-2.734],[-2.767,-1.139],[1.041,-1.465],[0,-1.953],[-0.928,-1.302],[-1.367,-0.618],[2.083,-2.376],[0,-3.255],[-3.793,-2.605],[-6.999,0],[-4.753,3.108],[0,5.924],[3.108,2.441],[5.794,0],[0,0],[1.204,0.7],[0,1.465],[-3.451,1.823],[-1.595,0],[-3.581,3.125],[0,5.241],[0.716,1.839],[0.911,1.14],[0,0],[0,0]],"o":[[-2.246,-0.651],[-6.445,0],[-3.516,3.174],[0,3.516],[1.741,2.734],[-2.246,1.367],[-1.042,1.465],[0,1.726],[0.928,1.302],[-3.777,0.847],[-2.084,2.376],[0,4.752],[3.792,2.604],[9.114,0],[4.752,-3.109],[0,-4.655],[-3.109,-2.441],[0,0],[-2.93,0],[-1.205,-0.7],[0,-2.766],[1.399,0.261],[6.25,0],[3.58,-3.125],[0,-2.311],[-0.716,-1.839],[0,0],[0,0],[0,0]],"v":[[33.887,-53.516],[26.318,-54.492],[11.377,-49.731],[6.104,-36.182],[8.716,-26.807],[15.479,-20.996],[10.547,-16.748],[8.984,-11.621],[10.376,-7.08],[13.818,-4.199],[5.029,0.635],[1.904,9.082],[7.593,20.117],[23.779,24.023],[44.58,19.36],[51.709,5.811],[47.046,-4.834],[33.691,-8.496],[24.219,-8.496],[18.018,-9.546],[16.211,-12.793],[21.387,-19.678],[25.879,-19.287],[40.625,-23.975],[45.996,-36.523],[44.922,-42.749],[42.48,-47.217],[52.393,-48.389],[52.393,-53.516]],"c":true},"ix":2},"nm":"g","mn":"ADBE Vector Shape - Group","hd":false},{"ind":1,"ty":"sh","ix":2,"ks":{"a":0,"k":{"i":[[-2.051,1.758],[-3.679,0],[0,0],[-1.791,-1.123],[0,-2.898],[3.271,-2.035],[6.803,0],[2.441,1.497],[0,2.897]],"o":[[2.051,-1.758],[0,0],[4.948,0],[1.79,1.123],[0,3.483],[-3.271,2.034],[-4.558,0],[-2.441,-1.498],[0,-3.288]],"v":[[12.793,1.416],[21.387,-1.221],[31.104,-1.221],[41.211,0.464],[43.896,6.494],[38.989,14.771],[23.877,17.822],[13.379,15.576],[9.717,8.984]],"c":true},"ix":2},"nm":"g","mn":"ADBE Vector Shape - Group","hd":false},{"ind":2,"ty":"sh","ix":3,"ks":{"a":0,"k":{"i":[[-2.051,2.051],[-3.809,0],[0,-8.04],[7.91,0],[2.116,1.921],[0,3.744]],"o":[[2.051,-2.051],[8.008,0],[0,7.683],[-3.777,0],[-2.116,-1.92],[0,-4.036]],"v":[[17.188,-45.508],[25.977,-48.584],[37.988,-36.523],[26.123,-25],[17.285,-27.881],[14.111,-36.377]],"c":true},"ix":2},"nm":"g","mn":"ADBE Vector Shape - Group","hd":false}],"nm":"g","np":6,"cix":2,"bm":0,"ix":1,"mn":"ADBE Vector Group","hd":false}]},"fFamily":"Open Sans"},{"ch":"\r","size":23,"style":"Regular","w":0,"fFamily":"Open Sans"},{"ch":"v","size":23,"style":"Regular","w":50.1,"data":{"shapes":[{"ty":"gr","it":[{"ind":0,"ty":"sh","ix":1,"ks":{"a":0,"k":{"i":[[0,0],[0,0],[0,0],[1.904,-5.42],[0.358,-1.725],[0,0],[2.604,7.422],[0,0],[0,0],[0,0]],"o":[[0,0],[0,0],[-6.641,18.23],[-1.904,5.42],[0,0],[-0.456,-2.213],[0,0],[0,0],[0,0],[0,0]],"v":[[29.785,0],[50.098,-53.516],[41.406,-53.516],[28.589,-18.042],[25.195,-7.324],[24.805,-7.324],[20.215,-21.777],[8.691,-53.516],[0,-53.516],[20.313,0]],"c":true},"ix":2},"nm":"v","mn":"ADBE Vector Shape - Group","hd":false}],"nm":"v","np":3,"cix":2,"bm":0,"ix":1,"mn":"ADBE Vector Group","hd":false}]},"fFamily":"Open Sans"},{"ch":"f","size":23,"style":"Regular","w":33.89,"data":{"shapes":[{"ty":"gr","it":[{"ind":0,"ty":"sh","ix":1,"ks":{"a":0,"k":{"i":[[0,0],[0,0],[0,0],[-1.465,2.035],[-3.06,0],[-3.125,-1.009],[0,0],[2.832,0],[0,-13.151],[0,0],[0,0],[0,0],[0,0],[0,0],[0,0],[0,0],[0,0]],"o":[[0,0],[0,0],[0,-4.492],[1.465,-2.034],[2.213,0],[0,0],[-3.809,-1.139],[-11.491,0],[0,0],[0,0],[0,0],[0,0],[0,0],[0,0],[0,0],[0,0],[0,0]],"v":[[32.715,-53.516],[19.092,-53.516],[19.092,-56.982],[21.289,-66.772],[28.076,-69.824],[36.084,-68.311],[38.184,-74.805],[28.223,-76.514],[10.986,-56.787],[10.986,-53.809],[1.416,-50.879],[1.416,-47.217],[10.986,-47.217],[10.986,0],[19.092,0],[19.092,-47.217],[32.715,-47.217]],"c":true},"ix":2},"nm":"f","mn":"ADBE Vector Shape - Group","hd":false}],"nm":"f","np":3,"cix":2,"bm":0,"ix":1,"mn":"ADBE Vector Group","hd":false}]},"fFamily":"Open Sans"},{"ch":"m","size":23,"style":"Regular","w":93.02,"data":{"shapes":[{"ty":"gr","it":[{"ind":0,"ty":"sh","ix":1,"ks":{"a":0,"k":{"i":[[0,0],[0,0],[3.011,3.109],[6.055,0],[3.027,-1.627],[1.595,-2.799],[0,0],[8.366,0],[2.783,-1.465],[1.53,-2.604],[0,0],[0,0],[0,0],[0,0],[0,0],[0,0],[-2.361,3.044],[-5.078,0],[-1.823,-2.132],[0,-4.264],[0,0],[0,0],[0,0],[-2.409,2.898],[-5.046,0],[-1.823,-2.132],[0,-4.264],[0,0]],"o":[[0,0],[0,-6.836],[-3.011,-3.108],[-3.874,0],[-3.027,1.628],[0,0],[-2.572,-6.055],[-3.451,0],[-2.783,1.465],[0,0],[0,0],[0,0],[0,0],[0,0],[0,0],[0,-6.934],[2.36,-3.043],[3.873,0],[1.823,2.132],[0,0],[0,0],[0,0],[0,-6.022],[2.409,-2.897],[3.841,0],[1.823,2.132],[0,0],[0,0]],"v":[[84.912,0],[84.912,-34.912],[80.396,-49.829],[66.797,-54.492],[56.445,-52.051],[49.512,-45.41],[49.121,-45.41],[32.715,-54.492],[23.364,-52.295],[16.895,-46.191],[16.504,-46.191],[15.186,-53.516],[8.594,-53.516],[8.594,0],[16.699,0],[16.699,-28.076],[20.239,-43.042],[31.396,-47.607],[39.941,-44.409],[42.676,-34.814],[42.676,0],[50.781,0],[50.781,-29.883],[54.395,-43.262],[65.576,-47.607],[74.072,-44.409],[76.807,-34.814],[76.807,0]],"c":true},"ix":2},"nm":"m","mn":"ADBE Vector Shape - Group","hd":false}],"nm":"m","np":3,"cix":2,"bm":0,"ix":1,"mn":"ADBE Vector Group","hd":false}]},"fFamily":"Open Sans"},{"ch":"w","size":23,"style":"Regular","w":77.78,"data":{"shapes":[{"ty":"gr","it":[{"ind":0,"ty":"sh","ix":1,"ks":{"a":0,"k":{"i":[[0,0],[0,0],[0,0],[0.569,-2.441],[0.13,-1.172],[0,0],[1.823,5.599],[0,0],[0,0],[0,0],[0.797,-2.946],[0.358,-1.855],[0,0],[1.807,7.031],[3.45,13.445],[0,0],[0,0],[0,0],[0,0],[-1.302,5.697],[0,0],[-0.619,-1.92],[0,0]],"o":[[0,0],[0,0],[-6.218,23.828],[-0.57,2.441],[0,0],[-0.652,-3.809],[0,0],[0,0],[0,0],[-0.586,1.726],[-0.798,2.946],[0,0],[-0.261,-2.441],[-1.807,-7.031],[0,0],[0,0],[0,0],[0,0],[0.977,-3.092],[0,0],[1.692,6.804],[0,0],[0,0]],"v":[[61.914,0],[76.709,-53.516],[68.311,-53.516],[58.13,-14.111],[57.08,-8.691],[56.689,-8.691],[52.979,-22.803],[43.408,-53.516],[34.619,-53.516],[24.805,-22.803],[22.729,-15.796],[20.996,-8.594],[20.605,-8.594],[17.505,-22.803],[9.619,-53.516],[1.123,-53.516],[15.723,0],[25.098,0],[35.205,-31.299],[38.623,-44.482],[39.014,-44.482],[42.48,-31.396],[52.295,0]],"c":true},"ix":2},"nm":"w","mn":"ADBE Vector Shape - Group","hd":false}],"nm":"w","np":3,"cix":2,"bm":0,"ix":1,"mn":"ADBE Vector Group","hd":false}]},"fFamily":"Open Sans"},{"ch":"p","size":23,"style":"Regular","w":61.28,"data":{"shapes":[{"ty":"gr","it":[{"ind":0,"ty":"sh","ix":1,"ks":{"a":0,"k":{"i":[[-3.923,4.867],[0,8.789],[3.857,4.851],[7.096,0],[2.766,-1.302],[2.083,-2.93],[0,0],[0,0],[0,0],[0,0],[0,0],[0,0],[0.391,3.125],[0,0],[-2.881,-1.286],[-3.484,0]],"o":[[3.922,-4.866],[0,-8.756],[-3.857,-4.85],[-3.581,0],[-2.767,1.302],[0,0],[0,0],[0,0],[0,0],[0,0],[0,0],[0,-2.799],[0,0],[1.953,2.67],[2.881,1.286],[6.966,0]],"v":[[49.829,-6.323],[55.713,-26.807],[49.927,-47.217],[33.496,-54.492],[23.975,-52.539],[16.699,-46.191],[16.309,-46.191],[15.186,-53.516],[8.594,-53.516],[8.594,24.023],[16.699,24.023],[16.699,2.002],[16.113,-6.885],[16.699,-6.885],[23.95,-0.952],[33.496,0.977]],"c":true},"ix":2},"nm":"p","mn":"ADBE Vector Shape - Group","hd":false},{"ind":1,"ty":"sh","ix":2,"ks":{"a":0,"k":{"i":[[-2.621,-3.564],[0,-6.673],[2.62,-3.743],[4.622,0],[2.506,3.239],[0,7.52],[0,0],[-2.441,3.027],[-5.469,0]],"o":[[2.62,3.564],[0,6.576],[-2.621,3.744],[-5.534,0],[-2.507,-3.239],[0,0],[0.065,-6.608],[2.441,-3.027],[4.752,0]],"v":[[43.384,-42.261],[47.314,-26.904],[43.384,-11.426],[32.52,-5.811],[20.459,-10.669],[16.699,-26.807],[16.699,-28.613],[20.459,-43.066],[32.324,-47.607]],"c":true},"ix":2},"nm":"p","mn":"ADBE Vector Shape - Group","hd":false}],"nm":"p","np":5,"cix":2,"bm":0,"ix":1,"mn":"ADBE Vector Group","hd":false}]},"fFamily":"Open Sans"},{"ch":"2","size":23,"style":"Regular","w":57.18,"data":{"shapes":[{"ty":"gr","it":[{"ind":0,"ty":"sh","ix":1,"ks":{"a":0,"k":{"i":[[0,0],[0,0],[0,0],[0,0],[-2.539,4.427],[0,4.525],[3.809,3.435],[6.705,0],[6.575,-5.469],[0,0],[-2.654,0.977],[-2.962,0],[-2.312,-2.229],[0,-3.809],[0.911,-2.344],[1.823,-2.473],[5.729,-5.794],[0,0],[0,0],[0,0]],"o":[[0,0],[0,0],[0,0],[6.966,-6.77],[2.539,-4.427],[0,-5.794],[-3.809,-3.434],[-7.748,0],[0,0],[3.255,-2.571],[2.653,-0.977],[4.102,0],[2.311,2.23],[0,2.702],[-0.912,2.344],[-1.823,2.474],[0,0],[0,0],[0,0],[0,0]],"v":[[51.807,-7.52],[15.088,-7.52],[15.088,-7.91],[30.713,-23.193],[44.971,-39.99],[48.779,-53.418],[43.066,-67.261],[27.295,-72.412],[5.811,-64.209],[10.107,-58.691],[18.97,-64.014],[27.393,-65.479],[37.012,-62.134],[40.479,-53.076],[39.111,-45.508],[35.01,-38.281],[23.682,-25.879],[4.883,-6.982],[4.883,0],[51.807,0]],"c":true},"ix":2},"nm":"2","mn":"ADBE Vector Shape - Group","hd":false}],"nm":"2","np":3,"cix":2,"bm":0,"ix":1,"mn":"ADBE Vector Group","hd":false}]},"fFamily":"Open Sans"},{"ch":"0","size":23,"style":"Regular","w":57.18,"data":{"shapes":[{"ty":"gr","it":[{"ind":0,"ty":"sh","ix":1,"ks":{"a":0,"k":{"i":[[4.02,6.283],[7.747,0],[3.873,-6.022],[0,-12.434],[-4.004,-6.233],[-7.683,0],[-3.89,6.087],[0,12.337]],"o":[[-4.021,-6.282],[-7.943,0],[-3.874,6.023],[0,12.045],[4.004,6.234],[8.008,0],[3.889,-6.087],[0,-11.914]],"v":[[46.167,-63.086],[28.516,-72.51],[10.791,-63.477],[4.98,-35.791],[10.986,-8.374],[28.516,0.977],[46.362,-8.154],[52.197,-35.791]],"c":true},"ix":2},"nm":"0","mn":"ADBE Vector Shape - Group","hd":false},{"ind":1,"ty":"sh","ix":2,"ks":{"a":0,"k":{"i":[[-2.441,4.704],[-5.339,0],[-2.425,-4.768],[0,-10.254],[2.425,-4.801],[5.403,0],[2.441,4.736],[0,10.384]],"o":[[2.441,-4.704],[5.403,0],[2.425,4.769],[0,10.254],[-2.425,4.802],[-5.339,0],[-2.441,-4.736],[0,-10.384]],"v":[[16.846,-58.423],[28.516,-65.479],[40.259,-58.325],[43.896,-35.791],[40.259,-13.208],[28.516,-6.006],[16.846,-13.11],[13.184,-35.791]],"c":true},"ix":2},"nm":"0","mn":"ADBE Vector Shape - Group","hd":false}],"nm":"0","np":5,"cix":2,"bm":0,"ix":1,"mn":"ADBE Vector Group","hd":false}]},"fFamily":"Open Sans"},{"ch":"1","size":23,"style":"Regular","w":57.18,"data":{"shapes":[{"ty":"gr","it":[{"ind":0,"ty":"sh","ix":1,"ks":{"a":0,"k":{"i":[[0,0],[0,0],[0,0],[0,0],[-0.847,0.749],[-0.684,0.684],[0,-4.231],[0,0],[0,0]],"o":[[0,0],[0,0],[0,0],[6.901,-5.598],[0.846,-0.748],[-0.261,3.777],[0,0],[0,0],[0,0]],"v":[[34.912,-71.387],[28.076,-71.387],[9.18,-56.787],[13.477,-51.221],[25.098,-60.742],[27.393,-62.891],[27.002,-50.879],[27.002,0],[34.912,0]],"c":true},"ix":2},"nm":"1","mn":"ADBE Vector Shape - Group","hd":false}],"nm":"1","np":3,"cix":2,"bm":0,"ix":1,"mn":"ADBE Vector Group","hd":false}]},"fFamily":"Open Sans"},{"ch":"5","size":23,"style":"Regular","w":57.18,"data":{"shapes":[{"ty":"gr","it":[{"ind":0,"ty":"sh","ix":1,"ks":{"a":0,"k":{"i":[[3.743,-0.748],[0,0],[0,0],[0,0],[0,0],[0,0],[0,0],[-3.093,0],[0,-9.961],[3.174,-2.702],[5.729,0],[3.385,0.83],[2.278,1.465],[0,0],[-8.041,0],[-4.704,4.199],[0,7.39],[4.313,3.728],[7.52,0]],"o":[[0,0],[0,0],[0,0],[0,0],[0,0],[0,0],[5.176,-0.944],[12.207,0],[0,5.111],[-3.174,2.702],[-3.288,0],[-3.386,-0.83],[0,0],[4.231,2.572],[8.268,0],[4.704,-4.199],[0,-6.477],[-4.314,-3.727],[-3.711,0]],"v":[[16.016,-42.48],[17.822,-63.916],[46.387,-63.916],[46.387,-71.387],[10.889,-71.387],[8.203,-37.988],[12.402,-35.303],[24.805,-36.719],[43.115,-21.777],[38.354,-10.059],[25,-6.006],[14.99,-7.251],[6.494,-10.693],[6.494,-2.881],[24.902,0.977],[44.36,-5.322],[51.416,-22.705],[44.946,-38.013],[27.197,-43.604]],"c":true},"ix":2},"nm":"5","mn":"ADBE Vector Shape - Group","hd":false}],"nm":"5","np":3,"cix":2,"bm":0,"ix":1,"mn":"ADBE Vector Group","hd":false}]},"fFamily":"Open Sans"}]}