{"v":"5.5.2","fr":60,"ip":0,"op":40,"w":460,"h":100,"nm":"sheets_button","ddd":0,"assets":[],"fonts":{"list":[{"fName":"BebasNeue","fFamily":"Bebas Neue","fStyle":"Regular","ascent":69.9996948242188}]},"layers":[{"ddd":0,"ind":1,"ty":5,"nm":"title","sr":1,"ks":{"o":{"a":0,"k":100,"ix":11},"r":{"a":0,"k":0,"ix":10},"p":{"a":0,"k":[47.371,64.099,0],"ix":2},"a":{"a":0,"k":[0,0,0],"ix":1},"s":{"a":0,"k":[100,100,100],"ix":6}},"ao":0,"t":{"d":{"k":[{"s":{"s":40,"f":"BebasNeue","t":"HOW CAN I PROTECT MYSELF","j":0,"tr":30,"lh":48,"ls":0,"fc":[1,1,1]},"t":0}]},"p":{},"m":{"g":1,"a":{"a":0,"k":[0,0],"ix":2}},"a":[{"nm":"Animator 1","s":{"t":0,"xe":{"a":0,"k":0,"ix":7},"ne":{"a":0,"k":0,"ix":8},"a":{"a":0,"k":100,"ix":4},"b":1,"rn":0,"sh":1,"r":1},"a":{"fc":{"a":1,"k":[{"i":{"x":[0.833],"y":[1]},"o":{"x":[0.333],"y":[0]},"t":0,"s":[1,1,1,1]},{"i":{"x":[0.648],"y":[1]},"o":{"x":[0.306],"y":[0]},"t":6,"s":[0.133333340287,0.784313797951,0.870588302612,1]},{"t":12,"s":[1,1,1,1]}],"ix":12}}}]},"ip":0,"op":1800,"st":0,"bm":0},{"ddd":0,"ind":2,"ty":4,"nm":"button","sr":1,"ks":{"o":{"a":0,"k":100,"ix":11},"r":{"a":0,"k":0,"ix":10},"p":{"a":0,"k":[212,48.5,0],"ix":2},"a":{"a":0,"k":[0,0,0],"ix":1},"s":{"a":1,"k":[{"i":{"x":[0.833,0.833,0.833],"y":[1,1,1]},"o":{"x":[0.167,0.167,0.167],"y":[0,0,0]},"t":0,"s":[100,100,100]},{"i":{"x":[0.573,0.573,0.573],"y":[1,1,1]},"o":{"x":[0.172,0.172,0.172],"y":[0,0,0]},"t":6,"s":[100,100,100]},{"i":{"x":[0.837,0.837,0.837],"y":[1,1,1]},"o":{"x":[0.403,0.403,0.403],"y":[0,0,0]},"t":12,"s":[100,100,100]},{"i":{"x":[0.833,0.833,0.833],"y":[1,1,1]},"o":{"x":[0.167,0.167,0.167],"y":[0,0,0]},"t":20,"s":[100,100,100]},{"i":{"x":[0.667,0.667,0.667],"y":[1,1,1]},"o":{"x":[0.167,0.167,0.167],"y":[0,0,0]},"t":24,"s":[99,96,100]},{"i":{"x":[0.667,0.667,0.667],"y":[1,1,1]},"o":{"x":[0.333,0.333,0.333],"y":[0,0,0]},"t":30,"s":[101,102,100]},{"t":36,"s":[100,100,100]}],"ix":6}},"ao":0,"shapes":[{"ty":"gr","it":[{"ty":"rc","d":1,"s":{"a":0,"k":[450,90],"ix":2},"p":{"a":0,"k":[0,0],"ix":3},"r":{"a":0,"k":0,"ix":4},"nm":"Rectangle Path 1","mn":"ADBE Vector Shape - Rect","hd":false},{"ty":"st","c":{"a":0,"k":[1,1,1,1],"ix":3},"o":{"a":0,"k":100,"ix":4},"w":{"a":0,"k":0,"ix":5},"lc":1,"lj":1,"ml":4,"bm":0,"nm":"Stroke 1","mn":"ADBE Vector Graphic - Stroke","hd":false},{"ty":"fl","c":{"a":1,"k":[{"i":{"x":[0.833],"y":[1]},"o":{"x":[0.333],"y":[0]},"t":0,"s":[0.133333340287,0.784313738346,0.870588243008,1]},{"i":{"x":[0.648],"y":[1]},"o":{"x":[0.306],"y":[0]},"t":6,"s":[1,1,1,1]},{"t":12,"s":[0.133333340287,0.784313738346,0.870588243008,1]}],"ix":4},"o":{"a":0,"k":100,"ix":5},"r":1,"bm":0,"nm":"Fill 1","mn":"ADBE Vector Graphic - Fill","hd":false},{"ty":"tr","p":{"a":0,"k":[18,1.5],"ix":2},"a":{"a":0,"k":[0,0],"ix":1},"s":{"a":0,"k":[100,100],"ix":3},"r":{"a":0,"k":0,"ix":6},"o":{"a":0,"k":100,"ix":7},"sk":{"a":0,"k":0,"ix":4},"sa":{"a":0,"k":0,"ix":5},"nm":"Transform"}],"nm":"Rectangle 1","np":3,"cix":2,"bm":0,"ix":1,"mn":"ADBE Vector Group","hd":false}],"ip":0,"op":1800,"st":0,"bm":0}],"markers":[{"tm":0,"cm":"1","dr":0},{"tm":6,"cm":"2","dr":0},{"tm":12,"cm":"3","dr":0},{"tm":20,"cm":"4","dr":0}],"chars":[{"ch":"H","size":40,"style":"Regular","w":42.7,"data":{"shapes":[{"ty":"gr","it":[{"ind":0,"ty":"sh","ix":1,"ks":{"a":0,"k":{"i":[[0,0],[0,0],[0,0],[0,0],[0,0],[0,0],[0,0],[0,0],[0,0],[0,0],[0,0],[0,0]],"o":[[0,0],[0,0],[0,0],[0,0],[0,0],[0,0],[0,0],[0,0],[0,0],[0,0],[0,0],[0,0]],"v":[[15.106,-30.212],[27.695,-30.212],[27.695,0],[38.974,0],[38.974,-70.496],[27.695,-70.496],[27.695,-40.283],[15.106,-40.283],[15.106,-70.496],[4.028,-70.496],[4.028,0],[15.106,0]],"c":true},"ix":2},"nm":"H","mn":"ADBE Vector Shape - Group","hd":false}],"nm":"H","np":3,"cix":2,"bm":0,"ix":1,"mn":"ADBE Vector Group","hd":false}]},"fFamily":"Bebas Neue"},{"ch":"O","size":40,"style":"Regular","w":39.6,"data":{"shapes":[{"ty":"gr","it":[{"ind":0,"ty":"sh","ix":1,"ks":{"a":0,"k":{"i":[[0,0],[-3.525,0],[0,-5.035],[0,0],[3.525,0],[0,5.035]],"o":[[0,-5.035],[3.525,0],[0,0],[0,5.035],[-3.525,0],[0,0]],"v":[[14.2,-54.282],[19.94,-61.23],[25.681,-54.282],[25.681,-16.214],[19.94,-9.265],[14.2,-16.214]],"c":true},"ix":2},"nm":"O","mn":"ADBE Vector Shape - Group","hd":false},{"ind":1,"ty":"sh","ix":2,"ks":{"a":0,"k":{"i":[[0,0],[-10.876,0],[0,11.279],[0,0],[10.876,0],[0,-11.279]],"o":[[0,11.279],[10.876,0],[0,0],[0,-11.279],[-10.876,0],[0,0]],"v":[[3.122,-16.919],[19.94,0.806],[36.758,-16.919],[36.758,-53.577],[19.94,-71.301],[3.122,-53.577]],"c":true},"ix":2},"nm":"O","mn":"ADBE Vector Shape - Group","hd":false}],"nm":"O","np":5,"cix":2,"bm":0,"ix":1,"mn":"ADBE Vector Group","hd":false}]},"fFamily":"Bebas Neue"},{"ch":"W","size":40,"style":"Regular","w":56.3,"data":{"shapes":[{"ty":"gr","it":[{"ind":0,"ty":"sh","ix":1,"ks":{"a":0,"k":{"i":[[0,0],[0,0],[0,0],[0,0],[0,0],[0,0],[0,0],[0,0],[0,0],[0,0],[0,0],[0,0],[0,0],[0,0],[0,0],[0,0]],"o":[[0,0],[0,0],[0,0],[0,0],[0,0],[0,0],[0,0],[0,0],[0,0],[0,0],[0,0],[0,0],[0,0],[0,0],[0,0],[0,0]],"v":[[32.629,0],[47.333,0],[55.188,-70.496],[45.52,-70.496],[39.88,-14.502],[39.679,-14.502],[34.241,-70.496],[23.566,-70.496],[18.329,-14.905],[18.127,-14.905],[12.286,-70.496],[1.511,-70.496],[9.366,0],[24.573,0],[28.5,-37.564],[28.702,-37.564]],"c":true},"ix":2},"nm":"W","mn":"ADBE Vector Shape - Group","hd":false}],"nm":"W","np":3,"cix":2,"bm":0,"ix":1,"mn":"ADBE Vector Group","hd":false}]},"fFamily":"Bebas Neue"},{"ch":" ","size":40,"style":"Regular","w":15.5,"data":{},"fFamily":"Bebas Neue"},{"ch":"C","size":40,"style":"Regular","w":38.6,"data":{"shapes":[{"ty":"gr","it":[{"ind":0,"ty":"sh","ix":1,"ks":{"a":0,"k":{"i":[[0,0],[0,0],[3.525,0],[0,5.035],[0,0],[-3.525,0],[0,-5.035],[0,0],[0,0],[0,0],[10.876,0],[0,-11.279],[0,0],[-10.876,0],[0,11.279],[0,0]],"o":[[0,0],[0,5.035],[-3.525,0],[0,0],[0,-5.035],[3.525,0],[0,0],[0,0],[0,0],[0,-11.279],[-10.876,0],[0,0],[0,11.279],[10.876,0],[0,0],[0,0]],"v":[[25.681,-26.285],[25.681,-16.214],[19.94,-9.366],[14.2,-16.214],[14.2,-54.282],[19.94,-61.23],[25.681,-54.282],[25.681,-46.729],[36.154,-46.729],[36.154,-53.577],[19.638,-71.301],[3.122,-53.577],[3.122,-16.919],[19.638,0.806],[36.154,-16.919],[36.154,-26.285]],"c":true},"ix":2},"nm":"C","mn":"ADBE Vector Shape - Group","hd":false}],"nm":"C","np":3,"cix":2,"bm":0,"ix":1,"mn":"ADBE Vector Group","hd":false}]},"fFamily":"Bebas Neue"},{"ch":"A","size":40,"style":"Regular","w":40.7,"data":{"shapes":[{"ty":"gr","it":[{"ind":0,"ty":"sh","ix":1,"ks":{"a":0,"k":{"i":[[0,0],[0,0],[0,0],[0,0],[0,0],[0,0],[0,0],[0,0]],"o":[[0,0],[0,0],[0,0],[0,0],[0,0],[0,0],[0,0],[0,0]],"v":[[28.601,-70.496],[12.387,-70.496],[1.108,0],[11.279,0],[13.193,-12.79],[26.788,-12.79],[28.702,0],[39.88,0]],"c":true},"ix":2},"nm":"A","mn":"ADBE Vector Shape - Group","hd":false},{"ind":1,"ty":"sh","ix":2,"ks":{"a":0,"k":{"i":[[0,0],[0,0],[0,0],[0,0]],"o":[[0,0],[0,0],[0,0],[0,0]],"v":[[19.839,-58.008],[20.041,-58.008],[25.278,-22.357],[14.603,-22.357]],"c":true},"ix":2},"nm":"A","mn":"ADBE Vector Shape - Group","hd":false}],"nm":"A","np":5,"cix":2,"bm":0,"ix":1,"mn":"ADBE Vector Group","hd":false}]},"fFamily":"Bebas Neue"},{"ch":"N","size":40,"style":"Regular","w":42.7,"data":{"shapes":[{"ty":"gr","it":[{"ind":0,"ty":"sh","ix":1,"ks":{"a":0,"k":{"i":[[0,0],[0,0],[0,0],[0,0],[0,0],[0,0],[0,0],[0,0],[0,0],[0,0],[0,0],[0,0]],"o":[[0,0],[0,0],[0,0],[0,0],[0,0],[0,0],[0,0],[0,0],[0,0],[0,0],[0,0],[0,0]],"v":[[27.695,0],[39.075,0],[39.075,-70.496],[29.205,-70.496],[29.205,-28.299],[29.004,-28.299],[17.825,-70.496],[3.928,-70.496],[3.928,0],[13.898,0],[13.898,-51.059],[14.099,-51.059]],"c":true},"ix":2},"nm":"N","mn":"ADBE Vector Shape - Group","hd":false}],"nm":"N","np":3,"cix":2,"bm":0,"ix":1,"mn":"ADBE Vector Group","hd":false}]},"fFamily":"Bebas Neue"},{"ch":"I","size":40,"style":"Regular","w":19,"data":{"shapes":[{"ty":"gr","it":[{"ind":0,"ty":"sh","ix":1,"ks":{"a":0,"k":{"i":[[0,0],[0,0],[0,0],[0,0]],"o":[[0,0],[0,0],[0,0],[0,0]],"v":[[4.028,0],[15.106,0],[15.106,-70.496],[4.028,-70.496]],"c":true},"ix":2},"nm":"I","mn":"ADBE Vector Shape - Group","hd":false}],"nm":"I","np":3,"cix":2,"bm":0,"ix":1,"mn":"ADBE Vector Group","hd":false}]},"fFamily":"Bebas Neue"},{"ch":"P","size":40,"style":"Regular","w":37.7,"data":{"shapes":[{"ty":"gr","it":[{"ind":0,"ty":"sh","ix":1,"ks":{"a":0,"k":{"i":[[11.078,0],[0,0],[0,0],[0,0],[0,0],[0,0],[0,11.279],[0,0]],"o":[[0,0],[0,0],[0,0],[0,0],[0,0],[11.078,0],[0,0],[0,-11.279]],"v":[[20.343,-70.496],[4.028,-70.496],[4.028,0],[15.106,0],[15.106,-26.486],[20.343,-26.486],[36.859,-43.909],[36.859,-53.073]],"c":true},"ix":2},"nm":"P","mn":"ADBE Vector Shape - Group","hd":false},{"ind":1,"ty":"sh","ix":2,"ks":{"a":0,"k":{"i":[[0,0],[0,-5.035],[0,0],[3.525,0],[0,0],[0,0]],"o":[[3.525,0],[0,0],[0,5.035],[0,0],[0,0],[0,0]],"v":[[20.343,-60.425],[25.781,-53.778],[25.781,-43.204],[20.343,-36.557],[15.106,-36.557],[15.106,-60.425]],"c":true},"ix":2},"nm":"P","mn":"ADBE Vector Shape - Group","hd":false}],"nm":"P","np":5,"cix":2,"bm":0,"ix":1,"mn":"ADBE Vector Group","hd":false}]},"fFamily":"Bebas Neue"},{"ch":"R","size":40,"style":"Regular","w":40.2,"data":{"shapes":[{"ty":"gr","it":[{"ind":0,"ty":"sh","ix":1,"ks":{"a":0,"k":{"i":[[0,0],[0,3.424],[0,0],[5.539,2.316],[0,0],[0,7.251],[0,0],[11.481,0],[0,0],[0,0],[0,0],[0,0],[0,0],[0,-6.546],[0,0],[-0.604,-1.813]],"o":[[-1.108,-2.618],[0,0],[0,-7.352],[0,0],[4.935,-2.316],[0,0],[0,-10.876],[0,0],[0,0],[0,0],[0,0],[0,0],[5.035,0],[0,0],[0,5.74],[0,0]],"v":[[38.47,0],[37.262,-8.56],[37.262,-19.437],[29.91,-34.341],[29.91,-34.543],[37.161,-48.743],[37.161,-54.282],[20.746,-70.496],[4.028,-70.496],[4.028,0],[15.106,0],[15.106,-28.702],[18.933,-28.702],[26.184,-19.739],[26.184,-8.661],[27.191,0]],"c":true},"ix":2},"nm":"R","mn":"ADBE Vector Shape - Group","hd":false},{"ind":1,"ty":"sh","ix":2,"ks":{"a":0,"k":{"i":[[0,0],[0,-5.035],[0,0],[4.129,0],[0,0],[0,0]],"o":[[3.928,0],[0,0],[0,5.64],[0,0],[0,0],[0,0]],"v":[[20.444,-60.425],[26.083,-53.174],[26.083,-46.225],[19.437,-38.773],[15.106,-38.773],[15.106,-60.425]],"c":true},"ix":2},"nm":"R","mn":"ADBE Vector Shape - Group","hd":false}],"nm":"R","np":5,"cix":2,"bm":0,"ix":1,"mn":"ADBE Vector Group","hd":false}]},"fFamily":"Bebas Neue"},{"ch":"T","size":40,"style":"Regular","w":35.6,"data":{"shapes":[{"ty":"gr","it":[{"ind":0,"ty":"sh","ix":1,"ks":{"a":0,"k":{"i":[[0,0],[0,0],[0,0],[0,0],[0,0],[0,0],[0,0],[0,0]],"o":[[0,0],[0,0],[0,0],[0,0],[0,0],[0,0],[0,0],[0,0]],"v":[[0.806,-60.425],[12.387,-60.425],[12.387,0],[23.465,0],[23.465,-60.425],[35.046,-60.425],[35.046,-70.496],[0.806,-70.496]],"c":true},"ix":2},"nm":"T","mn":"ADBE Vector Shape - Group","hd":false}],"nm":"T","np":3,"cix":2,"bm":0,"ix":1,"mn":"ADBE Vector Group","hd":false}]},"fFamily":"Bebas Neue"},{"ch":"E","size":40,"style":"Regular","w":36.8,"data":{"shapes":[{"ty":"gr","it":[{"ind":0,"ty":"sh","ix":1,"ks":{"a":0,"k":{"i":[[0,0],[0,0],[0,0],[0,0],[0,0],[0,0],[0,0],[0,0],[0,0],[0,0],[0,0],[0,0]],"o":[[0,0],[0,0],[0,0],[0,0],[0,0],[0,0],[0,0],[0,0],[0,0],[0,0],[0,0],[0,0]],"v":[[15.106,-60.425],[34.241,-60.425],[34.241,-70.496],[4.028,-70.496],[4.028,0],[34.241,0],[34.241,-10.071],[15.106,-10.071],[15.106,-30.716],[30.313,-30.716],[30.313,-40.787],[15.106,-40.787]],"c":true},"ix":2},"nm":"E","mn":"ADBE Vector Shape - Group","hd":false}],"nm":"E","np":3,"cix":2,"bm":0,"ix":1,"mn":"ADBE Vector Group","hd":false}]},"fFamily":"Bebas Neue"},{"ch":"M","size":40,"style":"Regular","w":54.1,"data":{"shapes":[{"ty":"gr","it":[{"ind":0,"ty":"sh","ix":1,"ks":{"a":0,"k":{"i":[[0,0],[0,0],[0,0],[0,0],[0,0],[0,0],[0,0],[0,0],[0,0],[0,0],[0,0],[0,0],[0,0],[0,0],[0,0],[0,0]],"o":[[0,0],[0,0],[0,0],[0,0],[0,0],[0,0],[0,0],[0,0],[0,0],[0,0],[0,0],[0,0],[0,0],[0,0],[0,0],[0,0]],"v":[[19.336,-70.496],[3.928,-70.496],[3.928,0],[13.596,0],[13.596,-49.85],[13.797,-49.85],[21.854,0],[32.327,0],[39.78,-50.555],[39.981,-50.555],[39.981,0],[50.455,0],[50.455,-70.496],[35.046,-70.496],[27.594,-20.444],[27.393,-20.444]],"c":true},"ix":2},"nm":"M","mn":"ADBE Vector Shape - Group","hd":false}],"nm":"M","np":3,"cix":2,"bm":0,"ix":1,"mn":"ADBE Vector Group","hd":false}]},"fFamily":"Bebas Neue"},{"ch":"Y","size":40,"style":"Regular","w":39.6,"data":{"shapes":[{"ty":"gr","it":[{"ind":0,"ty":"sh","ix":1,"ks":{"a":0,"k":{"i":[[0,0],[0,0],[0,0],[0,0],[0,0],[0,0],[0,0],[0,0],[0,0],[0,0]],"o":[[0,0],[0,0],[0,0],[0,0],[0,0],[0,0],[0,0],[0,0],[0,0],[0,0]],"v":[[14.401,0],[25.479,0],[25.479,-23.364],[39.478,-70.496],[28.903,-70.496],[20.544,-38.37],[20.343,-38.37],[11.984,-70.496],[0.403,-70.496],[14.401,-23.364]],"c":true},"ix":2},"nm":"Y","mn":"ADBE Vector Shape - Group","hd":false}],"nm":"Y","np":3,"cix":2,"bm":0,"ix":1,"mn":"ADBE Vector Group","hd":false}]},"fFamily":"Bebas Neue"},{"ch":"S","size":40,"style":"Regular","w":37.4,"data":{"shapes":[{"ty":"gr","it":[{"ind":0,"ty":"sh","ix":1,"ks":{"a":0,"k":{"i":[[0,-11.279],[-9.265,-8.157],[0,-5.136],[3.525,0],[0,5.035],[0,0],[0,0],[0,0],[-10.876,0],[0,11.279],[9.265,8.157],[0,5.136],[-3.525,0],[0,-5.035],[0,0],[0,0],[0,0],[10.776,0]],"o":[[0,8.057],[7.251,6.345],[0,5.035],[-3.525,0],[0,0],[0,0],[0,0],[0,11.279],[10.876,0],[0,-8.057],[-7.251,-6.345],[0,-5.035],[3.525,0],[0,0],[0,0],[0,0],[0,-11.279],[-10.776,0]],"v":[[2.618,-53.577],[14.804,-31.522],[24.271,-16.214],[18.53,-9.366],[12.79,-16.214],[12.79,-21.249],[2.316,-21.249],[2.316,-16.919],[18.832,0.806],[35.349,-16.919],[23.163,-38.974],[13.696,-54.282],[19.235,-61.23],[24.774,-54.282],[24.774,-51.361],[35.248,-51.361],[35.248,-53.577],[18.933,-71.301]],"c":true},"ix":2},"nm":"S","mn":"ADBE Vector Shape - Group","hd":false}],"nm":"S","np":3,"cix":2,"bm":0,"ix":1,"mn":"ADBE Vector Group","hd":false}]},"fFamily":"Bebas Neue"},{"ch":"L","size":40,"style":"Regular","w":33.9,"data":{"shapes":[{"ty":"gr","it":[{"ind":0,"ty":"sh","ix":1,"ks":{"a":0,"k":{"i":[[0,0],[0,0],[0,0],[0,0],[0,0],[0,0]],"o":[[0,0],[0,0],[0,0],[0,0],[0,0],[0,0]],"v":[[4.028,0],[33.334,0],[33.334,-10.071],[15.106,-10.071],[15.106,-70.496],[4.028,-70.496]],"c":true},"ix":2},"nm":"L","mn":"ADBE Vector Shape - Group","hd":false}],"nm":"L","np":3,"cix":2,"bm":0,"ix":1,"mn":"ADBE Vector Group","hd":false}]},"fFamily":"Bebas Neue"},{"ch":"F","size":40,"style":"Regular","w":34.4,"data":{"shapes":[{"ty":"gr","it":[{"ind":0,"ty":"sh","ix":1,"ks":{"a":0,"k":{"i":[[0,0],[0,0],[0,0],[0,0],[0,0],[0,0],[0,0],[0,0],[0,0],[0,0]],"o":[[0,0],[0,0],[0,0],[0,0],[0,0],[0,0],[0,0],[0,0],[0,0],[0,0]],"v":[[15.106,-60.425],[33.334,-60.425],[33.334,-70.496],[4.028,-70.496],[4.028,0],[15.106,0],[15.106,-29.105],[29.407,-29.105],[29.407,-39.175],[15.106,-39.175]],"c":true},"ix":2},"nm":"F","mn":"ADBE Vector Shape - Group","hd":false}],"nm":"F","np":3,"cix":2,"bm":0,"ix":1,"mn":"ADBE Vector Group","hd":false}]},"fFamily":"Bebas Neue"}]}