{"v":"5.5.2","fr":59.9400024414063,"ip":0,"op":30.0000012219251,"w":421,"h":114,"nm":"virus_screen","ddd":0,"assets":[],"fonts":{"list":[{"fName":"BebasNeue","fFamily":"Bebas Neue","fStyle":"Regular","ascent":69.9996948242188},{"fName":"CourierNewPSMT","fFamily":"Courier New","fStyle":"Regular","ascent":61.2991333007813}]},"layers":[{"ddd":0,"ind":1,"ty":5,"nm":"body_text","parent":5,"sr":1,"ks":{"o":{"a":1,"k":[{"i":{"x":[0.833],"y":[0.833]},"o":{"x":[0.167],"y":[0.167]},"t":0,"s":[0]},{"t":10.0000004073083,"s":[100]}],"ix":11},"r":{"a":0,"k":0,"ix":10},"p":{"a":0,"k":[89.347,397.006,0],"ix":2},"a":{"a":0,"k":[0,0,0],"ix":1},"s":{"a":0,"k":[100,100,100],"ix":6}},"ao":0,"t":{"d":{"k":[{"s":{"s":21,"f":"BebasNeue","t":"THE PROGRAM SOURCE IS NOT TRUSTED!","j":0,"tr":0,"lh":25.2,"ls":0,"fc":[0.89,0.063,0.098]},"t":0}]},"p":{},"m":{"g":1,"a":{"a":0,"k":[0,0],"ix":2}},"a":[]},"ip":0,"op":1800.0000733155,"st":0,"bm":0},{"ddd":0,"ind":2,"ty":5,"nm":"abc.exe","cl":"exe","parent":5,"sr":1,"ks":{"o":{"a":1,"k":[{"i":{"x":[0.833],"y":[0.833]},"o":{"x":[0.167],"y":[0.167]},"t":0,"s":[0]},{"t":10.0000004073083,"s":[100]}],"ix":11},"r":{"a":0,"k":0,"ix":10},"p":{"a":0,"k":[144,365.311,0],"ix":2},"a":{"a":0,"k":[0,0,0],"ix":1},"s":{"a":0,"k":[100,100,100],"ix":6}},"ao":0,"t":{"d":{"k":[{"s":{"s":18,"f":"CourierNewPSMT","t":"abc.exe","j":0,"tr":0,"lh":21.6,"ls":0,"fc":[1,1,1]},"t":0}]},"p":{},"m":{"g":1,"a":{"a":0,"k":[0,0],"ix":2}},"a":[]},"ip":0,"op":1800.0000733155,"st":0,"bm":0},{"ddd":0,"ind":3,"ty":5,"nm":"NAME:","parent":5,"sr":1,"ks":{"o":{"a":1,"k":[{"i":{"x":[0.833],"y":[0.833]},"o":{"x":[0.167],"y":[0.167]},"t":0,"s":[0]},{"t":10.0000004073083,"s":[100]}],"ix":11},"r":{"a":0,"k":0,"ix":10},"p":{"a":0,"k":[88.691,365.601,0],"ix":2},"a":{"a":0,"k":[0,0,0],"ix":1},"s":{"a":0,"k":[100,100,100],"ix":6}},"ao":0,"t":{"d":{"k":[{"s":{"s":21,"f":"BebasNeue","t":"NAME:","j":0,"tr":0,"lh":25.2,"ls":0,"fc":[1,1,1]},"t":0}]},"p":{},"m":{"g":1,"a":{"a":0,"k":[0,0],"ix":2}},"a":[]},"ip":0,"op":1800.0000733155,"st":0,"bm":0},{"ddd":0,"ind":4,"ty":5,"nm":"title","parent":5,"sr":1,"ks":{"o":{"a":1,"k":[{"i":{"x":[0.833],"y":[0.833]},"o":{"x":[0.167],"y":[0.167]},"t":0,"s":[0]},{"t":10.0000004073083,"s":[99]}],"ix":11},"r":{"a":0,"k":0,"ix":10},"p":{"a":0,"k":[90,324,0],"ix":2},"a":{"a":0,"k":[0,0,0],"ix":1},"s":{"a":0,"k":[100,100,100],"ix":6}},"ao":0,"t":{"d":{"k":[{"s":{"s":21,"f":"BebasNeue","t":"DO YOU WANT TO INSTALL THIS PROGRAM?","j":0,"tr":0,"lh":25.2,"ls":0,"fc":[0.11,0.11,0.11]},"t":0}]},"p":{},"m":{"g":1,"a":{"a":0,"k":[0,0],"ix":2}},"a":[]},"ip":0,"op":1800.0000733155,"st":0,"bm":0},{"ddd":0,"ind":5,"ty":4,"nm":"virus_dialog","sr":1,"ks":{"o":{"a":1,"k":[{"i":{"x":[0.833],"y":[0.833]},"o":{"x":[0.167],"y":[0.167]},"t":0,"s":[0]},{"t":16.0000006516934,"s":[100]}],"ix":11},"r":{"a":0,"k":0,"ix":10},"p":{"a":0,"k":[210.001,102.975,0],"ix":2},"a":{"a":0,"k":[212.5,405.5,0],"ix":1},"s":{"a":1,"k":[{"i":{"x":[0.833,0.833,0.833],"y":[0.833,0.833,0.833]},"o":{"x":[0.167,0.167,0.167],"y":[0.167,0.167,0.167]},"t":0,"s":[95,95,100]},{"t":16.0000006516934,"s":[100,100,100]}],"ix":6}},"ao":0,"shapes":[{"ty":"gr","it":[{"ind":0,"ty":"sh","ix":1,"ks":{"a":0,"k":{"i":[[0,0],[0,0],[0,0],[0,0]],"o":[[0,0],[0,0],[0,0],[0,0]],"v":[[-151.332,-40],[151.332,-40],[151.332,40],[-151.332,40]],"c":true},"ix":2},"nm":"Path 1","mn":"ADBE Vector Shape - Group","hd":false},{"ty":"fl","c":{"a":0,"k":[0.21960785985,0.21960785985,0.21960785985,1],"ix":4},"o":{"a":0,"k":100,"ix":5},"r":1,"bm":0,"nm":"Fill 1","mn":"ADBE Vector Graphic - Fill","hd":false},{"ty":"tr","p":{"a":0,"k":[212.499,371.671],"ix":2},"a":{"a":0,"k":[0,0],"ix":1},"s":{"a":0,"k":[100,107.393],"ix":3},"r":{"a":0,"k":0,"ix":6},"o":{"a":0,"k":100,"ix":7},"sk":{"a":0,"k":0,"ix":4},"sa":{"a":0,"k":0,"ix":5},"nm":"Transform"}],"nm":"dialog_background","np":2,"cix":2,"bm":0,"ix":1,"mn":"ADBE Vector Group","hd":false},{"ty":"gr","it":[{"ind":0,"ty":"sh","ix":1,"ks":{"a":0,"k":{"i":[[0,0],[0,0],[0,0],[0,0]],"o":[[0,0],[0,0],[0,0],[0,0]],"v":[[0.788,1.971],[-0.789,1.971],[-0.789,-1.183],[0.788,-1.183]],"c":true},"ix":2},"nm":"Path 1","mn":"ADBE Vector Shape - Group","hd":false},{"ind":1,"ty":"sh","ix":2,"ks":{"a":0,"k":{"i":[[0,0],[0,0],[0,0],[0,0]],"o":[[0,0],[0,0],[0,0],[0,0]],"v":[[0.788,5.127],[-0.789,5.127],[-0.789,3.55],[0.788,3.55]],"c":true},"ix":2},"nm":"Path 2","mn":"ADBE Vector Shape - Group","hd":false},{"ind":2,"ty":"sh","ix":3,"ks":{"a":0,"k":{"i":[[0,0],[0,0],[0,0]],"o":[[0,0],[0,0],[0,0]],"v":[[-8.675,7.492],[8.675,7.492],[-0.001,-7.492]],"c":true},"ix":2},"nm":"Path 3","mn":"ADBE Vector Shape - Group","hd":false},{"ty":"mm","mm":1,"nm":"Merge Paths 1","mn":"ADBE Vector Filter - Merge","hd":false},{"ty":"fl","c":{"a":0,"k":[0.889999988032,0.063000002094,0.097999999102,1],"ix":4},"o":{"a":0,"k":100,"ix":5},"r":1,"bm":0,"nm":"Fill 1","mn":"ADBE Vector Graphic - Fill","hd":false},{"ty":"tr","p":{"a":0,"k":[74.462,316.452],"ix":2},"a":{"a":0,"k":[0,0],"ix":1},"s":{"a":0,"k":[100,100],"ix":3},"r":{"a":0,"k":0,"ix":6},"o":{"a":0,"k":100,"ix":7},"sk":{"a":0,"k":0,"ix":4},"sa":{"a":0,"k":0,"ix":5},"nm":"Transform"}],"nm":"warning_icon","np":5,"cix":2,"bm":0,"ix":2,"mn":"ADBE Vector Group","hd":false},{"ty":"gr","it":[{"ind":0,"ty":"sh","ix":1,"ks":{"a":0,"k":{"i":[[0,0],[0,0],[0,0],[0,0]],"o":[[0,0],[0,0],[0,0],[0,0]],"v":[[-151.32,-12.166],[151.32,-12.166],[151.32,12.166],[-151.32,12.166]],"c":true},"ix":2},"nm":"Path 1","mn":"ADBE Vector Shape - Group","hd":false},{"ty":"fl","c":{"a":0,"k":[0.779999976065,0.779999976065,0.779999976065,1],"ix":4},"o":{"a":0,"k":100,"ix":5},"r":1,"bm":0,"nm":"Fill 1","mn":"ADBE Vector Graphic - Fill","hd":false},{"ty":"tr","p":{"a":0,"k":[212.487,316.587],"ix":2},"a":{"a":0,"k":[0,0],"ix":1},"s":{"a":0,"k":[100,100],"ix":3},"r":{"a":0,"k":0,"ix":6},"o":{"a":0,"k":100,"ix":7},"sk":{"a":0,"k":0,"ix":4},"sa":{"a":0,"k":0,"ix":5},"nm":"Transform"}],"nm":"top_bar","np":2,"cix":2,"bm":0,"ix":3,"mn":"ADBE Vector Group","hd":false}],"ip":0,"op":1800.0000733155,"st":0,"bm":0}],"markers":[],"chars":[{"ch":"D","size":21,"style":"Regular","w":40.8,"data":{"shapes":[{"ty":"gr","it":[{"ind":0,"ty":"sh","ix":1,"ks":{"a":0,"k":{"i":[[0,0],[0,0],[0,11.279],[0,0],[11.078,0],[0,0]],"o":[[0,0],[11.078,0],[0,0],[0,-11.279],[0,0],[0,0]],"v":[[4.028,0],[21.552,0],[38.068,-17.422],[38.068,-53.073],[21.552,-70.496],[4.028,-70.496]],"c":true},"ix":2},"nm":"D","mn":"ADBE Vector Shape - Group","hd":false},{"ind":1,"ty":"sh","ix":2,"ks":{"a":0,"k":{"i":[[0,0],[0,-5.035],[0,0],[3.525,0],[0,0],[0,0]],"o":[[3.525,0],[0,0],[0,5.035],[0,0],[0,0],[0,0]],"v":[[21.35,-60.425],[26.99,-53.577],[26.99,-16.919],[21.35,-10.071],[15.106,-10.071],[15.106,-60.425]],"c":true},"ix":2},"nm":"D","mn":"ADBE Vector Shape - Group","hd":false}],"nm":"D","np":5,"cix":2,"bm":0,"ix":1,"mn":"ADBE Vector Group","hd":false}]},"fFamily":"Bebas Neue"},{"ch":"O","size":21,"style":"Regular","w":39.6,"data":{"shapes":[{"ty":"gr","it":[{"ind":0,"ty":"sh","ix":1,"ks":{"a":0,"k":{"i":[[0,0],[-3.525,0],[0,-5.035],[0,0],[3.525,0],[0,5.035]],"o":[[0,-5.035],[3.525,0],[0,0],[0,5.035],[-3.525,0],[0,0]],"v":[[14.2,-54.282],[19.94,-61.23],[25.681,-54.282],[25.681,-16.214],[19.94,-9.265],[14.2,-16.214]],"c":true},"ix":2},"nm":"O","mn":"ADBE Vector Shape - Group","hd":false},{"ind":1,"ty":"sh","ix":2,"ks":{"a":0,"k":{"i":[[0,0],[-10.876,0],[0,11.279],[0,0],[10.876,0],[0,-11.279]],"o":[[0,11.279],[10.876,0],[0,0],[0,-11.279],[-10.876,0],[0,0]],"v":[[3.122,-16.919],[19.94,0.806],[36.758,-16.919],[36.758,-53.577],[19.94,-71.301],[3.122,-53.577]],"c":true},"ix":2},"nm":"O","mn":"ADBE Vector Shape - Group","hd":false}],"nm":"O","np":5,"cix":2,"bm":0,"ix":1,"mn":"ADBE Vector Group","hd":false}]},"fFamily":"Bebas Neue"},{"ch":" ","size":21,"style":"Regular","w":15.5,"data":{},"fFamily":"Bebas Neue"},{"ch":"Y","size":21,"style":"Regular","w":39.6,"data":{"shapes":[{"ty":"gr","it":[{"ind":0,"ty":"sh","ix":1,"ks":{"a":0,"k":{"i":[[0,0],[0,0],[0,0],[0,0],[0,0],[0,0],[0,0],[0,0],[0,0],[0,0]],"o":[[0,0],[0,0],[0,0],[0,0],[0,0],[0,0],[0,0],[0,0],[0,0],[0,0]],"v":[[14.401,0],[25.479,0],[25.479,-23.364],[39.478,-70.496],[28.903,-70.496],[20.544,-38.37],[20.343,-38.37],[11.984,-70.496],[0.403,-70.496],[14.401,-23.364]],"c":true},"ix":2},"nm":"Y","mn":"ADBE Vector Shape - Group","hd":false}],"nm":"Y","np":3,"cix":2,"bm":0,"ix":1,"mn":"ADBE Vector Group","hd":false}]},"fFamily":"Bebas Neue"},{"ch":"U","size":21,"style":"Regular","w":39.8,"data":{"shapes":[{"ty":"gr","it":[{"ind":0,"ty":"sh","ix":1,"ks":{"a":0,"k":{"i":[[0,0],[0,0],[-10.876,0],[0,11.279],[0,0],[0,0],[0,0],[3.525,0],[0,5.035],[0,0]],"o":[[0,0],[0,11.279],[10.876,0],[0,0],[0,0],[0,0],[0,5.035],[-3.525,0],[0,0],[0,0]],"v":[[3.525,-70.496],[3.525,-16.818],[20.041,0.906],[36.557,-16.818],[36.557,-70.496],[26.083,-70.496],[26.083,-16.113],[20.343,-9.265],[14.603,-16.113],[14.603,-70.496]],"c":true},"ix":2},"nm":"U","mn":"ADBE Vector Shape - Group","hd":false}],"nm":"U","np":3,"cix":2,"bm":0,"ix":1,"mn":"ADBE Vector Group","hd":false}]},"fFamily":"Bebas Neue"},{"ch":"W","size":21,"style":"Regular","w":56.3,"data":{"shapes":[{"ty":"gr","it":[{"ind":0,"ty":"sh","ix":1,"ks":{"a":0,"k":{"i":[[0,0],[0,0],[0,0],[0,0],[0,0],[0,0],[0,0],[0,0],[0,0],[0,0],[0,0],[0,0],[0,0],[0,0],[0,0],[0,0]],"o":[[0,0],[0,0],[0,0],[0,0],[0,0],[0,0],[0,0],[0,0],[0,0],[0,0],[0,0],[0,0],[0,0],[0,0],[0,0],[0,0]],"v":[[32.629,0],[47.333,0],[55.188,-70.496],[45.52,-70.496],[39.88,-14.502],[39.679,-14.502],[34.241,-70.496],[23.566,-70.496],[18.329,-14.905],[18.127,-14.905],[12.286,-70.496],[1.511,-70.496],[9.366,0],[24.573,0],[28.5,-37.564],[28.702,-37.564]],"c":true},"ix":2},"nm":"W","mn":"ADBE Vector Shape - Group","hd":false}],"nm":"W","np":3,"cix":2,"bm":0,"ix":1,"mn":"ADBE Vector Group","hd":false}]},"fFamily":"Bebas Neue"},{"ch":"A","size":21,"style":"Regular","w":40.7,"data":{"shapes":[{"ty":"gr","it":[{"ind":0,"ty":"sh","ix":1,"ks":{"a":0,"k":{"i":[[0,0],[0,0],[0,0],[0,0],[0,0],[0,0],[0,0],[0,0]],"o":[[0,0],[0,0],[0,0],[0,0],[0,0],[0,0],[0,0],[0,0]],"v":[[28.601,-70.496],[12.387,-70.496],[1.108,0],[11.279,0],[13.193,-12.79],[26.788,-12.79],[28.702,0],[39.88,0]],"c":true},"ix":2},"nm":"A","mn":"ADBE Vector Shape - Group","hd":false},{"ind":1,"ty":"sh","ix":2,"ks":{"a":0,"k":{"i":[[0,0],[0,0],[0,0],[0,0]],"o":[[0,0],[0,0],[0,0],[0,0]],"v":[[19.839,-58.008],[20.041,-58.008],[25.278,-22.357],[14.603,-22.357]],"c":true},"ix":2},"nm":"A","mn":"ADBE Vector Shape - Group","hd":false}],"nm":"A","np":5,"cix":2,"bm":0,"ix":1,"mn":"ADBE Vector Group","hd":false}]},"fFamily":"Bebas Neue"},{"ch":"N","size":21,"style":"Regular","w":42.7,"data":{"shapes":[{"ty":"gr","it":[{"ind":0,"ty":"sh","ix":1,"ks":{"a":0,"k":{"i":[[0,0],[0,0],[0,0],[0,0],[0,0],[0,0],[0,0],[0,0],[0,0],[0,0],[0,0],[0,0]],"o":[[0,0],[0,0],[0,0],[0,0],[0,0],[0,0],[0,0],[0,0],[0,0],[0,0],[0,0],[0,0]],"v":[[27.695,0],[39.075,0],[39.075,-70.496],[29.205,-70.496],[29.205,-28.299],[29.004,-28.299],[17.825,-70.496],[3.928,-70.496],[3.928,0],[13.898,0],[13.898,-51.059],[14.099,-51.059]],"c":true},"ix":2},"nm":"N","mn":"ADBE Vector Shape - Group","hd":false}],"nm":"N","np":3,"cix":2,"bm":0,"ix":1,"mn":"ADBE Vector Group","hd":false}]},"fFamily":"Bebas Neue"},{"ch":"T","size":21,"style":"Regular","w":35.6,"data":{"shapes":[{"ty":"gr","it":[{"ind":0,"ty":"sh","ix":1,"ks":{"a":0,"k":{"i":[[0,0],[0,0],[0,0],[0,0],[0,0],[0,0],[0,0],[0,0]],"o":[[0,0],[0,0],[0,0],[0,0],[0,0],[0,0],[0,0],[0,0]],"v":[[0.806,-60.425],[12.387,-60.425],[12.387,0],[23.465,0],[23.465,-60.425],[35.046,-60.425],[35.046,-70.496],[0.806,-70.496]],"c":true},"ix":2},"nm":"T","mn":"ADBE Vector Shape - Group","hd":false}],"nm":"T","np":3,"cix":2,"bm":0,"ix":1,"mn":"ADBE Vector Group","hd":false}]},"fFamily":"Bebas Neue"},{"ch":"I","size":21,"style":"Regular","w":19,"data":{"shapes":[{"ty":"gr","it":[{"ind":0,"ty":"sh","ix":1,"ks":{"a":0,"k":{"i":[[0,0],[0,0],[0,0],[0,0]],"o":[[0,0],[0,0],[0,0],[0,0]],"v":[[4.028,0],[15.106,0],[15.106,-70.496],[4.028,-70.496]],"c":true},"ix":2},"nm":"I","mn":"ADBE Vector Shape - Group","hd":false}],"nm":"I","np":3,"cix":2,"bm":0,"ix":1,"mn":"ADBE Vector Group","hd":false}]},"fFamily":"Bebas Neue"},{"ch":"S","size":21,"style":"Regular","w":37.4,"data":{"shapes":[{"ty":"gr","it":[{"ind":0,"ty":"sh","ix":1,"ks":{"a":0,"k":{"i":[[0,-11.279],[-9.265,-8.157],[0,-5.136],[3.525,0],[0,5.035],[0,0],[0,0],[0,0],[-10.876,0],[0,11.279],[9.265,8.157],[0,5.136],[-3.525,0],[0,-5.035],[0,0],[0,0],[0,0],[10.776,0]],"o":[[0,8.057],[7.251,6.345],[0,5.035],[-3.525,0],[0,0],[0,0],[0,0],[0,11.279],[10.876,0],[0,-8.057],[-7.251,-6.345],[0,-5.035],[3.525,0],[0,0],[0,0],[0,0],[0,-11.279],[-10.776,0]],"v":[[2.618,-53.577],[14.804,-31.522],[24.271,-16.214],[18.53,-9.366],[12.79,-16.214],[12.79,-21.249],[2.316,-21.249],[2.316,-16.919],[18.832,0.806],[35.349,-16.919],[23.163,-38.974],[13.696,-54.282],[19.235,-61.23],[24.774,-54.282],[24.774,-51.361],[35.248,-51.361],[35.248,-53.577],[18.933,-71.301]],"c":true},"ix":2},"nm":"S","mn":"ADBE Vector Shape - Group","hd":false}],"nm":"S","np":3,"cix":2,"bm":0,"ix":1,"mn":"ADBE Vector Group","hd":false}]},"fFamily":"Bebas Neue"},{"ch":"L","size":21,"style":"Regular","w":33.9,"data":{"shapes":[{"ty":"gr","it":[{"ind":0,"ty":"sh","ix":1,"ks":{"a":0,"k":{"i":[[0,0],[0,0],[0,0],[0,0],[0,0],[0,0]],"o":[[0,0],[0,0],[0,0],[0,0],[0,0],[0,0]],"v":[[4.028,0],[33.334,0],[33.334,-10.071],[15.106,-10.071],[15.106,-70.496],[4.028,-70.496]],"c":true},"ix":2},"nm":"L","mn":"ADBE Vector Shape - Group","hd":false}],"nm":"L","np":3,"cix":2,"bm":0,"ix":1,"mn":"ADBE Vector Group","hd":false}]},"fFamily":"Bebas Neue"},{"ch":"H","size":21,"style":"Regular","w":42.7,"data":{"shapes":[{"ty":"gr","it":[{"ind":0,"ty":"sh","ix":1,"ks":{"a":0,"k":{"i":[[0,0],[0,0],[0,0],[0,0],[0,0],[0,0],[0,0],[0,0],[0,0],[0,0],[0,0],[0,0]],"o":[[0,0],[0,0],[0,0],[0,0],[0,0],[0,0],[0,0],[0,0],[0,0],[0,0],[0,0],[0,0]],"v":[[15.106,-30.212],[27.695,-30.212],[27.695,0],[38.974,0],[38.974,-70.496],[27.695,-70.496],[27.695,-40.283],[15.106,-40.283],[15.106,-70.496],[4.028,-70.496],[4.028,0],[15.106,0]],"c":true},"ix":2},"nm":"H","mn":"ADBE Vector Shape - Group","hd":false}],"nm":"H","np":3,"cix":2,"bm":0,"ix":1,"mn":"ADBE Vector Group","hd":false}]},"fFamily":"Bebas Neue"},{"ch":"P","size":21,"style":"Regular","w":37.7,"data":{"shapes":[{"ty":"gr","it":[{"ind":0,"ty":"sh","ix":1,"ks":{"a":0,"k":{"i":[[11.078,0],[0,0],[0,0],[0,0],[0,0],[0,0],[0,11.279],[0,0]],"o":[[0,0],[0,0],[0,0],[0,0],[0,0],[11.078,0],[0,0],[0,-11.279]],"v":[[20.343,-70.496],[4.028,-70.496],[4.028,0],[15.106,0],[15.106,-26.486],[20.343,-26.486],[36.859,-43.909],[36.859,-53.073]],"c":true},"ix":2},"nm":"P","mn":"ADBE Vector Shape - Group","hd":false},{"ind":1,"ty":"sh","ix":2,"ks":{"a":0,"k":{"i":[[0,0],[0,-5.035],[0,0],[3.525,0],[0,0],[0,0]],"o":[[3.525,0],[0,0],[0,5.035],[0,0],[0,0],[0,0]],"v":[[20.343,-60.425],[25.781,-53.778],[25.781,-43.204],[20.343,-36.557],[15.106,-36.557],[15.106,-60.425]],"c":true},"ix":2},"nm":"P","mn":"ADBE Vector Shape - Group","hd":false}],"nm":"P","np":5,"cix":2,"bm":0,"ix":1,"mn":"ADBE Vector Group","hd":false}]},"fFamily":"Bebas Neue"},{"ch":"R","size":21,"style":"Regular","w":40.2,"data":{"shapes":[{"ty":"gr","it":[{"ind":0,"ty":"sh","ix":1,"ks":{"a":0,"k":{"i":[[0,0],[0,3.424],[0,0],[5.539,2.316],[0,0],[0,7.251],[0,0],[11.481,0],[0,0],[0,0],[0,0],[0,0],[0,0],[0,-6.546],[0,0],[-0.604,-1.813]],"o":[[-1.108,-2.618],[0,0],[0,-7.352],[0,0],[4.935,-2.316],[0,0],[0,-10.876],[0,0],[0,0],[0,0],[0,0],[0,0],[5.035,0],[0,0],[0,5.74],[0,0]],"v":[[38.47,0],[37.262,-8.56],[37.262,-19.437],[29.91,-34.341],[29.91,-34.543],[37.161,-48.743],[37.161,-54.282],[20.746,-70.496],[4.028,-70.496],[4.028,0],[15.106,0],[15.106,-28.702],[18.933,-28.702],[26.184,-19.739],[26.184,-8.661],[27.191,0]],"c":true},"ix":2},"nm":"R","mn":"ADBE Vector Shape - Group","hd":false},{"ind":1,"ty":"sh","ix":2,"ks":{"a":0,"k":{"i":[[0,0],[0,-5.035],[0,0],[4.129,0],[0,0],[0,0]],"o":[[3.928,0],[0,0],[0,5.64],[0,0],[0,0],[0,0]],"v":[[20.444,-60.425],[26.083,-53.174],[26.083,-46.225],[19.437,-38.773],[15.106,-38.773],[15.106,-60.425]],"c":true},"ix":2},"nm":"R","mn":"ADBE Vector Shape - Group","hd":false}],"nm":"R","np":5,"cix":2,"bm":0,"ix":1,"mn":"ADBE Vector Group","hd":false}]},"fFamily":"Bebas Neue"},{"ch":"G","size":21,"style":"Regular","w":39,"data":{"shapes":[{"ty":"gr","it":[{"ind":0,"ty":"sh","ix":1,"ks":{"a":0,"k":{"i":[[0,0],[0,0],[0,0],[3.525,0],[0,5.035],[0,0],[-3.525,0],[0,-5.035],[0,0],[0,0],[0,0],[10.876,0],[0,-11.279],[0,0],[-10.876,0],[0,11.279],[0,0],[0,0]],"o":[[0,0],[0,0],[0,5.035],[-3.525,0],[0,0],[0,-5.035],[3.525,0],[0,0],[0,0],[0,0],[0,-11.279],[-10.876,0],[0,0],[0,11.279],[10.876,0],[0,0],[0,0],[0,0]],"v":[[20.645,-29.205],[25.681,-29.205],[25.681,-16.214],[19.94,-9.366],[14.2,-16.214],[14.2,-54.282],[19.94,-61.23],[25.681,-54.282],[25.681,-46.729],[36.154,-46.729],[36.154,-53.577],[19.638,-71.301],[3.122,-53.577],[3.122,-16.919],[19.638,0.806],[36.154,-16.919],[36.154,-39.276],[20.645,-39.276]],"c":true},"ix":2},"nm":"G","mn":"ADBE Vector Shape - Group","hd":false}],"nm":"G","np":3,"cix":2,"bm":0,"ix":1,"mn":"ADBE Vector Group","hd":false}]},"fFamily":"Bebas Neue"},{"ch":"M","size":21,"style":"Regular","w":54.1,"data":{"shapes":[{"ty":"gr","it":[{"ind":0,"ty":"sh","ix":1,"ks":{"a":0,"k":{"i":[[0,0],[0,0],[0,0],[0,0],[0,0],[0,0],[0,0],[0,0],[0,0],[0,0],[0,0],[0,0],[0,0],[0,0],[0,0],[0,0]],"o":[[0,0],[0,0],[0,0],[0,0],[0,0],[0,0],[0,0],[0,0],[0,0],[0,0],[0,0],[0,0],[0,0],[0,0],[0,0],[0,0]],"v":[[19.336,-70.496],[3.928,-70.496],[3.928,0],[13.596,0],[13.596,-49.85],[13.797,-49.85],[21.854,0],[32.327,0],[39.78,-50.555],[39.981,-50.555],[39.981,0],[50.455,0],[50.455,-70.496],[35.046,-70.496],[27.594,-20.444],[27.393,-20.444]],"c":true},"ix":2},"nm":"M","mn":"ADBE Vector Shape - Group","hd":false}],"nm":"M","np":3,"cix":2,"bm":0,"ix":1,"mn":"ADBE Vector Group","hd":false}]},"fFamily":"Bebas Neue"},{"ch":"?","size":21,"style":"Regular","w":36,"data":{"shapes":[{"ty":"gr","it":[{"ind":0,"ty":"sh","ix":1,"ks":{"a":0,"k":{"i":[[0,0],[0,1.309],[-4.33,5.841],[0,7.553],[10.776,0],[0,-11.279],[0,0],[0,0],[0,0],[-3.525,0],[0,-5.035],[4.935,-7.05],[0,-5.64],[-0.403,-1.208]],"o":[[-0.302,-1.309],[0,-4.532],[5.438,-7.251],[0,-11.279],[-10.776,0],[0,0],[0,0],[0,0],[0,-5.035],[3.525,0],[0,6.747],[-4.33,6.143],[0,1.813],[0,0]],"v":[[21.954,-15.61],[21.552,-19.537],[27.191,-33.334],[34.644,-53.577],[18.329,-71.301],[2.014,-53.577],[2.014,-46.628],[12.488,-46.628],[12.488,-54.282],[18.027,-61.23],[23.566,-54.282],[17.221,-35.852],[11.481,-19.94],[12.085,-15.61]],"c":true},"ix":2},"nm":"?","mn":"ADBE Vector Shape - Group","hd":false},{"ind":1,"ty":"sh","ix":2,"ks":{"a":0,"k":{"i":[[0,0],[0,0],[0,0],[0,0]],"o":[[0,0],[0,0],[0,0],[0,0]],"v":[[11.581,-10.675],[11.581,0],[22.256,0],[22.256,-10.675]],"c":true},"ix":2},"nm":"?","mn":"ADBE Vector Shape - Group","hd":false}],"nm":"?","np":5,"cix":2,"bm":0,"ix":1,"mn":"ADBE Vector Group","hd":false}]},"fFamily":"Bebas Neue"},{"ch":"E","size":21,"style":"Regular","w":36.8,"data":{"shapes":[{"ty":"gr","it":[{"ind":0,"ty":"sh","ix":1,"ks":{"a":0,"k":{"i":[[0,0],[0,0],[0,0],[0,0],[0,0],[0,0],[0,0],[0,0],[0,0],[0,0],[0,0],[0,0]],"o":[[0,0],[0,0],[0,0],[0,0],[0,0],[0,0],[0,0],[0,0],[0,0],[0,0],[0,0],[0,0]],"v":[[15.106,-60.425],[34.241,-60.425],[34.241,-70.496],[4.028,-70.496],[4.028,0],[34.241,0],[34.241,-10.071],[15.106,-10.071],[15.106,-30.716],[30.313,-30.716],[30.313,-40.787],[15.106,-40.787]],"c":true},"ix":2},"nm":"E","mn":"ADBE Vector Shape - Group","hd":false}],"nm":"E","np":3,"cix":2,"bm":0,"ix":1,"mn":"ADBE Vector Group","hd":false}]},"fFamily":"Bebas Neue"},{"ch":":","size":21,"style":"Regular","w":18.6,"data":{"shapes":[{"ty":"gr","it":[{"ind":0,"ty":"sh","ix":1,"ks":{"a":0,"k":{"i":[[0,0],[0,0],[0,0],[0,0]],"o":[[0,0],[0,0],[0,0],[0,0]],"v":[[4.028,-10.675],[4.028,0],[14.703,0],[14.703,-10.675]],"c":true},"ix":2},"nm":":","mn":"ADBE Vector Shape - Group","hd":false},{"ind":1,"ty":"sh","ix":2,"ks":{"a":0,"k":{"i":[[0,0],[0,0],[0,0],[0,0]],"o":[[0,0],[0,0],[0,0],[0,0]],"v":[[4.028,-49.045],[4.028,-38.37],[14.703,-38.37],[14.703,-49.045]],"c":true},"ix":2},"nm":":","mn":"ADBE Vector Shape - Group","hd":false}],"nm":":","np":5,"cix":2,"bm":0,"ix":1,"mn":"ADBE Vector Group","hd":false}]},"fFamily":"Bebas Neue"},{"ch":"a","size":18,"style":"Regular","w":60.01,"data":{"shapes":[{"ty":"gr","it":[{"ind":0,"ty":"sh","ix":1,"ks":{"a":0,"k":{"i":[[0,0],[-0.423,0.391],[0,0.586],[0.423,0.375],[1.009,0],[0,0],[0,0],[2.897,2.556],[5.176,0],[5.078,-1.367],[0.455,-0.488],[0,-0.553],[-0.375,-0.391],[-0.521,0],[-1.042,0.326],[-3.191,0],[-2.084,-1.66],[0,-2.246],[0,0],[2.213,0.244],[1.888,0],[3.645,-2.962],[0,-3.971],[-2.767,-2.49],[-4.916,0],[-5.957,5.013],[0,0]],"o":[[1.009,0],[0.423,-0.391],[0,-0.618],[-0.423,-0.374],[0,0],[0,0],[0,-3.223],[-2.898,-2.555],[-2.605,0],[-3.223,0.847],[-0.326,0.326],[0,0.586],[0.374,0.391],[0.293,0],[5.762,-1.855],[4.166,0],[2.083,1.66],[0,0],[-2.572,-0.52],[-2.214,-0.244],[-6.999,0],[-3.646,2.962],[0,3.613],[2.766,2.49],[6.77,0],[0,0],[0,0]],"v":[[51.416,0],[53.564,-0.586],[54.199,-2.051],[53.564,-3.54],[51.416,-4.102],[45.947,-4.102],[45.947,-31.25],[41.602,-39.917],[29.492,-43.75],[17.969,-41.699],[12.451,-39.697],[11.963,-38.379],[12.524,-36.914],[13.867,-36.328],[15.869,-36.816],[29.297,-39.6],[38.672,-37.109],[41.797,-31.25],[41.797,-24.609],[34.619,-25.757],[28.467,-26.123],[12.5,-21.68],[7.031,-11.279],[11.182,-2.124],[22.705,1.611],[41.797,-5.908],[41.797,0]],"c":true},"ix":2},"nm":"a","mn":"ADBE Vector Shape - Group","hd":false},{"ind":1,"ty":"sh","ix":2,"ks":{"a":0,"k":{"i":[[0,0],[3.043,-1.416],[3.548,0],[1.936,1.693],[0,2.474],[-2.539,1.921],[-5.957,0],[-2.148,-0.26],[-1.921,-0.553]],"o":[[-3.223,3.093],[-3.044,1.416],[-3.711,0],[-1.937,-1.692],[0,-2.669],[3.352,-2.571],[2.376,0],[2.148,0.261],[0,0]],"v":[[41.797,-11.377],[32.397,-4.614],[22.51,-2.49],[14.038,-5.029],[11.133,-11.279],[14.941,-18.164],[28.906,-22.021],[35.693,-21.631],[41.797,-20.41]],"c":true},"ix":2},"nm":"a","mn":"ADBE Vector Shape - Group","hd":false}],"nm":"a","np":5,"cix":2,"bm":0,"ix":1,"mn":"ADBE Vector Group","hd":false}]},"fFamily":"Courier New"},{"ch":"b","size":18,"style":"Regular","w":60.01,"data":{"shapes":[{"ty":"gr","it":[{"ind":0,"ty":"sh","ix":1,"ks":{"a":0,"k":{"i":[[0,0],[0.423,-0.391],[0,-0.586],[-0.423,-0.391],[-0.977,0],[0,0],[0,0],[0,0],[0.423,-0.374],[0,-0.618],[-0.423,-0.391],[-0.977,0],[0,0],[0,0],[-7.162,0],[-4.314,4.427],[0,6.38],[4.264,4.346],[5.989,0],[4.948,-6.445],[0,0]],"o":[[-0.977,0],[-0.423,0.391],[0,0.619],[0.423,0.391],[0,0],[0,0],[0,0],[-0.977,0],[-0.423,0.375],[0,0.586],[0.423,0.391],[0,0],[0,0],[4.785,6.445],[5.891,0],[4.313,-4.427],[0,-6.315],[-4.265,-4.346],[-6.999,0],[0,0],[0,0]],"v":[[4.932,-61.279],[2.832,-60.693],[2.197,-59.229],[2.832,-57.715],[4.932,-57.129],[10.449,-57.129],[10.449,-4.102],[4.932,-4.102],[2.832,-3.54],[2.197,-2.051],[2.832,-0.586],[4.932,0],[14.551,0],[14.551,-8.057],[32.471,1.611],[47.778,-5.029],[54.248,-21.24],[47.852,-37.231],[32.471,-43.75],[14.551,-34.082],[14.551,-61.279]],"c":true},"ix":2},"nm":"b","mn":"ADBE Vector Shape - Group","hd":false},{"ind":1,"ty":"sh","ix":2,"ks":{"a":0,"k":{"i":[[3.548,-3.596],[4.752,0],[3.548,3.597],[0,5.176],[-3.548,3.597],[-4.753,0],[-3.548,-3.596],[0,-5.176]],"o":[[-3.548,3.597],[-4.753,0],[-3.548,-3.596],[0,-5.176],[3.548,-3.596],[4.752,0],[3.548,3.597],[0,5.176]],"v":[[44.824,-7.886],[32.373,-2.49],[19.922,-7.886],[14.6,-21.045],[19.922,-34.204],[32.373,-39.6],[44.824,-34.204],[50.146,-21.045]],"c":true},"ix":2},"nm":"b","mn":"ADBE Vector Shape - Group","hd":false}],"nm":"b","np":5,"cix":2,"bm":0,"ix":1,"mn":"ADBE Vector Group","hd":false}]},"fFamily":"Courier New"},{"ch":"c","size":18,"style":"Regular","w":60.01,"data":{"shapes":[{"ty":"gr","it":[{"ind":0,"ty":"sh","ix":1,"ks":{"a":0,"k":{"i":[[6.282,0],[4.346,-4.362],[0,-6.608],[-4.248,-4.215],[-6.609,0],[-5.306,3.484],[0,1.4],[0.374,0.375],[0.553,0],[0.684,-0.651],[3.304,-1.172],[3.19,0],[3.483,3.451],[0,5.306],[-3.158,3.809],[-6.087,0],[-2.849,-2.083],[-0.195,-2.311],[-0.375,-0.374],[-0.554,0],[-0.375,0.423],[-0.033,1.009],[0,0],[0.391,0.423],[0.618,0],[0.391,-0.423],[0,-1.009],[0,0]],"o":[[-6.609,0],[-4.346,4.362],[0,6.478],[4.248,4.216],[6.51,0],[3.288,-2.148],[0,-0.553],[-0.375,-0.374],[-0.521,0],[-2.67,2.605],[-3.304,1.172],[-5.534,0],[-3.484,-3.45],[0,-4.915],[3.157,-3.809],[4.817,0],[2.848,2.084],[0.065,0.879],[0.374,0.375],[0.618,0],[0.374,-0.423],[0,0],[0,-1.009],[-0.391,-0.423],[-0.586,0],[-0.391,0.423],[0,0],[-4.265,-3.743]],"v":[[31.299,-43.75],[14.868,-37.207],[8.35,-20.752],[14.722,-4.712],[31.006,1.611],[48.73,-3.613],[53.662,-8.936],[53.101,-10.327],[51.709,-10.889],[49.902,-9.912],[40.942,-4.248],[31.201,-2.49],[17.676,-7.666],[12.451,-20.801],[17.188,-33.887],[31.055,-39.6],[42.554,-36.475],[47.119,-29.883],[47.778,-28.003],[49.17,-27.441],[50.659,-28.076],[51.27,-30.225],[51.27,-39.502],[50.684,-41.65],[49.17,-42.285],[47.705,-41.65],[47.119,-39.502],[47.119,-38.135]],"c":true},"ix":2},"nm":"c","mn":"ADBE Vector Shape - Group","hd":false}],"nm":"c","np":3,"cix":2,"bm":0,"ix":1,"mn":"ADBE Vector Group","hd":false}]},"fFamily":"Courier New"},{"ch":".","size":18,"style":"Regular","w":60.01,"data":{"shapes":[{"ty":"gr","it":[{"ind":0,"ty":"sh","ix":1,"ks":{"a":0,"k":{"i":[[1.318,-1.27],[0,-1.888],[-1.302,-1.286],[-1.823,0],[0,0],[-1.318,1.27],[0,1.888],[1.302,1.286],[1.823,0],[0,0]],"o":[[-1.318,1.27],[0,1.823],[1.302,1.286],[0,0],[1.79,0],[1.318,-1.27],[0,-1.823],[-1.302,-1.286],[0,0],[-1.791,0]],"v":[[24.487,-9.863],[22.51,-5.127],[24.463,-0.464],[29.15,1.465],[30.908,1.465],[35.571,-0.439],[37.549,-5.176],[35.596,-9.839],[30.908,-11.768],[29.15,-11.768]],"c":true},"ix":2},"nm":".","mn":"ADBE Vector Shape - Group","hd":false}],"nm":".","np":3,"cix":2,"bm":0,"ix":1,"mn":"ADBE Vector Group","hd":false}]},"fFamily":"Courier New"},{"ch":"e","size":18,"style":"Regular","w":60.01,"data":{"shapes":[{"ty":"gr","it":[{"ind":0,"ty":"sh","ix":1,"ks":{"a":0,"k":{"i":[[4.329,4.379],[6.705,0],[4.411,-4.264],[0,-5.957],[-4.704,-4.606],[-7.031,0],[-3.988,1.416],[-1.563,1.628],[0,0.554],[0.391,0.407],[0.52,0],[0.618,-0.488],[3.352,-1.009],[3.059,0],[3.727,3.239],[0.716,5.306],[0,0]],"o":[[-4.33,-4.378],[-6.511,0],[-4.411,4.265],[0,6.543],[4.704,4.607],[4.199,0],[3.987,-1.416],[0.52,-0.52],[0,-0.553],[-0.391,-0.407],[-0.456,0],[-2.116,1.66],[-3.353,1.009],[-5.502,0],[-3.728,-3.239],[0,0],[0.065,-6.966]],"v":[[45.801,-37.183],[29.248,-43.75],[12.866,-37.354],[6.25,-22.021],[13.306,-5.298],[30.908,1.611],[43.188,-0.513],[51.514,-5.078],[52.295,-6.689],[51.709,-8.13],[50.342,-8.74],[48.73,-8.008],[40.527,-4.004],[30.908,-2.49],[17.065,-7.349],[10.4,-20.166],[52.197,-20.166]],"c":true},"ix":2},"nm":"e","mn":"ADBE Vector Shape - Group","hd":false},{"ind":1,"ty":"sh","ix":2,"ks":{"a":0,"k":{"i":[[0,0],[-3.451,2.8],[-4.785,0],[-3.467,-2.832],[-0.814,-4.524]],"o":[[0.846,-4.59],[3.45,-2.799],[4.785,0],[3.467,2.832],[0,0]],"v":[[10.449,-24.316],[16.895,-35.4],[29.248,-39.6],[41.626,-35.352],[48.047,-24.316]],"c":true},"ix":2},"nm":"e","mn":"ADBE Vector Shape - Group","hd":false}],"nm":"e","np":5,"cix":2,"bm":0,"ix":1,"mn":"ADBE Vector Group","hd":false}]},"fFamily":"Courier New"},{"ch":"x","size":18,"style":"Regular","w":60.01,"data":{"shapes":[{"ty":"gr","it":[{"ind":0,"ty":"sh","ix":1,"ks":{"a":0,"k":{"i":[[0,0],[-0.31,0.13],[-0.244,0.359],[0,0.391],[0.423,0.391],[0.977,0],[0,0],[0.423,-0.391],[0,-0.586],[-0.439,-0.391],[-0.977,0],[0,0],[0,0],[0,0],[0,0],[-0.407,0.391],[0,0.586],[0.407,0.391],[1.009,0],[0,0],[0.423,-0.391],[0,-0.586],[-0.244,-0.358],[-0.31,-0.13],[-1.172,0],[0,0],[0,0],[0.309,-0.114],[0.244,-0.358],[0,-0.423],[-0.423,-0.391],[-0.977,0],[0,0],[-0.423,0.391],[0,0.586],[0.423,0.375],[0.977,0],[0,0],[0,0],[0,0],[0,0],[0.423,-0.374],[0,-0.618],[-0.423,-0.391],[-1.009,0],[0,0],[-0.423,0.391],[0,0.586],[0.244,0.359],[0.325,0.114],[1.237,0],[0,0]],"o":[[1.172,0],[0.309,-0.13],[0.244,-0.358],[0,-0.618],[-0.423,-0.391],[0,0],[-1.009,0],[-0.423,0.391],[0,0.619],[0.439,0.391],[0,0],[0,0],[0,0],[0,0],[1.009,0],[0.407,-0.391],[0,-0.618],[-0.407,-0.391],[0,0],[-1.009,0],[-0.423,0.391],[0,0.423],[0.244,0.359],[0.309,0.13],[0,0],[0,0],[-1.237,0],[-0.31,0.114],[-0.244,0.359],[0,0.586],[0.423,0.391],[0,0],[0.977,0],[0.423,-0.391],[0,-0.618],[-0.423,-0.374],[0,0],[0,0],[0,0],[0,0],[-1.009,0],[-0.423,0.375],[0,0.586],[0.423,0.391],[0,0],[1.009,0],[0.423,-0.391],[0,-0.423],[-0.244,-0.358],[-0.326,-0.114],[0,0],[0,0]],"v":[[49.561,-38.135],[51.782,-38.33],[52.612,-39.063],[52.979,-40.186],[52.344,-41.699],[50.244,-42.285],[39.063,-42.285],[36.914,-41.699],[36.279,-40.234],[36.938,-38.721],[39.063,-38.135],[43.945,-38.135],[30.029,-24.805],[16.211,-38.135],[21.094,-38.135],[23.218,-38.721],[23.828,-40.186],[23.218,-41.699],[21.094,-42.285],[9.912,-42.285],[7.764,-41.699],[7.129,-40.234],[7.495,-39.063],[8.325,-38.33],[10.547,-38.135],[27.246,-22.119],[8.447,-4.102],[6.128,-3.931],[5.298,-3.223],[4.932,-2.051],[5.566,-0.586],[7.666,0],[20.996,0],[23.096,-0.586],[23.73,-2.051],[23.096,-3.54],[20.996,-4.102],[14.16,-4.102],[30.029,-19.385],[45.996,-4.102],[39.209,-4.102],[37.061,-3.54],[36.426,-2.051],[37.061,-0.586],[39.209,0],[52.393,0],[54.541,-0.586],[55.176,-2.051],[54.81,-3.223],[53.955,-3.931],[51.611,-4.102],[32.813,-22.119]],"c":true},"ix":2},"nm":"x","mn":"ADBE Vector Shape - Group","hd":false}],"nm":"x","np":3,"cix":2,"bm":0,"ix":1,"mn":"ADBE Vector Group","hd":false}]},"fFamily":"Courier New"},{"ch":"C","size":21,"style":"Regular","w":38.6,"data":{"shapes":[{"ty":"gr","it":[{"ind":0,"ty":"sh","ix":1,"ks":{"a":0,"k":{"i":[[0,0],[0,0],[3.525,0],[0,5.035],[0,0],[-3.525,0],[0,-5.035],[0,0],[0,0],[0,0],[10.876,0],[0,-11.279],[0,0],[-10.876,0],[0,11.279],[0,0]],"o":[[0,0],[0,5.035],[-3.525,0],[0,0],[0,-5.035],[3.525,0],[0,0],[0,0],[0,0],[0,-11.279],[-10.876,0],[0,0],[0,11.279],[10.876,0],[0,0],[0,0]],"v":[[25.681,-26.285],[25.681,-16.214],[19.94,-9.366],[14.2,-16.214],[14.2,-54.282],[19.94,-61.23],[25.681,-54.282],[25.681,-46.729],[36.154,-46.729],[36.154,-53.577],[19.638,-71.301],[3.122,-53.577],[3.122,-16.919],[19.638,0.806],[36.154,-16.919],[36.154,-26.285]],"c":true},"ix":2},"nm":"C","mn":"ADBE Vector Shape - Group","hd":false}],"nm":"C","np":3,"cix":2,"bm":0,"ix":1,"mn":"ADBE Vector Group","hd":false}]},"fFamily":"Bebas Neue"},{"ch":"!","size":21,"style":"Regular","w":19,"data":{"shapes":[{"ty":"gr","it":[{"ind":0,"ty":"sh","ix":1,"ks":{"a":0,"k":{"i":[[0,0],[0,0],[0,0],[0,0],[0,0],[0,0]],"o":[[0,0],[0,0],[0,0],[0,0],[0,0],[0,0]],"v":[[13.696,-15.61],[15.106,-41.089],[15.106,-70.496],[4.028,-70.496],[4.028,-41.089],[5.438,-15.61]],"c":true},"ix":2},"nm":"!","mn":"ADBE Vector Shape - Group","hd":false},{"ind":1,"ty":"sh","ix":2,"ks":{"a":0,"k":{"i":[[0,0],[0,0],[0,0],[0,0]],"o":[[0,0],[0,0],[0,0],[0,0]],"v":[[4.23,-10.675],[4.23,0],[14.905,0],[14.905,-10.675]],"c":true},"ix":2},"nm":"!","mn":"ADBE Vector Shape - Group","hd":false}],"nm":"!","np":5,"cix":2,"bm":0,"ix":1,"mn":"ADBE Vector Group","hd":false}]},"fFamily":"Bebas Neue"}]}