{"v":"5.4.2","fr":60,"ip":0,"op":270,"w":1000,"h":500,"nm":"crossing_paths","ddd":0,"assets":[],"fonts":{"list":[{"fName":"Lato-Regular","fFamily":"Lato","fStyle":"Regular","ascent":73.699951171875}]},"layers":[{"ddd":0,"ind":1,"ty":4,"nm":"sloganMask","sr":1,"ks":{"o":{"a":0,"k":100,"ix":11},"r":{"a":0,"k":0,"ix":10},"p":{"a":0,"k":[500,250,0],"ix":2},"a":{"a":0,"k":[0,0,0],"ix":1},"s":{"a":0,"k":[100,100,100],"ix":6}},"ao":0,"shapes":[{"ty":"gr","it":[{"ty":"rc","d":1,"s":{"a":0,"k":[258,79],"ix":2},"p":{"a":0,"k":[0,0],"ix":3},"r":{"a":0,"k":0,"ix":4},"nm":"Rectangle Path 1","mn":"ADBE Vector Shape - Rect","hd":false},{"ty":"fl","c":{"a":0,"k":[0.113725498319,0.152941182256,0.200000017881,1],"ix":4},"o":{"a":1,"k":[{"i":{"x":[0.667],"y":[1]},"o":{"x":[0.333],"y":[0]},"n":["0p667_1_0p333_0"],"t":229,"s":[100],"e":[0]},{"t":247}],"ix":5},"r":1,"nm":"Fill 1","mn":"ADBE Vector Graphic - Fill","hd":false},{"ty":"tr","p":{"a":0,"k":[-1,188.5],"ix":2},"a":{"a":0,"k":[0,0],"ix":1},"s":{"a":0,"k":[100,100],"ix":3},"r":{"a":0,"k":0,"ix":6},"o":{"a":0,"k":100,"ix":7},"sk":{"a":0,"k":0,"ix":4},"sa":{"a":0,"k":0,"ix":5},"nm":"Transform"}],"nm":"Rectangle 1","np":2,"cix":2,"ix":1,"mn":"ADBE Vector Group","hd":false}],"ip":0,"op":300,"st":0,"bm":0},{"ddd":0,"ind":2,"ty":5,"nm":"slogan","sr":1,"ks":{"o":{"a":0,"k":100,"ix":11},"r":{"a":0,"k":0,"ix":10},"p":{"a":0,"k":[499.191,437.824,0],"ix":2},"a":{"a":0,"k":[0,0,0],"ix":1},"s":{"a":0,"k":[100,100,100],"ix":6}},"ao":0,"t":{"d":{"k":[{"s":{"s":18,"f":"Lato-Regular","t":"RETRO MUSIC TODAY","j":2,"tr":170,"lh":21.6,"ls":0,"fc":[1,1,1]},"t":0}]},"p":{},"m":{"g":1,"a":{"a":0,"k":[0,0],"ix":2}},"a":[]},"ip":0,"op":300,"st":0,"bm":0},{"ddd":0,"ind":3,"ty":4,"nm":"subtitleMask","sr":1,"ks":{"o":{"a":0,"k":100,"ix":11},"r":{"a":0,"k":0,"ix":10},"p":{"a":0,"k":[500,250,0],"ix":2},"a":{"a":0,"k":[0,0,0],"ix":1},"s":{"a":0,"k":[100,100,100],"ix":6}},"ao":0,"shapes":[{"ty":"gr","it":[{"ty":"rc","d":3,"s":{"a":0,"k":[427,43],"ix":2},"p":{"a":0,"k":[0,0],"ix":3},"r":{"a":0,"k":0,"ix":4},"nm":"Rectangle Path 1","mn":"ADBE Vector Shape - Rect","hd":false},{"ty":"fl","c":{"a":0,"k":[0.113725498319,0.152941182256,0.200000017881,1],"ix":4},"o":{"a":0,"k":100,"ix":5},"r":1,"nm":"Fill 1","mn":"ADBE Vector Graphic - Fill","hd":false},{"ty":"tr","p":{"a":0,"k":[217.5,86.25],"ix":2},"a":{"a":0,"k":[-218,-27.25],"ix":1},"s":{"a":1,"k":[{"i":{"x":[0.667,0.667],"y":[1,1]},"o":{"x":[0.333,0.333],"y":[0,0]},"n":["0p667_1_0p333_0","0p667_1_0p333_0"],"t":200,"s":[-100,100],"e":[0,100]},{"t":224}],"ix":3},"r":{"a":0,"k":0,"ix":6},"o":{"a":0,"k":100,"ix":7},"sk":{"a":0,"k":0,"ix":4},"sa":{"a":0,"k":0,"ix":5},"nm":"Transform"}],"nm":"Rectangle 1","np":2,"cix":2,"ix":1,"mn":"ADBE Vector Group","hd":false}],"ip":0,"op":300,"st":0,"bm":0},{"ddd":0,"ind":4,"ty":4,"nm":"masks Outlines","sr":1,"ks":{"o":{"a":0,"k":100,"ix":11},"r":{"a":0,"k":0,"ix":10},"p":{"a":0,"k":[601.272,203.415,0],"ix":2},"a":{"a":0,"k":[182.258,134.621,0],"ix":1},"s":{"a":0,"k":[100,100,100],"ix":6}},"ao":0,"shapes":[{"ty":"gr","it":[{"ind":0,"ty":"sh","ix":1,"ks":{"a":0,"k":{"i":[[0,0],[0,0],[0,0],[0,0]],"o":[[0,0],[0,0],[0,0],[0,0]],"v":[[27.655,12.588],[-27.655,12.588],[-27.655,-12.588],[27.655,-12.588]],"c":true},"ix":2},"nm":"Path 1","mn":"ADBE Vector Shape - Group","hd":false},{"ty":"fl","c":{"a":0,"k":[0.113999998803,0.152999997606,0.2,1],"ix":4},"o":{"a":0,"k":100,"ix":5},"r":1,"nm":"Fill 1","mn":"ADBE Vector Graphic - Fill","hd":false},{"ty":"gr","it":[{"ind":0,"ty":"sh","ix":1,"ks":{"a":0,"k":{"i":[[0,0],[0,0],[0,0],[0,0]],"o":[[0,0],[0,0],[0,0],[0,0]],"v":[[27.655,12.588],[-27.655,12.588],[-27.655,-12.588],[27.655,-12.588]],"c":true},"ix":2},"nm":"Path 1","mn":"ADBE Vector Shape - Group","hd":false},{"ty":"fl","c":{"a":0,"k":[0.113999998803,0.152999997606,0.2,1],"ix":4},"o":{"a":0,"k":100,"ix":5},"r":1,"nm":"Fill 1","mn":"ADBE Vector Graphic - Fill","hd":false},{"ty":"tr","p":{"a":0,"k":[270.86,256.404],"ix":2},"a":{"a":0,"k":[0,0],"ix":1},"s":{"a":0,"k":[100,100],"ix":3},"r":{"a":0,"k":0,"ix":6},"o":{"a":0,"k":100,"ix":7},"sk":{"a":0,"k":0,"ix":4},"sa":{"a":0,"k":0,"ix":5},"nm":"Transform"}],"nm":"Group 1","np":2,"cix":2,"ix":3,"mn":"ADBE Vector Group","hd":false},{"ty":"tr","p":{"a":0,"k":[270.86,256.404],"ix":2},"a":{"a":0,"k":[0,0],"ix":1},"s":{"a":0,"k":[100,100],"ix":3},"r":{"a":0,"k":0,"ix":6},"o":{"a":0,"k":100,"ix":7},"sk":{"a":0,"k":0,"ix":4},"sa":{"a":0,"k":0,"ix":5},"nm":"Transform"}],"nm":"Group 1","np":3,"cix":2,"ix":1,"mn":"ADBE Vector Group","hd":false},{"ty":"gr","it":[{"ind":0,"ty":"sh","ix":1,"ks":{"a":0,"k":{"i":[[0,0],[0,0],[0,0],[0,0]],"o":[[0,0],[0,0],[0,0],[0,0]],"v":[[103.984,11.083],[-97.573,11.083],[-103.984,-11.083],[103.984,-11.083]],"c":true},"ix":2},"nm":"Path 1","mn":"ADBE Vector Shape - Group","hd":false},{"ty":"fl","c":{"a":0,"k":[0.113999998803,0.152999997606,0.2,1],"ix":4},"o":{"a":0,"k":100,"ix":5},"r":1,"nm":"Fill 1","mn":"ADBE Vector Graphic - Fill","hd":false},{"ty":"tr","p":{"a":0,"k":[104.234,153.002],"ix":2},"a":{"a":0,"k":[0,0],"ix":1},"s":{"a":0,"k":[101.687,100],"ix":3},"r":{"a":0,"k":0,"ix":6},"o":{"a":0,"k":100,"ix":7},"sk":{"a":0,"k":0,"ix":4},"sa":{"a":0,"k":0,"ix":5},"nm":"Transform"}],"nm":"Group 2","np":2,"cix":2,"ix":2,"mn":"ADBE Vector Group","hd":false},{"ty":"gr","it":[{"ind":0,"ty":"sh","ix":1,"ks":{"a":0,"k":{"i":[[0,0],[0,0],[0,0],[0,0]],"o":[[0,0],[0,0],[0,0],[0,0]],"v":[[74.604,25.176],[-74.604,25.176],[-74.604,-25.176],[74.604,-25.176]],"c":true},"ix":2},"nm":"Path 1","mn":"ADBE Vector Shape - Group","hd":false},{"ty":"fl","c":{"a":0,"k":[0.113999998803,0.152999997606,0.2,1],"ix":4},"o":{"a":0,"k":100,"ix":5},"r":1,"nm":"Fill 1","mn":"ADBE Vector Graphic - Fill","hd":false},{"ty":"tr","p":{"a":0,"k":[289.662,25.426],"ix":2},"a":{"a":0,"k":[0,0],"ix":1},"s":{"a":0,"k":[100,101.959],"ix":3},"r":{"a":0,"k":0,"ix":6},"o":{"a":0,"k":100,"ix":7},"sk":{"a":0,"k":0,"ix":4},"sa":{"a":0,"k":0,"ix":5},"nm":"Transform"}],"nm":"Group 3","np":2,"cix":2,"ix":3,"mn":"ADBE Vector Group","hd":false},{"ty":"gr","it":[{"ind":0,"ty":"sh","ix":1,"ks":{"a":0,"k":{"i":[[0,0],[0,0],[0,0],[0,0]],"o":[[0,0],[0,0],[0,0],[0,0]],"v":[[74.604,25.176],[-74.604,25.176],[-74.604,-25.176],[74.604,-25.176]],"c":true},"ix":2},"nm":"Path 1","mn":"ADBE Vector Shape - Group","hd":false},{"ty":"fl","c":{"a":0,"k":[0.113999998803,0.152999997606,0.2,1],"ix":4},"o":{"a":0,"k":100,"ix":5},"r":1,"nm":"Fill 1","mn":"ADBE Vector Graphic - Fill","hd":false},{"ty":"tr","p":{"a":0,"k":[338.162,171.926],"ix":2},"a":{"a":0,"k":[0,0],"ix":1},"s":{"a":0,"k":[22.003,22.862],"ix":3},"r":{"a":0,"k":0,"ix":6},"o":{"a":0,"k":100,"ix":7},"sk":{"a":0,"k":0,"ix":4},"sa":{"a":0,"k":0,"ix":5},"nm":"Transform"}],"nm":"Group 4","np":2,"cix":2,"ix":4,"mn":"ADBE Vector Group","hd":false}],"ip":0,"op":300,"st":0,"bm":0},{"ddd":0,"ind":5,"ty":4,"nm":"s Outlines","sr":1,"ks":{"o":{"a":0,"k":100,"ix":11},"r":{"a":0,"k":0,"ix":10},"p":{"a":0,"k":[696.113,359.94,0],"ix":2},"a":{"a":0,"k":[11.814,13.752,0],"ix":1},"s":{"a":0,"k":[100,100,100],"ix":6}},"ao":0,"shapes":[{"ty":"gr","it":[{"ind":0,"ty":"sh","ix":1,"ks":{"a":0,"k":{"i":[[0,0],[1.666,0],[0,-0.891],[-1.046,-0.31],[0,0],[0,-4.029],[6.857,0],[2.13,2.364],[0.193,2.558],[0,0],[-2.441,0],[0,1.162],[1.588,0.504],[0,0],[1.124,1.357],[0,1.588],[-6.316,0],[-1.704,-2.247],[-0.155,-2.247]],"o":[[-0.465,-1.55],[-1.549,0],[0,0.659],[0,0],[5.928,1.704],[0,5.308],[-4.067,0],[-1.317,-1.471],[0,0],[0.077,1.938],[1.976,0],[0,-0.774],[0,0],[-2.867,-0.891],[-0.969,-1.2],[0,-4.765],[4.068,0],[1.046,1.317],[0,0]],"v":[[2.887,-5.249],[-0.253,-7.573],[-2.964,-6.024],[-1.492,-4.668],[3.429,-3.234],[11.565,4.63],[0.135,13.501],[-9.472,9.821],[-11.565,4.281],[-3.622,4.281],[0.291,7.304],[3.661,5.327],[1.492,3.584],[-3.622,1.996],[-9.201,-1.182],[-10.713,-5.52],[-0.096,-13.501],[8.737,-10.053],[10.325,-5.249]],"c":true},"ix":2},"nm":"Path 1","mn":"ADBE Vector Shape - Group","hd":false},{"ty":"fl","c":{"a":0,"k":[1,1,1,1],"ix":4},"o":{"a":0,"k":100,"ix":5},"r":1,"nm":"Fill 1","mn":"ADBE Vector Graphic - Fill","hd":false},{"ty":"tr","p":{"a":0,"k":[11.814,13.751],"ix":2},"a":{"a":0,"k":[0,0],"ix":1},"s":{"a":0,"k":[100,100],"ix":3},"r":{"a":0,"k":0,"ix":6},"o":{"a":0,"k":100,"ix":7},"sk":{"a":0,"k":0,"ix":4},"sa":{"a":0,"k":0,"ix":5},"nm":"Transform"}],"nm":"Group 1","np":2,"cix":2,"ix":1,"mn":"ADBE Vector Group","hd":false}],"ip":0,"op":300,"st":0,"bm":0},{"ddd":0,"ind":6,"ty":4,"nm":"d Outlines","sr":1,"ks":{"o":{"a":0,"k":100,"ix":11},"r":{"a":0,"k":0,"ix":10},"p":{"a":0,"k":[632.568,359.94,0],"ix":2},"a":{"a":0,"k":[12.318,13.171,0],"ix":1},"s":{"a":0,"k":[100,100,100],"ix":6}},"ao":0,"shapes":[{"ty":"gr","it":[{"ind":0,"ty":"sh","ix":1,"ks":{"a":0,"k":{"i":[[0,0],[0,4.145],[0.892,1.24],[2.285,0],[0,0],[0,0]],"o":[[3.913,0],[0,-1.899],[-1.046,-1.394],[0,0],[0,0],[0,0]],"v":[[-1.569,6.451],[4.32,0.252],[2.963,-4.476],[-1.801,-6.451],[-4.32,-6.451],[-4.32,6.451]],"c":true},"ix":2},"nm":"Path 1","mn":"ADBE Vector Shape - Group","hd":false},{"ind":1,"ty":"sh","ix":2,"ks":{"a":0,"k":{"i":[[0,0],[0,0],[-2.325,-2.556],[0,-3.913],[1.782,-2.247],[4.843,0],[0,0]],"o":[[0,0],[5.075,0],[2.17,2.403],[0,3.486],[-2.363,2.905],[0,0],[0,0]],"v":[[-12.068,-12.921],[-1.415,-12.921],[8.736,-9.435],[12.068,0.174],[9.395,8.698],[-1.066,12.921],[-12.068,12.921]],"c":true},"ix":2},"nm":"Path 2","mn":"ADBE Vector Shape - Group","hd":false},{"ty":"mm","mm":1,"nm":"Merge Paths 1","mn":"ADBE Vector Filter - Merge","hd":false},{"ty":"fl","c":{"a":0,"k":[1,1,1,1],"ix":4},"o":{"a":0,"k":100,"ix":5},"r":1,"nm":"Fill 1","mn":"ADBE Vector Graphic - Fill","hd":false},{"ty":"tr","p":{"a":0,"k":[12.318,13.171],"ix":2},"a":{"a":0,"k":[0,0],"ix":1},"s":{"a":0,"k":[100,100],"ix":3},"r":{"a":0,"k":0,"ix":6},"o":{"a":0,"k":100,"ix":7},"sk":{"a":0,"k":0,"ix":4},"sa":{"a":0,"k":0,"ix":5},"nm":"Transform"}],"nm":"Group 1","np":4,"cix":2,"ix":1,"mn":"ADBE Vector Group","hd":false}],"ip":0,"op":300,"st":0,"bm":0},{"ddd":0,"ind":7,"ty":4,"nm":"r Outlines_02","sr":1,"ks":{"o":{"a":0,"k":100,"ix":11},"r":{"a":0,"k":0,"ix":10},"p":{"a":0,"k":[567.202,359.94,0],"ix":2},"a":{"a":0,"k":[12.24,13.171,0],"ix":1},"s":{"a":0,"k":[100,100,100],"ix":6}},"ao":0,"shapes":[{"ty":"gr","it":[{"ind":0,"ty":"sh","ix":1,"ks":{"a":0,"k":{"i":[[0,0],[0,1.783],[2.479,0],[0,0],[0,0]],"o":[[2.479,0],[0,-1.782],[0,0],[0,0],[0,0]],"v":[[-0.29,-1.802],[3.313,-4.398],[-0.29,-6.993],[-4.242,-6.993],[-4.242,-1.802]],"c":true},"ix":2},"nm":"Path 1","mn":"ADBE Vector Shape - Group","hd":false},{"ind":1,"ty":"sh","ix":2,"ks":{"a":0,"k":{"i":[[0,0],[0,0],[0,0],[0,0],[-1.743,-1.085],[0,-2.556],[2.556,-1.434],[-0.348,-2.906],[0,0],[-0.387,-0.659],[0,0],[0.116,1.355],[0,0],[3.138,0],[0,0]],"o":[[0,0],[0,0],[0,0],[4.456,0],[1.899,1.202],[0,2.907],[2.169,1.007],[0,0],[0.116,1.239],[0,0],[-0.349,-0.581],[0,0],[-0.311,-3.913],[0,0],[0,0]],"v":[[-4.242,12.921],[-11.99,12.921],[-11.99,-12.921],[0.096,-12.921],[8.039,-11.527],[11.06,-5.521],[7.265,0.911],[10.867,6.451],[11.37,10.713],[11.99,12.921],[4.164,12.921],[3.622,10.713],[3.468,8.891],[-0.989,3.893],[-4.242,3.893]],"c":true},"ix":2},"nm":"Path 2","mn":"ADBE Vector Shape - Group","hd":false},{"ty":"mm","mm":1,"nm":"Merge Paths 1","mn":"ADBE Vector Filter - Merge","hd":false},{"ty":"fl","c":{"a":0,"k":[1,1,1,1],"ix":4},"o":{"a":0,"k":100,"ix":5},"r":1,"nm":"Fill 1","mn":"ADBE Vector Graphic - Fill","hd":false},{"ty":"tr","p":{"a":0,"k":[12.24,13.171],"ix":2},"a":{"a":0,"k":[0,0],"ix":1},"s":{"a":0,"k":[100,100],"ix":3},"r":{"a":0,"k":0,"ix":6},"o":{"a":0,"k":100,"ix":7},"sk":{"a":0,"k":0,"ix":4},"sa":{"a":0,"k":0,"ix":5},"nm":"Transform"}],"nm":"Group 1","np":4,"cix":2,"ix":1,"mn":"ADBE Vector Group","hd":false}],"ip":0,"op":300,"st":0,"bm":0},{"ddd":0,"ind":8,"ty":4,"nm":"o Outlines","sr":1,"ks":{"o":{"a":0,"k":100,"ix":11},"r":{"a":0,"k":0,"ix":10},"p":{"a":0,"k":[500.556,359.94,0],"ix":2},"a":{"a":0,"k":[13.558,13.751,0],"ix":1},"s":{"a":0,"k":[100,100,100],"ix":6}},"ao":0,"shapes":[{"ty":"gr","it":[{"ind":0,"ty":"sh","ix":1,"ks":{"a":0,"k":{"i":[[0,-4.262],[-3.255,0],[0,4.223],[3.254,0]],"o":[[0,4.3],[3.176,0],[0,-4.339],[-3.216,0]],"v":[[-5.288,-0.02],[0.02,7.032],[5.289,0.058],[-0.019,-7.032]],"c":true},"ix":2},"nm":"Path 1","mn":"ADBE Vector Shape - Group","hd":false},{"ind":1,"ty":"sh","ix":2,"ks":{"a":0,"k":{"i":[[0,-8.213],[7.825,0],[0,8.02],[-7.865,0]],"o":[[0,7.827],[-7.865,0],[0,-7.981],[8.02,0]],"v":[[13.308,0.174],[-0.019,13.501],[-13.308,-0.02],[-0.019,-13.501]],"c":true},"ix":2},"nm":"Path 2","mn":"ADBE Vector Shape - Group","hd":false},{"ty":"mm","mm":1,"nm":"Merge Paths 1","mn":"ADBE Vector Filter - Merge","hd":false},{"ty":"fl","c":{"a":0,"k":[1,1,1,1],"ix":4},"o":{"a":0,"k":100,"ix":5},"r":1,"nm":"Fill 1","mn":"ADBE Vector Graphic - Fill","hd":false},{"ty":"tr","p":{"a":0,"k":[13.558,13.751],"ix":2},"a":{"a":0,"k":[0,0],"ix":1},"s":{"a":0,"k":[100,100],"ix":3},"r":{"a":0,"k":0,"ix":6},"o":{"a":0,"k":100,"ix":7},"sk":{"a":0,"k":0,"ix":4},"sa":{"a":0,"k":0,"ix":5},"nm":"Transform"}],"nm":"Group 1","np":4,"cix":2,"ix":1,"mn":"ADBE Vector Group","hd":false}],"ip":0,"op":300,"st":0,"bm":0},{"ddd":0,"ind":9,"ty":4,"nm":"c Outlines","sr":1,"ks":{"o":{"a":0,"k":100,"ix":11},"r":{"a":0,"k":0,"ix":10},"p":{"a":0,"k":[434.88,359.94,0],"ix":2},"a":{"a":0,"k":[12.744,13.751,0],"ix":1},"s":{"a":0,"k":[100,100,100],"ix":6}},"ao":0,"shapes":[{"ty":"gr","it":[{"ind":0,"ty":"sh","ix":1,"ks":{"a":0,"k":{"i":[[0,0],[2.208,0],[0,-4.107],[-2.944,0],[-0.426,2.75],[0,0],[1.24,-1.704],[4.068,0],[0,7.981],[-7.515,0],[-1.123,-6.199]],"o":[[-0.426,-2.286],[-2.984,0],[0,4.068],[2.325,0],[0,0],[-0.271,2.634],[-2.13,2.906],[-7.593,0],[0,-7.709],[6.199,0],[0,0]],"v":[[4.591,-3.352],[0.291,-7.033],[-4.746,-0.097],[0.407,7.032],[4.591,2.809],[12.494,2.809],[10.363,8.891],[0.523,13.501],[-12.494,-0.214],[0.445,-13.501],[12.3,-3.507]],"c":true},"ix":2},"nm":"Path 1","mn":"ADBE Vector Shape - Group","hd":false},{"ty":"fl","c":{"a":0,"k":[1,1,1,1],"ix":4},"o":{"a":0,"k":100,"ix":5},"r":1,"nm":"Fill 1","mn":"ADBE Vector Graphic - Fill","hd":false},{"ty":"tr","p":{"a":0,"k":[12.744,13.751],"ix":2},"a":{"a":0,"k":[0,0],"ix":1},"s":{"a":0,"k":[100,100],"ix":3},"r":{"a":0,"k":0,"ix":6},"o":{"a":0,"k":100,"ix":7},"sk":{"a":0,"k":0,"ix":4},"sa":{"a":0,"k":0,"ix":5},"nm":"Transform"}],"nm":"Group 1","np":2,"cix":2,"ix":1,"mn":"ADBE Vector Group","hd":false}],"ip":0,"op":300,"st":0,"bm":0},{"ddd":0,"ind":10,"ty":4,"nm":"e Outlines","sr":1,"ks":{"o":{"a":0,"k":100,"ix":11},"r":{"a":0,"k":0,"ix":10},"p":{"a":0,"k":[370.889,359.94,0],"ix":2},"a":{"a":0,"k":[11.447,13.171,0],"ix":1},"s":{"a":0,"k":[100,100,100],"ix":6}},"ao":0,"shapes":[{"ty":"gr","it":[{"ind":0,"ty":"sh","ix":1,"ks":{"a":0,"k":{"i":[[0,0],[0,0],[0,0],[0,0],[0,0],[0,0],[0,0],[0,0],[0,0],[0,0],[0,0],[0,0]],"o":[[0,0],[0,0],[0,0],[0,0],[0,0],[0,0],[0,0],[0,0],[0,0],[0,0],[0,0],[0,0]],"v":[[10.577,-6.451],[-3.449,-6.451],[-3.449,-3.313],[8.832,-3.313],[8.832,2.615],[-3.449,2.615],[-3.449,6.064],[11.197,6.064],[11.197,12.921],[-11.197,12.921],[-11.197,-12.921],[10.577,-12.921]],"c":true},"ix":2},"nm":"Path 1","mn":"ADBE Vector Shape - Group","hd":false},{"ty":"fl","c":{"a":0,"k":[1,1,1,1],"ix":4},"o":{"a":0,"k":100,"ix":5},"r":1,"nm":"Fill 1","mn":"ADBE Vector Graphic - Fill","hd":false},{"ty":"tr","p":{"a":0,"k":[11.446,13.171],"ix":2},"a":{"a":0,"k":[0,0],"ix":1},"s":{"a":0,"k":[100,100],"ix":3},"r":{"a":0,"k":0,"ix":6},"o":{"a":0,"k":100,"ix":7},"sk":{"a":0,"k":0,"ix":4},"sa":{"a":0,"k":0,"ix":5},"nm":"Transform"}],"nm":"Group 1","np":2,"cix":2,"ix":1,"mn":"ADBE Vector Group","hd":false}],"ip":0,"op":300,"st":0,"bm":0},{"ddd":0,"ind":11,"ty":4,"nm":"r Outlines","sr":1,"ks":{"o":{"a":0,"k":100,"ix":11},"r":{"a":0,"k":0,"ix":10},"p":{"a":0,"k":[306.394,359.94,0],"ix":2},"a":{"a":0,"k":[12.241,13.171,0],"ix":1},"s":{"a":0,"k":[100,100,100],"ix":6}},"ao":0,"shapes":[{"ty":"gr","it":[{"ind":0,"ty":"sh","ix":1,"ks":{"a":0,"k":{"i":[[0,0],[0,1.783],[2.479,0],[0,0],[0,0]],"o":[[2.479,0],[0,-1.782],[0,0],[0,0],[0,0]],"v":[[-0.29,-1.802],[3.313,-4.398],[-0.29,-6.993],[-4.243,-6.993],[-4.243,-1.802]],"c":true},"ix":2},"nm":"Path 1","mn":"ADBE Vector Shape - Group","hd":false},{"ind":1,"ty":"sh","ix":2,"ks":{"a":0,"k":{"i":[[0,0],[0,0],[0,0],[0,0],[-1.744,-1.085],[0,-2.556],[2.557,-1.434],[-0.349,-2.906],[0,0],[-0.387,-0.659],[0,0],[0.116,1.355],[0,0],[3.138,0],[0,0]],"o":[[0,0],[0,0],[0,0],[4.455,0],[1.898,1.202],[0,2.907],[2.169,1.007],[0,0],[0.116,1.239],[0,0],[-0.349,-0.581],[0,0],[-0.31,-3.913],[0,0],[0,0]],"v":[[-4.243,12.921],[-11.99,12.921],[-11.99,-12.921],[0.097,-12.921],[8.04,-11.527],[11.062,-5.521],[7.265,0.911],[10.868,6.451],[11.372,10.713],[11.99,12.921],[4.166,12.921],[3.623,10.713],[3.468,8.891],[-0.988,3.893],[-4.243,3.893]],"c":true},"ix":2},"nm":"Path 2","mn":"ADBE Vector Shape - Group","hd":false},{"ty":"mm","mm":1,"nm":"Merge Paths 1","mn":"ADBE Vector Filter - Merge","hd":false},{"ty":"fl","c":{"a":0,"k":[1,1,1,1],"ix":4},"o":{"a":0,"k":100,"ix":5},"r":1,"nm":"Fill 1","mn":"ADBE Vector Graphic - Fill","hd":false},{"ty":"tr","p":{"a":0,"k":[12.24,13.171],"ix":2},"a":{"a":0,"k":[0,0],"ix":1},"s":{"a":0,"k":[100,100],"ix":3},"r":{"a":0,"k":0,"ix":6},"o":{"a":0,"k":100,"ix":7},"sk":{"a":0,"k":0,"ix":4},"sa":{"a":0,"k":0,"ix":5},"nm":"Transform"}],"nm":"Group 1","np":4,"cix":2,"ix":1,"mn":"ADBE Vector Group","hd":false}],"ip":0,"op":300,"st":0,"bm":0},{"ddd":0,"ind":12,"ty":4,"nm":"R Outlines 2","sr":1,"ks":{"o":{"a":0,"k":100,"ix":11},"r":{"a":0,"k":0,"ix":10},"p":{"a":0,"k":[667.303,266.662,0],"ix":2},"a":{"a":0,"k":[69.745,98.449,0],"ix":1},"s":{"a":0,"k":[100,100,100],"ix":6}},"ao":0,"shapes":[{"ty":"gr","it":[{"ind":0,"ty":"sh","ix":1,"ks":{"a":0,"k":{"i":[[0,0],[-6.066,8.118],[-0.415,2.839],[0,0]],"o":[[2.609,-0.626],[3.929,-5.258],[0,0],[0,0]],"v":[[-11.323,24.261],[5.794,13.143],[11.323,-0.284],[11.323,-24.261]],"c":false},"ix":2},"nm":"Path 1","mn":"ADBE Vector Shape - Group","hd":false},{"ty":"tm","s":{"a":0,"k":0,"ix":1},"e":{"a":1,"k":[{"i":{"x":[0.667],"y":[1]},"o":{"x":[0.333],"y":[0]},"n":["0p667_1_0p333_0"],"t":118,"s":[0],"e":[100]},{"t":168}],"ix":2},"o":{"a":0,"k":0,"ix":3},"m":1,"ix":2,"nm":"Trim Paths 1","mn":"ADBE Vector Filter - Trim","hd":false},{"ty":"st","c":{"a":0,"k":[1,1,1,1],"ix":3},"o":{"a":0,"k":100,"ix":4},"w":{"a":0,"k":17,"ix":5},"lc":1,"lj":1,"ml":10,"ml2":{"a":0,"k":10,"ix":8},"nm":"Stroke 1","mn":"ADBE Vector Graphic - Stroke","hd":false},{"ty":"tr","p":{"a":0,"k":[67.619,66.761],"ix":2},"a":{"a":0,"k":[0,0],"ix":1},"s":{"a":0,"k":[100,100],"ix":3},"r":{"a":0,"k":0,"ix":6},"o":{"a":0,"k":100,"ix":7},"sk":{"a":0,"k":0,"ix":4},"sa":{"a":0,"k":0,"ix":5},"nm":"Transform"}],"nm":"R_curve","np":3,"cix":2,"ix":1,"mn":"ADBE Vector Group","hd":false},{"ty":"gr","it":[{"ind":0,"ty":"sh","ix":1,"ks":{"a":0,"k":{"i":[[0,0],[0,0],[0,0]],"o":[[0,0],[0,0],[0,0]],"v":[[27.246,31.688],[-14.405,-31.688],[-27.246,-31.688]],"c":false},"ix":2},"nm":"Path 1","mn":"ADBE Vector Shape - Group","hd":false},{"ty":"tm","s":{"a":0,"k":0,"ix":1},"e":{"a":1,"k":[{"i":{"x":[0.667],"y":[1]},"o":{"x":[0.333],"y":[0]},"n":["0p667_1_0p333_0"],"t":118,"s":[0],"e":[100]},{"t":156}],"ix":2},"o":{"a":0,"k":0,"ix":3},"m":1,"ix":2,"nm":"Trim Paths 1","mn":"ADBE Vector Filter - Trim","hd":false},{"ty":"st","c":{"a":0,"k":[1,1,1,1],"ix":3},"o":{"a":0,"k":100,"ix":4},"w":{"a":0,"k":17,"ix":5},"lc":1,"lj":3,"nm":"Stroke 1","mn":"ADBE Vector Graphic - Stroke","hd":false},{"ty":"tr","p":{"a":0,"k":[69.746,122.71],"ix":2},"a":{"a":0,"k":[0,0],"ix":1},"s":{"a":0,"k":[100,100],"ix":3},"r":{"a":0,"k":0,"ix":6},"o":{"a":0,"k":100,"ix":7},"sk":{"a":0,"k":0,"ix":4},"sa":{"a":0,"k":0,"ix":5},"nm":"Transform"}],"nm":"R_rightLeg","np":3,"cix":2,"ix":2,"mn":"ADBE Vector Group","hd":false},{"ty":"gr","it":[{"ind":0,"ty":"sh","ix":1,"ks":{"a":0,"k":{"i":[[0,0],[0,0]],"o":[[0,0],[0,0]],"v":[[20.868,65.187],[20.868,144.397]],"c":false},"ix":2},"nm":"Path 1","mn":"ADBE Vector Shape - Group","hd":false},{"ty":"tm","s":{"a":0,"k":0,"ix":1},"e":{"a":1,"k":[{"i":{"x":[0.667],"y":[1]},"o":{"x":[0.333],"y":[0]},"n":["0p667_1_0p333_0"],"t":118,"s":[0],"e":[100]},{"t":156}],"ix":2},"o":{"a":0,"k":0,"ix":3},"m":1,"ix":2,"nm":"Trim Paths 1","mn":"ADBE Vector Filter - Trim","hd":false},{"ty":"st","c":{"a":0,"k":[1,1,1,1],"ix":3},"o":{"a":0,"k":100,"ix":4},"w":{"a":0,"k":17,"ix":5},"lc":1,"lj":1,"ml":10,"ml2":{"a":0,"k":10,"ix":8},"nm":"Stroke 1","mn":"ADBE Vector Graphic - Stroke","hd":false},{"ty":"tr","p":{"a":0,"k":[0,0],"ix":2},"a":{"a":0,"k":[0,0],"ix":1},"s":{"a":0,"k":[100,100],"ix":3},"r":{"a":0,"k":0,"ix":6},"o":{"a":0,"k":100,"ix":7},"sk":{"a":0,"k":0,"ix":4},"sa":{"a":0,"k":0,"ix":5},"nm":"Transform"}],"nm":"R_leftLeg","np":3,"cix":2,"ix":3,"mn":"ADBE Vector Group","hd":false}],"ip":0,"op":300,"st":0,"bm":0},{"ddd":0,"ind":13,"ty":4,"nm":"E Outlines","sr":1,"ks":{"o":{"a":0,"k":100,"ix":11},"r":{"a":0,"k":0,"ix":10},"p":{"a":0,"k":[566.897,269.258,0],"ix":2},"a":{"a":0,"k":[75.191,78.358,0],"ix":1},"s":{"a":0,"k":[100,100,100],"ix":6}},"ao":0,"shapes":[{"ty":"gr","it":[{"ind":0,"ty":"sh","ix":1,"ks":{"a":0,"k":{"i":[[0,0],[0,0]],"o":[[0,0],[0,0]],"v":[[42.499,61.748],[79.852,61.748]],"c":false},"ix":2},"nm":"Path 1","mn":"ADBE Vector Shape - Group","hd":false},{"ty":"tm","s":{"a":0,"k":0,"ix":1},"e":{"a":1,"k":[{"i":{"x":[0.667],"y":[1]},"o":{"x":[0.333],"y":[0]},"n":["0p667_1_0p333_0"],"t":115,"s":[0],"e":[100]},{"t":137}],"ix":2},"o":{"a":0,"k":0,"ix":3},"m":1,"ix":2,"nm":"Trim Paths 1","mn":"ADBE Vector Filter - Trim","hd":false},{"ty":"st","c":{"a":0,"k":[1,1,1,1],"ix":3},"o":{"a":0,"k":100,"ix":4},"w":{"a":0,"k":17,"ix":5},"lc":1,"lj":1,"ml":10,"ml2":{"a":0,"k":10,"ix":8},"nm":"Stroke 1","mn":"ADBE Vector Graphic - Stroke","hd":false},{"ty":"tr","p":{"a":0,"k":[0,0],"ix":2},"a":{"a":0,"k":[0,0],"ix":1},"s":{"a":0,"k":[100,100],"ix":3},"r":{"a":0,"k":0,"ix":6},"o":{"a":0,"k":100,"ix":7},"sk":{"a":0,"k":0,"ix":4},"sa":{"a":0,"k":0,"ix":5},"nm":"Transform"}],"nm":"E_extra","np":3,"cix":2,"ix":1,"mn":"ADBE Vector Group","hd":false},{"ty":"gr","it":[{"ind":0,"ty":"sh","ix":1,"ks":{"a":0,"k":{"i":[[0,0],[0,0],[0,0]],"o":[[0,0],[0,0],[0,0]],"v":[[-32.691,-35.859],[-32.691,35.184],[32.691,35.859]],"c":false},"ix":2},"nm":"Path 1","mn":"ADBE Vector Shape - Group","hd":false},{"ty":"tm","s":{"a":0,"k":0,"ix":1},"e":{"a":1,"k":[{"i":{"x":[0.667],"y":[1]},"o":{"x":[0.333],"y":[0]},"n":["0p667_1_0p333_0"],"t":115,"s":[0],"e":[100]},{"t":137}],"ix":2},"o":{"a":0,"k":0,"ix":3},"m":1,"ix":2,"nm":"Trim Paths 1","mn":"ADBE Vector Filter - Trim","hd":false},{"ty":"st","c":{"a":0,"k":[1,1,1,1],"ix":3},"o":{"a":0,"k":100,"ix":4},"w":{"a":0,"k":17,"ix":5},"lc":1,"lj":1,"ml":10,"ml2":{"a":0,"k":10,"ix":8},"nm":"Stroke 1","mn":"ADBE Vector Graphic - Stroke","hd":false},{"ty":"tr","p":{"a":0,"k":[75.191,78.359],"ix":2},"a":{"a":0,"k":[0,0],"ix":1},"s":{"a":0,"k":[100,100],"ix":3},"r":{"a":0,"k":0,"ix":6},"o":{"a":0,"k":100,"ix":7},"sk":{"a":0,"k":0,"ix":4},"sa":{"a":0,"k":0,"ix":5},"nm":"Transform"}],"nm":"E_main","np":3,"cix":2,"ix":2,"mn":"ADBE Vector Group","hd":false}],"ip":0,"op":300,"st":0,"bm":0},{"ddd":0,"ind":14,"ty":4,"nm":"V Outlines","sr":1,"ks":{"o":{"a":0,"k":100,"ix":11},"r":{"a":0,"k":0,"ix":10},"p":{"a":0,"k":[470.589,270.507,0],"ix":2},"a":{"a":0,"k":[75.236,79.607,0],"ix":1},"s":{"a":0,"k":[100,100,100],"ix":6}},"ao":0,"shapes":[{"ty":"gr","it":[{"ind":0,"ty":"sh","ix":1,"ks":{"a":0,"k":{"i":[[0,0],[0,0],[0,0],[0,0]],"o":[[0,0],[0,0],[0,0],[0,0]],"v":[[-32.735,-37.107],[-3.971,37.103],[3.971,37.107],[32.735,-37.107]],"c":false},"ix":2},"nm":"Path 1","mn":"ADBE Vector Shape - Group","hd":false},{"ty":"tm","s":{"a":0,"k":0,"ix":1},"e":{"a":1,"k":[{"i":{"x":[0.667],"y":[1]},"o":{"x":[0.333],"y":[0]},"n":["0p667_1_0p333_0"],"t":83,"s":[0],"e":[100]},{"t":136}],"ix":2},"o":{"a":0,"k":0,"ix":3},"m":1,"ix":2,"nm":"Trim Paths 1","mn":"ADBE Vector Filter - Trim","hd":false},{"ty":"st","c":{"a":0,"k":[1,1,1,1],"ix":3},"o":{"a":0,"k":100,"ix":4},"w":{"a":0,"k":17,"ix":5},"lc":3,"lj":1,"ml":10,"ml2":{"a":0,"k":10,"ix":8},"nm":"Stroke 1","mn":"ADBE Vector Graphic - Stroke","hd":false},{"ty":"tr","p":{"a":0,"k":[75.235,79.607],"ix":2},"a":{"a":0,"k":[0,0],"ix":1},"s":{"a":0,"k":[100,100],"ix":3},"r":{"a":0,"k":0,"ix":6},"o":{"a":0,"k":100,"ix":7},"sk":{"a":0,"k":0,"ix":4},"sa":{"a":0,"k":0,"ix":5},"nm":"Transform"}],"nm":"Group 1","np":3,"cix":2,"ix":1,"mn":"ADBE Vector Group","hd":false}],"ip":0,"op":300,"st":0,"bm":0},{"ddd":0,"ind":15,"ty":4,"nm":"O Outlines 2","sr":1,"ks":{"o":{"a":0,"k":100,"ix":11},"r":{"a":0,"k":0,"ix":10},"p":{"a":0,"k":[365.509,255.06,0],"ix":2},"a":{"a":0,"k":[93.151,96.913,0],"ix":1},"s":{"a":0,"k":[100,100,100],"ix":6}},"ao":0,"shapes":[{"ty":"gr","it":[{"ind":0,"ty":"sh","ix":1,"ks":{"a":0,"k":{"i":[[0,0],[0.671,-7.827],[-0.559,-4.278],[-3.95,-7.098],[-3.323,-2.784],[-8.136,-2.122],[-2.559,1.015],[-3.098,3.885],[-2.345,8.317],[0.44,4.875],[3.55,7.399],[9.799,7.296],[4.89,0.583]],"o":[[-1.74,4.74],[-0.525,6.126],[0.646,4.232],[4.075,7.319],[3.549,2.568],[16.259,4.238],[11.152,-4.427],[2.733,-3.86],[2.542,-9.015],[-0.29,-4.218],[-1.339,-2.792],[-10.094,-7.516],[0,0]],"v":[[-45.891,-25.804],[-50.126,-6.767],[-49.773,8.998],[-43.656,26.882],[-31.303,41.822],[-13.656,50.175],[18.344,48.41],[39.344,32.762],[48.109,14.41],[50.109,-7.237],[45.285,-25.589],[29.638,-44.413],[4.436,-54.413]],"c":false},"ix":2},"nm":"Path 1","mn":"ADBE Vector Shape - Group","hd":false},{"ty":"tm","s":{"a":0,"k":0,"ix":1},"e":{"a":1,"k":[{"i":{"x":[0.667],"y":[1]},"o":{"x":[0.333],"y":[0]},"n":["0p667_1_0p333_0"],"t":57,"s":[0],"e":[100]},{"t":97}],"ix":2},"o":{"a":0,"k":0,"ix":3},"m":1,"ix":2,"nm":"Trim Paths 1","mn":"ADBE Vector Filter - Trim","hd":false},{"ty":"st","c":{"a":0,"k":[1,1,1,1],"ix":3},"o":{"a":0,"k":100,"ix":4},"w":{"a":0,"k":17,"ix":5},"lc":1,"lj":1,"ml":10,"ml2":{"a":0,"k":10,"ix":8},"nm":"Stroke 1","mn":"ADBE Vector Graphic - Stroke","hd":false},{"ty":"tr","p":{"a":0,"k":[93.151,96.914],"ix":2},"a":{"a":0,"k":[0,0],"ix":1},"s":{"a":0,"k":[100,100],"ix":3},"r":{"a":0,"k":0,"ix":6},"o":{"a":0,"k":100,"ix":7},"sk":{"a":0,"k":0,"ix":4},"sa":{"a":0,"k":0,"ix":5},"nm":"Transform"}],"nm":"Group 1","np":3,"cix":2,"ix":1,"mn":"ADBE Vector Group","hd":false}],"ip":0,"op":300,"st":0,"bm":0},{"ddd":0,"ind":16,"ty":4,"nm":"G Outlines","sr":1,"ks":{"o":{"a":0,"k":100,"ix":11},"r":{"a":0,"k":0,"ix":10},"p":{"a":0,"k":[830.873,177.875,0],"ix":2},"a":{"a":0,"k":[88.187,96.714,0],"ix":1},"s":{"a":0,"k":[100,100,100],"ix":6}},"ao":0,"shapes":[{"ty":"gr","it":[{"ind":0,"ty":"sh","ix":1,"ks":{"a":0,"k":{"i":[[0,0],[0,0],[-0.09,-10.823],[4.525,-2.526],[7.248,0.879],[11.505,15.132],[-0.288,3.882],[-14.348,14.504],[-4.826,0.823],[-12.491,-6.574],[-2.623,-3.692]],"o":[[0,0],[0.09,10.824],[-2.921,2.723],[-15.225,8.5],[-3.739,-0.695],[-11.255,-14.802],[0.102,-4.129],[11.171,-11.294],[4.524,-0.575],[8.908,4.688],[0,0]],"v":[[-1.419,6.329],[45.417,6.329],[45.686,37.596],[34.567,45.714],[-3.197,52.596],[-34.431,33.361],[-44.666,-1.227],[-29.314,-37.757],[-0.277,-52.757],[28.567,-47.639],[45.417,-32.848]],"c":false},"ix":2},"nm":"Path 1","mn":"ADBE Vector Shape - Group","hd":false},{"ty":"tm","s":{"a":0,"k":0,"ix":1},"e":{"a":1,"k":[{"i":{"x":[0.667],"y":[1]},"o":{"x":[0.333],"y":[0]},"n":["0p667_1_0p333_0"],"t":146,"s":[0],"e":[100]},{"t":198}],"ix":2},"o":{"a":0,"k":0,"ix":3},"m":1,"ix":2,"nm":"Trim Paths 1","mn":"ADBE Vector Filter - Trim","hd":false},{"ty":"st","c":{"a":0,"k":[1,1,1,1],"ix":3},"o":{"a":0,"k":100,"ix":4},"w":{"a":0,"k":17,"ix":5},"lc":1,"lj":1,"ml":10,"ml2":{"a":0,"k":10,"ix":8},"nm":"Stroke 1","mn":"ADBE Vector Graphic - Stroke","hd":false},{"ty":"tr","p":{"a":0,"k":[88.186,96.714],"ix":2},"a":{"a":0,"k":[0,0],"ix":1},"s":{"a":0,"k":[100,100],"ix":3},"r":{"a":0,"k":0,"ix":6},"o":{"a":0,"k":100,"ix":7},"sk":{"a":0,"k":0,"ix":4},"sa":{"a":0,"k":0,"ix":5},"nm":"Transform"}],"nm":"G","np":3,"cix":2,"ix":1,"mn":"ADBE Vector Group","hd":false}],"ip":0,"op":300.3003003003,"st":0,"bm":0},{"ddd":0,"ind":17,"ty":4,"nm":"N Outlines","sr":1,"ks":{"o":{"a":0,"k":100,"ix":11},"r":{"a":0,"k":0,"ix":10},"p":{"a":0,"k":[717.53,177.044,0],"ix":2},"a":{"a":0,"k":[83.529,100.146,0],"ix":1},"s":{"a":0,"k":[100,100,100],"ix":6}},"ao":0,"shapes":[{"ty":"gr","it":[{"ind":0,"ty":"sh","ix":1,"ks":{"a":0,"k":{"i":[[0,0],[0,0]],"o":[[0,0],[0,0]],"v":[[-41.029,-57.145],[41.029,57.145]],"c":false},"ix":2},"nm":"Path 1","mn":"ADBE Vector Shape - Group","hd":false},{"ty":"tm","s":{"a":0,"k":0,"ix":1},"e":{"a":1,"k":[{"i":{"x":[0.667],"y":[1]},"o":{"x":[0.333],"y":[0]},"n":["0p667_1_0p333_0"],"t":133,"s":[0],"e":[100]},{"t":168}],"ix":2},"o":{"a":0,"k":0,"ix":3},"m":1,"ix":2,"nm":"Trim Paths 1","mn":"ADBE Vector Filter - Trim","hd":false},{"ty":"st","c":{"a":0,"k":[1,1,1,1],"ix":3},"o":{"a":0,"k":100,"ix":4},"w":{"a":0,"k":17,"ix":5},"lc":1,"lj":1,"ml":10,"ml2":{"a":0,"k":10,"ix":8},"nm":"Stroke 1","mn":"ADBE Vector Graphic - Stroke","hd":false},{"ty":"tr","p":{"a":0,"k":[83.529,100.647],"ix":2},"a":{"a":0,"k":[0,0],"ix":1},"s":{"a":0,"k":[100,100],"ix":3},"r":{"a":0,"k":0,"ix":6},"o":{"a":0,"k":100,"ix":7},"sk":{"a":0,"k":0,"ix":4},"sa":{"a":0,"k":0,"ix":5},"nm":"Transform"}],"nm":"N_centerLine","np":3,"cix":2,"ix":1,"mn":"ADBE Vector Group","hd":false},{"ty":"gr","it":[{"ind":0,"ty":"sh","ix":1,"ks":{"a":0,"k":{"i":[[0,0],[0,0]],"o":[[0,0],[0,0]],"v":[[124.559,42.5],[124.559,157.792]],"c":false},"ix":2},"nm":"Path 1","mn":"ADBE Vector Shape - Group","hd":false},{"ty":"tm","s":{"a":0,"k":0,"ix":1},"e":{"a":1,"k":[{"i":{"x":[0.667],"y":[1]},"o":{"x":[0.333],"y":[0]},"n":["0p667_1_0p333_0"],"t":133,"s":[0],"e":[100]},{"t":168}],"ix":2},"o":{"a":0,"k":0,"ix":3},"m":1,"ix":2,"nm":"Trim Paths 1","mn":"ADBE Vector Filter - Trim","hd":false},{"ty":"st","c":{"a":0,"k":[1,1,1,1],"ix":3},"o":{"a":0,"k":100,"ix":4},"w":{"a":0,"k":17,"ix":5},"lc":1,"lj":1,"ml":10,"ml2":{"a":0,"k":10,"ix":8},"nm":"Stroke 1","mn":"ADBE Vector Graphic - Stroke","hd":false},{"ty":"tr","p":{"a":0,"k":[0,0],"ix":2},"a":{"a":0,"k":[0,0],"ix":1},"s":{"a":0,"k":[100,100],"ix":3},"r":{"a":0,"k":0,"ix":6},"o":{"a":0,"k":100,"ix":7},"sk":{"a":0,"k":0,"ix":4},"sa":{"a":0,"k":0,"ix":5},"nm":"Transform"}],"nm":"N_rightLeg","np":3,"cix":2,"ix":2,"mn":"ADBE Vector Group","hd":false},{"ty":"gr","it":[{"ind":0,"ty":"sh","ix":1,"ks":{"a":0,"k":{"i":[[0,0],[0,0]],"o":[[0,0],[0,0]],"v":[[42.5,43.502],[42.5,133.815]],"c":false},"ix":2},"nm":"Path 1","mn":"ADBE Vector Shape - Group","hd":false},{"ty":"tm","s":{"a":0,"k":0,"ix":1},"e":{"a":1,"k":[{"i":{"x":[0.667],"y":[1]},"o":{"x":[0.333],"y":[0]},"n":["0p667_1_0p333_0"],"t":133,"s":[0],"e":[100]},{"t":168}],"ix":2},"o":{"a":0,"k":0,"ix":3},"m":1,"ix":2,"nm":"Trim Paths 1","mn":"ADBE Vector Filter - Trim","hd":false},{"ty":"st","c":{"a":0,"k":[1,1,1,1],"ix":3},"o":{"a":0,"k":100,"ix":4},"w":{"a":0,"k":17,"ix":5},"lc":3,"lj":1,"ml":10,"ml2":{"a":0,"k":10,"ix":8},"nm":"Stroke 1","mn":"ADBE Vector Graphic - Stroke","hd":false},{"ty":"tr","p":{"a":0,"k":[0,0],"ix":2},"a":{"a":0,"k":[0,0],"ix":1},"s":{"a":0,"k":[100,100],"ix":3},"r":{"a":0,"k":0,"ix":6},"o":{"a":0,"k":100,"ix":7},"sk":{"a":0,"k":0,"ix":4},"sa":{"a":0,"k":0,"ix":5},"nm":"Transform"}],"nm":"N_leftLeg","np":3,"cix":2,"ix":3,"mn":"ADBE Vector Group","hd":false}],"ip":0,"op":300,"st":0,"bm":0},{"ddd":0,"ind":18,"ty":4,"nm":"I Outlines","sr":1,"ks":{"o":{"a":0,"k":100,"ix":11},"r":{"a":0,"k":0,"ix":10},"p":{"a":0,"k":[644.105,182.056,0],"ix":2},"a":{"a":0,"k":[42.5,71.158,0],"ix":1},"s":{"a":0,"k":[100,100,100],"ix":6}},"ao":0,"shapes":[{"ty":"gr","it":[{"ind":0,"ty":"sh","ix":1,"ks":{"a":0,"k":{"i":[[0,0],[0,0],[0,0],[0,0]],"o":[[0,0],[0,0],[0,0],[0,0]],"v":[[42.5,86.561],[42.5,73.306],[42.5,86.561],[42.5,99.816]],"c":true},"ix":2},"nm":"Path 1","mn":"ADBE Vector Shape - Group","hd":false},{"ty":"tm","s":{"a":0,"k":0,"ix":1},"e":{"a":1,"k":[{"i":{"x":[0.667],"y":[1]},"o":{"x":[0.333],"y":[0]},"n":["0p667_1_0p333_0"],"t":119,"s":[0],"e":[100]},{"t":138}],"ix":2},"o":{"a":0,"k":86,"ix":3},"m":1,"ix":2,"nm":"Trim Paths 1","mn":"ADBE Vector Filter - Trim","hd":false},{"ty":"st","c":{"a":0,"k":[1,1,1,1],"ix":3},"o":{"a":0,"k":100,"ix":4},"w":{"a":0,"k":17,"ix":5},"lc":1,"lj":1,"ml":10,"ml2":{"a":0,"k":10,"ix":8},"nm":"Stroke 1","mn":"ADBE Vector Graphic - Stroke","hd":false},{"ty":"tr","p":{"a":0,"k":[0,0],"ix":2},"a":{"a":0,"k":[0,0],"ix":1},"s":{"a":0,"k":[100,100],"ix":3},"r":{"a":0,"k":0,"ix":6},"o":{"a":0,"k":100,"ix":7},"sk":{"a":0,"k":0,"ix":4},"sa":{"a":0,"k":0,"ix":5},"nm":"Transform"}],"nm":"I_bottom","np":3,"cix":2,"ix":1,"mn":"ADBE Vector Group","hd":false},{"ty":"gr","it":[{"ind":0,"ty":"sh","ix":1,"ks":{"a":0,"k":{"i":[[0,0],[0,0]],"o":[[0,0],[0,0]],"v":[[42.5,8.5],[42.5,99.816]],"c":false},"ix":2},"nm":"Path 1","mn":"ADBE Vector Shape - Group","hd":false},{"ty":"tm","s":{"a":0,"k":0,"ix":1},"e":{"a":1,"k":[{"i":{"x":[0.667],"y":[1]},"o":{"x":[0.333],"y":[0]},"n":["0p667_1_0p333_0"],"t":119,"s":[0],"e":[100]},{"t":138}],"ix":2},"o":{"a":0,"k":0,"ix":3},"m":1,"ix":2,"nm":"Trim Paths 1","mn":"ADBE Vector Filter - Trim","hd":false},{"ty":"st","c":{"a":0,"k":[1,1,1,1],"ix":3},"o":{"a":0,"k":100,"ix":4},"w":{"a":0,"k":17,"ix":5},"lc":1,"lj":1,"ml":10,"ml2":{"a":0,"k":10,"ix":8},"nm":"Stroke 1","mn":"ADBE Vector Graphic - Stroke","hd":false},{"ty":"tr","p":{"a":0,"k":[0,0],"ix":2},"a":{"a":0,"k":[0,0],"ix":1},"s":{"a":0,"k":[100,100],"ix":3},"r":{"a":0,"k":0,"ix":6},"o":{"a":0,"k":100,"ix":7},"sk":{"a":0,"k":0,"ix":4},"sa":{"a":0,"k":0,"ix":5},"nm":"Transform"}],"nm":"I_top","np":3,"cix":2,"ix":2,"mn":"ADBE Vector Group","hd":false}],"ip":0,"op":300.3003003003,"st":0,"bm":0},{"ddd":0,"ind":19,"ty":4,"nm":"S_02 Outlines","sr":1,"ks":{"o":{"a":0,"k":100,"ix":11},"r":{"a":0,"k":0,"ix":10},"p":{"a":0,"k":[582.34,166.471,0],"ix":2},"a":{"a":0,"k":[73.529,86.743,0],"ix":1},"s":{"a":0,"k":[100,100,100],"ix":6}},"ao":0,"shapes":[{"ty":"gr","it":[{"ind":0,"ty":"sh","ix":1,"ks":{"a":0,"k":{"i":[[0,0],[5.309,2.398],[4.263,-1.31],[2.782,-13.439],[-4.461,-7.505],[-9.183,-5.175],[-8.264,-8.094],[-1.366,-2.644],[0.209,-2.762]],"o":[[-2.673,-2.631],[-13.696,-6.184],[-0.815,0.284],[-0.251,1.213],[1.55,2.606],[14.775,8.327],[1.222,1.198],[2.515,4.87],[0,0]],"v":[[31.03,-29.867],[19.137,-38.059],[-11.897,-39.534],[-29.259,-20.772],[-26.569,-4.117],[-13.451,6.412],[21.961,26.176],[26.197,31.823],[28.549,44.243]],"c":false},"ix":2},"nm":"Path 1","mn":"ADBE Vector Shape - Group","hd":false},{"ty":"tm","s":{"a":0,"k":0,"ix":1},"e":{"a":1,"k":[{"i":{"x":[0.667],"y":[1]},"o":{"x":[0.333],"y":[0]},"n":["0p667_1_0p333_0"],"t":99,"s":[0],"e":[100]},{"t":137}],"ix":2},"o":{"a":0,"k":0,"ix":3},"m":1,"ix":2,"nm":"Trim Paths 1","mn":"ADBE Vector Filter - Trim","hd":false},{"ty":"st","c":{"a":0,"k":[1,1,1,1],"ix":3},"o":{"a":0,"k":100,"ix":4},"w":{"a":0,"k":17,"ix":5},"lc":1,"lj":1,"ml":10,"ml2":{"a":0,"k":10,"ix":8},"nm":"Stroke 1","mn":"ADBE Vector Graphic - Stroke","hd":false},{"ty":"tr","p":{"a":0,"k":[73.529,86.743],"ix":2},"a":{"a":0,"k":[0,0],"ix":1},"s":{"a":0,"k":[100,100],"ix":3},"r":{"a":0,"k":0,"ix":6},"o":{"a":0,"k":100,"ix":7},"sk":{"a":0,"k":0,"ix":4},"sa":{"a":0,"k":0,"ix":5},"nm":"Transform"}],"nm":"S","np":3,"cix":2,"ix":1,"mn":"ADBE Vector Group","hd":false}],"ip":0,"op":300.3003003003,"st":0,"bm":0},{"ddd":0,"ind":20,"ty":4,"nm":"S_01 Outlines","sr":1,"ks":{"o":{"a":0,"k":100,"ix":11},"r":{"a":0,"k":0,"ix":10},"p":{"a":0,"k":[495.656,166.471,0],"ix":2},"a":{"a":0,"k":[73.53,86.743,0],"ix":1},"s":{"a":0,"k":[100,100,100],"ix":6}},"ao":0,"shapes":[{"ty":"gr","it":[{"ind":0,"ty":"sh","ix":1,"ks":{"a":0,"k":{"i":[[0,0],[5.309,2.398],[4.263,-1.31],[2.782,-13.439],[-4.462,-7.505],[-9.183,-5.175],[-8.265,-8.094],[-1.366,-2.644],[0.209,-2.762]],"o":[[-2.673,-2.631],[-13.696,-6.184],[-0.815,0.284],[-0.252,1.213],[1.55,2.606],[14.775,8.327],[1.222,1.198],[2.514,4.87],[0,0]],"v":[[31.03,-29.867],[19.138,-38.059],[-11.896,-39.534],[-29.258,-20.772],[-26.568,-4.117],[-13.45,6.412],[21.962,26.176],[26.197,31.823],[28.55,44.243]],"c":false},"ix":2},"nm":"Path 1","mn":"ADBE Vector Shape - Group","hd":false},{"ty":"tm","s":{"a":0,"k":0,"ix":1},"e":{"a":1,"k":[{"i":{"x":[0.667],"y":[1]},"o":{"x":[0.333],"y":[0]},"n":["0p667_1_0p333_0"],"t":72,"s":[0],"e":[100]},{"t":110}],"ix":2},"o":{"a":0,"k":0,"ix":3},"m":1,"ix":2,"nm":"Trim Paths 1","mn":"ADBE Vector Filter - Trim","hd":false},{"ty":"st","c":{"a":0,"k":[1,1,1,1],"ix":3},"o":{"a":0,"k":100,"ix":4},"w":{"a":0,"k":17,"ix":5},"lc":1,"lj":1,"ml":10,"ml2":{"a":0,"k":10,"ix":8},"nm":"Stroke 1","mn":"ADBE Vector Graphic - Stroke","hd":false},{"ty":"tr","p":{"a":0,"k":[73.53,86.743],"ix":2},"a":{"a":0,"k":[0,0],"ix":1},"s":{"a":0,"k":[100,100],"ix":3},"r":{"a":0,"k":0,"ix":6},"o":{"a":0,"k":100,"ix":7},"sk":{"a":0,"k":0,"ix":4},"sa":{"a":0,"k":0,"ix":5},"nm":"Transform"}],"nm":"S","np":3,"cix":2,"ix":1,"mn":"ADBE Vector Group","hd":false}],"ip":0,"op":300.3003003003,"st":0,"bm":0},{"ddd":0,"ind":21,"ty":4,"nm":"O Outlines","sr":1,"ks":{"o":{"a":0,"k":100,"ix":11},"r":{"a":0,"k":0,"ix":10},"p":{"a":0,"k":[387.179,179.298,0],"ix":2},"a":{"a":0,"k":[95.762,96.908,0],"ix":1},"s":{"a":0,"k":[100,100,100],"ix":6}},"ao":0,"shapes":[{"ty":"gr","it":[{"ind":0,"ty":"sh","ix":1,"ks":{"a":0,"k":{"i":[[0,0],[-3.271,-7.589],[-3.852,-3.377],[-8.193,-2.187],[-4.004,-0.015]],"o":[[0.257,4.593],[4.362,10.123],[3.985,2.741],[5.854,1.563],[0,0]],"v":[[-26.236,-24.751],[-21.764,-5.72],[-7.177,14.28],[11.176,22.751],[26.236,24.751]],"c":false},"ix":2},"nm":"Path 1","mn":"ADBE Vector Shape - Group","hd":false},{"ty":"tm","s":{"a":0,"k":0,"ix":1},"e":{"a":1,"k":[{"i":{"x":[0.667],"y":[1]},"o":{"x":[0.333],"y":[0]},"n":["0p667_1_0p333_0"],"t":53,"s":[0],"e":[100]},{"t":96}],"ix":2},"o":{"a":0,"k":0,"ix":3},"m":1,"ix":2,"nm":"Trim Paths 1","mn":"ADBE Vector Filter - Trim","hd":false},{"ty":"st","c":{"a":0,"k":[1,1,1,1],"ix":3},"o":{"a":0,"k":100,"ix":4},"w":{"a":0,"k":17,"ix":5},"lc":1,"lj":1,"ml":10,"ml2":{"a":0,"k":10,"ix":8},"nm":"Stroke 1","mn":"ADBE Vector Graphic - Stroke","hd":false},{"ty":"tr","p":{"a":0,"k":[69.847,126.564],"ix":2},"a":{"a":0,"k":[0,0],"ix":1},"s":{"a":0,"k":[100,100],"ix":3},"r":{"a":0,"k":0,"ix":6},"o":{"a":0,"k":100,"ix":7},"sk":{"a":0,"k":0,"ix":4},"sa":{"a":0,"k":0,"ix":5},"nm":"Transform"}],"nm":"O_bottom","np":3,"cix":2,"ix":1,"mn":"ADBE Vector Group","hd":false},{"ty":"gr","it":[{"ind":0,"ty":"sh","ix":1,"ks":{"a":0,"k":{"i":[[0,0],[-2.642,9.469],[-2.749,3.658],[-10.576,4.363],[-4.376,-0.312],[-9.295,-4.567],[-3.15,-3.682],[-2.684,-8.277],[0.234,-3.955],[0.847,-2.749],[2.387,-5.602],[0.088,-2]],"o":[[-0.636,-4.712],[2.376,-8.52],[2.77,-3.491],[9.394,-3.874],[4.865,0.219],[9.148,4.495],[2.765,3.096],[2.353,7.256],[-0.281,5.275],[-0.198,0.642],[-1.887,4.431],[0,0]],"v":[[-52.149,16.552],[-50.619,-5.71],[-41.561,-24.063],[-21.914,-38.887],[0.194,-42.44],[22.792,-36.651],[40.985,-22.534],[50.792,-5.474],[53.028,12.055],[50.91,24.173],[47.733,32.29],[43.028,42.76]],"c":false},"ix":2},"nm":"Path 1","mn":"ADBE Vector Shape - Group","hd":false},{"ty":"tm","s":{"a":0,"k":0,"ix":1},"e":{"a":1,"k":[{"i":{"x":[0.667],"y":[1]},"o":{"x":[0.333],"y":[0]},"n":["0p667_1_0p333_0"],"t":53,"s":[0],"e":[100]},{"t":96}],"ix":2},"o":{"a":0,"k":0,"ix":3},"m":1,"ix":2,"nm":"Trim Paths 1","mn":"ADBE Vector Filter - Trim","hd":false},{"ty":"st","c":{"a":0,"k":[1,1,1,1],"ix":3},"o":{"a":0,"k":100,"ix":4},"w":{"a":0,"k":17,"ix":5},"lc":3,"lj":1,"ml":10,"ml2":{"a":0,"k":10,"ix":8},"nm":"Stroke 1","mn":"ADBE Vector Graphic - Stroke","hd":false},{"ty":"tr","p":{"a":0,"k":[95.761,85.261],"ix":2},"a":{"a":0,"k":[0,0],"ix":1},"s":{"a":0,"k":[100,100],"ix":3},"r":{"a":0,"k":0,"ix":6},"o":{"a":0,"k":100,"ix":7},"sk":{"a":0,"k":0,"ix":4},"sa":{"a":0,"k":0,"ix":5},"nm":"Transform"}],"nm":"O_top","np":3,"cix":2,"ix":2,"mn":"ADBE Vector Group","hd":false}],"ip":0,"op":300.3003003003,"st":0,"bm":0},{"ddd":0,"ind":22,"ty":4,"nm":"R Outlines","sr":1,"ks":{"o":{"a":0,"k":100,"ix":11},"r":{"a":0,"k":0,"ix":10},"p":{"a":0,"k":[278.925,184.204,0],"ix":2},"a":{"a":0,"k":[78.396,99.998,0],"ix":1},"s":{"a":0,"k":[100,100,100],"ix":6}},"ao":0,"shapes":[{"ty":"gr","it":[{"ind":0,"ty":"sh","ix":1,"ks":{"a":0,"k":{"i":[[0,0],[0,0]],"o":[[0,0],[0,0]],"v":[[42.5,97.492],[42.5,152.485]],"c":false},"ix":2},"nm":"Path 1","mn":"ADBE Vector Shape - Group","hd":false},{"ty":"tm","s":{"a":0,"k":0,"ix":1},"e":{"a":1,"k":[{"i":{"x":[0.667],"y":[1]},"o":{"x":[0.333],"y":[0]},"n":["0p667_1_0p333_0"],"t":30,"s":[0],"e":[94]},{"t":46}],"ix":2},"o":{"a":0,"k":0,"ix":3},"m":1,"ix":2,"nm":"Trim Paths 1","mn":"ADBE Vector Filter - Trim","hd":false},{"ty":"st","c":{"a":0,"k":[1,1,1,1],"ix":3},"o":{"a":0,"k":100,"ix":4},"w":{"a":0,"k":17,"ix":5},"lc":3,"lj":1,"ml":10,"ml2":{"a":0,"k":10,"ix":8},"nm":"Stroke 1","mn":"ADBE Vector Graphic - Stroke","hd":false},{"ty":"tr","p":{"a":0,"k":[0,0],"ix":2},"a":{"a":0,"k":[0,0],"ix":1},"s":{"a":0,"k":[100,100],"ix":3},"r":{"a":0,"k":0,"ix":6},"o":{"a":0,"k":100,"ix":7},"sk":{"a":0,"k":0,"ix":4},"sa":{"a":0,"k":0,"ix":5},"nm":"Transform"}],"nm":"R_bottomLeg","np":3,"cix":2,"ix":1,"mn":"ADBE Vector Group","hd":false},{"ty":"gr","it":[{"ind":0,"ty":"sh","ix":1,"ks":{"a":0,"k":{"i":[[0,0],[0,0],[0,0],[-5.845,-9.934],[0.403,-2.176],[3.697,-5.559],[2.537,-0.956]],"o":[[0,0],[0,0],[1.73,0.389],[4.927,8.373],[-0.238,2.754],[-4.889,7.35],[0,0]],"v":[[-32.287,26.243],[-32.287,-28.748],[9.713,-28.748],[27.36,-15.985],[30.618,2.839],[25.831,16.604],[11.478,28.748]],"c":false},"ix":2},"nm":"Path 1","mn":"ADBE Vector Shape - Group","hd":false},{"ty":"tm","s":{"a":0,"k":0,"ix":1},"e":{"a":1,"k":[{"i":{"x":[0.667],"y":[1]},"o":{"x":[0.333],"y":[0]},"n":["0p667_1_0p333_0"],"t":30,"s":[0],"e":[100]},{"t":75}],"ix":2},"o":{"a":0,"k":0,"ix":3},"m":1,"ix":2,"nm":"Trim Paths 1","mn":"ADBE Vector Filter - Trim","hd":false},{"ty":"st","c":{"a":0,"k":[1,1,1,1],"ix":3},"o":{"a":0,"k":100,"ix":4},"w":{"a":0,"k":17,"ix":5},"lc":1,"lj":1,"ml":10,"ml2":{"a":0,"k":10,"ix":8},"nm":"Stroke 1","mn":"ADBE Vector Graphic - Stroke","hd":false},{"ty":"tr","p":{"a":0,"k":[74.787,71.249],"ix":2},"a":{"a":0,"k":[0,0],"ix":1},"s":{"a":0,"k":[100,100],"ix":3},"r":{"a":0,"k":0,"ix":6},"o":{"a":0,"k":100,"ix":7},"sk":{"a":0,"k":0,"ix":4},"sa":{"a":0,"k":0,"ix":5},"nm":"Transform"}],"nm":"R_curve","np":3,"cix":2,"ix":2,"mn":"ADBE Vector Group","hd":false},{"ty":"gr","it":[{"ind":0,"ty":"sh","ix":1,"ks":{"a":0,"k":{"i":[[0,0],[0,0],[-10.597,-19.128]],"o":[[0,0],[10.597,19.128],[0,0]],"v":[[-12.072,-28.749],[-15.954,-28.749],[15.954,28.749]],"c":false},"ix":2},"nm":"Path 1","mn":"ADBE Vector Shape - Group","hd":false},{"ty":"tm","s":{"a":0,"k":0,"ix":1},"e":{"a":1,"k":[{"i":{"x":[0.667],"y":[1]},"o":{"x":[0.333],"y":[0]},"n":["0p667_1_0p333_0"],"t":44,"s":[0],"e":[100]},{"t":60}],"ix":2},"o":{"a":0,"k":0,"ix":3},"m":1,"ix":2,"nm":"Trim Paths 1","mn":"ADBE Vector Filter - Trim","hd":false},{"ty":"st","c":{"a":0,"k":[1,1,1,1],"ix":3},"o":{"a":0,"k":100,"ix":4},"w":{"a":0,"k":17,"ix":5},"lc":1,"lj":1,"ml":10,"ml2":{"a":0,"k":10,"ix":8},"nm":"Stroke 1","mn":"ADBE Vector Graphic - Stroke","hd":false},{"ty":"tr","p":{"a":0,"k":[98.337,128.746],"ix":2},"a":{"a":0,"k":[0,0],"ix":1},"s":{"a":0,"k":[100,100],"ix":3},"r":{"a":0,"k":0,"ix":6},"o":{"a":0,"k":100,"ix":7},"sk":{"a":0,"k":0,"ix":4},"sa":{"a":0,"k":0,"ix":5},"nm":"Transform"}],"nm":"R_rightLeg","np":3,"cix":2,"ix":3,"mn":"ADBE Vector Group","hd":false},{"ty":"gr","it":[{"ind":0,"ty":"sh","ix":1,"ks":{"a":0,"k":{"i":[[0,0],[0,0]],"o":[[0,0],[0,0]],"v":[[64.712,99.997],[91.647,99.997]],"c":false},"ix":2},"nm":"Path 1","mn":"ADBE Vector Shape - Group","hd":false},{"ty":"tm","s":{"a":0,"k":0,"ix":1},"e":{"a":1,"k":[{"i":{"x":[0.667],"y":[1]},"o":{"x":[0.333],"y":[0]},"n":["0p667_1_0p333_0"],"t":30,"s":[0],"e":[100]},{"t":45}],"ix":2},"o":{"a":0,"k":0,"ix":3},"m":1,"ix":2,"nm":"Trim Paths 1","mn":"ADBE Vector Filter - Trim","hd":false},{"ty":"st","c":{"a":0,"k":[1,1,1,1],"ix":3},"o":{"a":0,"k":100,"ix":4},"w":{"a":0,"k":17,"ix":5},"lc":1,"lj":1,"ml":10,"ml2":{"a":0,"k":10,"ix":8},"nm":"Stroke 1","mn":"ADBE Vector Graphic - Stroke","hd":false},{"ty":"tr","p":{"a":0,"k":[0,0],"ix":2},"a":{"a":0,"k":[0,0],"ix":1},"s":{"a":0,"k":[100,100],"ix":3},"r":{"a":0,"k":0,"ix":6},"o":{"a":0,"k":100,"ix":7},"sk":{"a":0,"k":0,"ix":4},"sa":{"a":0,"k":0,"ix":5},"nm":"Transform"}],"nm":"R_extra","np":3,"cix":2,"ix":4,"mn":"ADBE Vector Group","hd":false}],"ip":0,"op":300.3003003003,"st":0,"bm":0},{"ddd":0,"ind":23,"ty":4,"nm":"C Outlines","sr":1,"ks":{"o":{"a":0,"k":100,"ix":11},"r":{"a":0,"k":0,"ix":10},"p":{"a":0,"k":[170.249,178.171,0],"ix":2},"a":{"a":0,"k":[87.958,95.632,0],"ix":1},"s":{"a":0,"k":[100,100,100],"ix":6}},"ao":0,"shapes":[{"ty":"gr","it":[{"ind":0,"ty":"sh","ix":1,"ks":{"a":0,"k":{"i":[[0,0],[3.085,1.674],[3.997,1.107],[3.675,0.098],[1.739,-0.342],[6.641,-3.783],[2.135,-2.674],[0.788,-1.866],[-0.003,-3.767],[-0.55,-1.545],[-1.253,-1.543],[-2.627,-1.722],[-6.145,-1.99],[-3.535,0.167],[-8.293,3.67],[-2.902,2.982]],"o":[[-4.525,-3.612],[-3.495,-1.897],[-4.412,-1.221],[-7.353,-0.197],[-4.237,0.834],[-7.71,4.393],[-4.382,5.487],[-3.988,9.446],[0.009,9.725],[2.826,7.928],[4.598,5.666],[2.791,1.827],[8.929,2.891],[3.453,-0.163],[7.507,-3.323],[0,0]],"v":[[45.21,-39.266],[33.486,-47.053],[23.251,-51.524],[11.722,-52.935],[-2.984,-51.759],[-19.69,-45.995],[-33.984,-33.465],[-41.396,-21.112],[-45.455,0.241],[-42.455,18.594],[-34.337,33.241],[-22.396,43.771],[-8.867,50.241],[11.133,52.947],[29.957,48.712],[45.458,37.916]],"c":false},"ix":2},"nm":"Path 1","mn":"ADBE Vector Shape - Group","hd":false},{"ty":"tm","s":{"a":0,"k":0,"ix":1},"e":{"a":1,"k":[{"i":{"x":[0.667],"y":[1]},"o":{"x":[0.333],"y":[0]},"n":["0p667_1_0p333_0"],"t":0,"s":[0],"e":[100]},{"t":52}],"ix":2},"o":{"a":0,"k":0,"ix":3},"m":1,"ix":2,"nm":"Trim Paths 1","mn":"ADBE Vector Filter - Trim","hd":false},{"ty":"st","c":{"a":0,"k":[1,1,1,1],"ix":3},"o":{"a":0,"k":100,"ix":4},"w":{"a":0,"k":17,"ix":5},"lc":1,"lj":1,"ml":10,"ml2":{"a":0,"k":10,"ix":8},"nm":"Stroke 1","mn":"ADBE Vector Graphic - Stroke","hd":false},{"ty":"tr","p":{"a":0,"k":[87.958,95.632],"ix":2},"a":{"a":0,"k":[0,0],"ix":1},"s":{"a":0,"k":[100,100],"ix":3},"r":{"a":0,"k":0,"ix":6},"o":{"a":0,"k":100,"ix":7},"sk":{"a":0,"k":0,"ix":4},"sa":{"a":0,"k":0,"ix":5},"nm":"Transform"}],"nm":"Group 1","np":3,"cix":2,"ix":1,"mn":"ADBE Vector Group","hd":false}],"ip":0,"op":300.3003003003,"st":0,"bm":0},{"ddd":0,"ind":35,"ty":4,"nm":"Background","sr":1,"ks":{"o":{"a":0,"k":100,"ix":11},"r":{"a":0,"k":0,"ix":10},"p":{"a":0,"k":[500,250,0],"ix":2},"a":{"a":0,"k":[500.25,250.25,0],"ix":1},"s":{"a":0,"k":[100,100,100],"ix":6}},"ao":0,"shapes":[{"ty":"gr","it":[{"ind":0,"ty":"sh","ix":1,"ks":{"a":0,"k":{"i":[[0,0],[0,0],[0,0],[0,0]],"o":[[0,0],[0,0],[0,0],[0,0]],"v":[[-500,250],[500,250],[500,-250],[-500,-250]],"c":true},"ix":2},"nm":"Path 1","mn":"ADBE Vector Shape - Group","hd":false},{"ty":"fl","c":{"a":0,"k":[0.113999998803,0.152999997606,0.2,1],"ix":4},"o":{"a":0,"k":100,"ix":5},"r":1,"nm":"Fill 1","mn":"ADBE Vector Graphic - Fill","hd":false},{"ty":"tr","p":{"a":0,"k":[500.25,250.25],"ix":2},"a":{"a":0,"k":[0,0],"ix":1},"s":{"a":0,"k":[100,100],"ix":3},"r":{"a":0,"k":0,"ix":6},"o":{"a":0,"k":100,"ix":7},"sk":{"a":0,"k":0,"ix":4},"sa":{"a":0,"k":0,"ix":5},"nm":"Transform"}],"nm":"Group 1","np":2,"cix":2,"ix":1,"mn":"ADBE Vector Group","hd":false}],"ip":0,"op":300.3003003003,"st":0,"bm":0}],"markers":[],"chars":[{"ch":"R","size":18,"style":"Regular","w":64.4,"data":{"shapes":[{"ty":"gr","it":[{"ind":0,"ty":"sh","ix":1,"ks":{"a":0,"k":{"i":[[0,0],[-0.667,-0.35],[-0.567,-0.8],[0,0],[-1.767,0],[0,0],[0,0],[1.2,0.7],[-2.184,1.234],[-1.517,1.75],[-0.8,2.2],[0,2.534],[1.033,2.45],[2.15,1.734],[3.3,0.917],[4.533,0],[0,0],[0,0],[0,0],[0,0]],"o":[[1.333,0],[0.666,0.35],[0,0],[0.833,1.367],[0,0],[0,0],[-0.934,-1.333],[2.766,-0.633],[2.183,-1.233],[1.516,-1.75],[0.8,-2.2],[0,-3.033],[-1.034,-2.45],[-2.15,-1.733],[-3.3,-0.916],[0,0],[0,0],[0,0],[0,0],[0,0]],"v":[[26.7,-29.9],[29.7,-29.375],[31.55,-27.65],[50.15,-2.05],[54.05,0],[62.65,0],[41.75,-28.45],[38.55,-31.5],[45.975,-34.3],[51.525,-38.775],[55,-44.7],[56.2,-51.8],[54.65,-60.025],[49.875,-66.3],[41.7,-70.275],[29.95,-71.65],[9.7,-71.65],[9.7,0],[19.35,0],[19.35,-29.9]],"c":true},"ix":2},"nm":"R","mn":"ADBE Vector Shape - Group","hd":false},{"ind":1,"ty":"sh","ix":2,"ks":{"a":0,"k":{"i":[[0,0],[0,0],[-2.817,-2.166],[0,-4.266],[0.733,-1.733],[1.45,-1.25],[2.15,-0.683],[2.833,0],[0,0]],"o":[[0,0],[5.566,0],[2.816,2.167],[0,2.1],[-0.734,1.734],[-1.45,1.25],[-2.15,0.684],[0,0],[0,0]],"v":[[19.35,-64],[29.95,-64],[42.525,-60.75],[46.75,-51.1],[45.65,-45.35],[42.375,-40.875],[36.975,-37.975],[29.5,-36.95],[19.35,-36.95]],"c":true},"ix":2},"nm":"R","mn":"ADBE Vector Shape - Group","hd":false}],"nm":"R","np":5,"cix":2,"ix":1,"mn":"ADBE Vector Group","hd":false}]},"fFamily":"Lato"},{"ch":"E","size":18,"style":"Regular","w":58.1,"data":{"shapes":[{"ty":"gr","it":[{"ind":0,"ty":"sh","ix":1,"ks":{"a":0,"k":{"i":[[0,0],[0,0],[0,0],[0,0],[0,0],[0,0],[0,0],[0,0],[0,0],[0,0],[0,0],[0,0]],"o":[[0,0],[0,0],[0,0],[0,0],[0,0],[0,0],[0,0],[0,0],[0,0],[0,0],[0,0],[0,0]],"v":[[8.7,-71.65],[8.7,0],[52.85,0],[52.85,-7.9],[18.45,-7.9],[18.45,-32.35],[46.3,-32.35],[46.3,-39.95],[18.45,-39.95],[18.45,-63.75],[52.85,-63.75],[52.85,-71.65]],"c":true},"ix":2},"nm":"E","mn":"ADBE Vector Shape - Group","hd":false}],"nm":"E","np":3,"cix":2,"ix":1,"mn":"ADBE Vector Group","hd":false}]},"fFamily":"Lato"},{"ch":"T","size":18,"style":"Regular","w":59,"data":{"shapes":[{"ty":"gr","it":[{"ind":0,"ty":"sh","ix":1,"ks":{"a":0,"k":{"i":[[0,0],[0,0],[0,0],[0,0],[0,0],[0,0],[0,0],[0,0]],"o":[[0,0],[0,0],[0,0],[0,0],[0,0],[0,0],[0,0],[0,0]],"v":[[1.4,-71.65],[1.4,-63.5],[24.65,-63.5],[24.65,0],[34.35,0],[34.35,-63.5],[57.5,-63.5],[57.5,-71.65]],"c":true},"ix":2},"nm":"T","mn":"ADBE Vector Shape - Group","hd":false}],"nm":"T","np":3,"cix":2,"ix":1,"mn":"ADBE Vector Group","hd":false}]},"fFamily":"Lato"},{"ch":"O","size":18,"style":"Regular","w":79.8,"data":{"shapes":[{"ty":"gr","it":[{"ind":0,"ty":"sh","ix":1,"ks":{"a":0,"k":{"i":[[1.7,4.484],[3.1,3.25],[4.35,1.8],[5.266,0],[4.333,-1.8],[3.1,-3.25],[1.7,-4.483],[0,-5.366],[-1.7,-4.483],[-3.1,-3.233],[-4.334,-1.783],[-5.267,0],[-4.35,1.784],[-3.1,3.234],[-1.7,4.484],[0,5.367]],"o":[[-1.7,-4.483],[-3.1,-3.25],[-4.35,-1.8],[-5.267,0],[-4.334,1.8],[-3.1,3.25],[-1.7,4.484],[0,5.367],[1.7,4.484],[3.1,3.234],[4.333,1.784],[5.266,0],[4.35,-1.783],[3.1,-3.233],[1.7,-4.483],[0,-5.366]],"v":[[72.7,-50.575],[65.5,-62.175],[54.325,-69.75],[39.9,-72.45],[25.5,-69.75],[14.35,-62.175],[7.15,-50.575],[4.6,-35.8],[7.15,-21.025],[14.35,-9.45],[25.5,-1.925],[39.9,0.75],[54.325,-1.925],[65.5,-9.45],[72.7,-21.025],[75.25,-35.8]],"c":true},"ix":2},"nm":"O","mn":"ADBE Vector Shape - Group","hd":false},{"ind":1,"ty":"sh","ix":2,"ks":{"a":0,"k":{"i":[[1.2,-3.483],[2.2,-2.416],[3.133,-1.283],[3.866,0],[3.133,1.284],[2.216,2.417],[1.2,3.484],[0,4.4],[-1.2,3.5],[-2.217,2.417],[-3.134,1.3],[-3.834,0],[-3.134,-1.3],[-2.2,-2.416],[-1.2,-3.5],[0,-4.4]],"o":[[-1.2,3.484],[-2.2,2.417],[-3.134,1.284],[-3.834,0],[-3.134,-1.283],[-2.217,-2.416],[-1.2,-3.483],[0,-4.4],[1.2,-3.5],[2.216,-2.416],[3.133,-1.3],[3.866,0],[3.133,1.3],[2.2,2.417],[1.2,3.5],[0,4.4]],"v":[[63.5,-23.975],[58.4,-15.125],[50.4,-9.575],[39.9,-7.65],[29.45,-9.575],[21.425,-15.125],[16.3,-23.975],[14.5,-35.8],[16.3,-47.65],[21.425,-56.525],[29.45,-62.1],[39.9,-64.05],[50.4,-62.1],[58.4,-56.525],[63.5,-47.65],[65.3,-35.8]],"c":true},"ix":2},"nm":"O","mn":"ADBE Vector Shape - Group","hd":false}],"nm":"O","np":5,"cix":2,"ix":1,"mn":"ADBE Vector Group","hd":false}]},"fFamily":"Lato"},{"ch":" ","size":18,"style":"Regular","w":19.3,"data":{},"fFamily":"Lato"},{"ch":"M","size":18,"style":"Regular","w":92,"data":{"shapes":[{"ty":"gr","it":[{"ind":0,"ty":"sh","ix":1,"ks":{"a":0,"k":{"i":[[0.466,0.8],[0,0],[0.466,0.167],[0.866,0],[0,0],[0,0],[0,0],[0,0],[0.05,0.834],[0.1,0.867],[0,0],[-1.5,0],[0,0],[-0.834,1.5],[0,0],[0.033,-0.8],[0,-0.7],[0,0],[0,0],[0,0],[0,0],[0.466,-0.166],[0.433,-0.766],[0,0],[0.366,-0.85],[0.333,-0.933],[0.35,0.884]],"o":[[0,0],[-0.434,-0.766],[-0.467,-0.166],[0,0],[0,0],[0,0],[0,0],[0,-0.7],[-0.05,-0.833],[0,0],[0.833,1.5],[0,0],[1.5,0],[0,0],[-0.067,0.834],[-0.034,0.8],[0,0],[0,0],[0,0],[0,0],[-0.867,0],[-0.467,0.167],[0,0],[-0.467,0.867],[-0.367,0.85],[-0.334,-0.9],[-0.35,-0.883]],"v":[[43.95,-25.9],[19.2,-70],[17.85,-71.4],[15.85,-71.65],[8.7,-71.65],[8.7,0],[17.2,0],[17.2,-52.65],[17.125,-54.95],[16.9,-57.5],[42,-12.55],[45.5,-10.3],[46.9,-10.3],[50.4,-12.55],[74.95,-57.35],[74.8,-54.9],[74.75,-52.65],[74.75,0],[83.25,0],[83.25,-71.65],[76.1,-71.65],[74.1,-71.4],[72.75,-70],[48.5,-25.95],[47.25,-23.375],[46.2,-20.7],[45.175,-23.375]],"c":true},"ix":2},"nm":"M","mn":"ADBE Vector Shape - Group","hd":false}],"nm":"M","np":3,"cix":2,"ix":1,"mn":"ADBE Vector Group","hd":false}]},"fFamily":"Lato"},{"ch":"U","size":18,"style":"Regular","w":73,"data":{"shapes":[{"ty":"gr","it":[{"ind":0,"ty":"sh","ix":1,"ks":{"a":0,"k":{"i":[[2.35,1.017],[1.616,1.8],[0.85,2.5],[0,3],[0,0],[0,0],[0,0],[-1.317,-3.533],[-2.467,-2.583],[-3.534,-1.466],[-4.4,0],[-3.534,1.466],[-2.45,2.584],[-1.317,3.534],[0,4.134],[0,0],[0,0],[0,0],[0.85,-2.5],[1.616,-1.8],[2.333,-1],[2.966,0]],"o":[[-2.35,-1.016],[-1.617,-1.8],[-0.85,-2.5],[0,0],[0,0],[0,0],[0,4.134],[1.316,3.534],[2.466,2.584],[3.533,1.466],[4.4,0],[3.533,-1.466],[2.45,-2.583],[1.316,-3.533],[0,0],[0,0],[0,0],[0,3],[-0.85,2.5],[-1.617,1.8],[-2.334,1],[-2.967,0]],"v":[[28.575,-9.225],[22.625,-13.45],[18.925,-19.9],[17.65,-28.15],[17.65,-71.65],[8,-71.65],[8,-28.1],[9.975,-16.6],[15.65,-7.425],[24.65,-1.35],[36.55,0.85],[48.45,-1.35],[57.425,-7.425],[63.075,-16.6],[65.05,-28.1],[65.05,-71.65],[55.4,-71.65],[55.4,-28.1],[54.125,-19.85],[50.425,-13.4],[44.5,-9.2],[36.55,-7.7]],"c":true},"ix":2},"nm":"U","mn":"ADBE Vector Shape - Group","hd":false}],"nm":"U","np":3,"cix":2,"ix":1,"mn":"ADBE Vector Group","hd":false}]},"fFamily":"Lato"},{"ch":"S","size":18,"style":"Regular","w":53,"data":{"shapes":[{"ty":"gr","it":[{"ind":0,"ty":"sh","ix":1,"ks":{"a":0,"k":{"i":[[0,0],[3.3,1.267],[4,0],[2.75,-1.1],[1.866,-1.833],[0.983,-2.366],[0,-2.533],[-0.984,-2.15],[-1.6,-1.433],[-2.05,-0.9],[-2.15,-0.683],[-2.05,-0.65],[-1.6,-0.933],[-0.984,-1.383],[0,-2.166],[0.666,-1.6],[1.25,-1.15],[1.8,-0.633],[2.3,0],[1.916,0.75],[1.35,0.9],[0.9,0.75],[0.7,0],[0.383,-0.25],[0.266,-0.366],[0,0],[-3.817,-1.683],[-4.634,0],[-2.984,1.166],[-2.05,2.034],[-1.067,2.75],[0,3.134],[0.983,2.034],[1.616,1.4],[2.05,0.917],[2.15,0.734],[2.05,0.684],[1.616,0.934],[0.983,1.317],[0,2],[-0.567,1.35],[-1.117,1],[-1.667,0.584],[-2.167,0],[-1.617,-0.566],[-1.15,-0.683],[-0.75,-0.566],[-0.567,0],[-0.334,0.25],[-0.3,0.5]],"o":[[-2.467,-2.4],[-3.3,-1.266],[-3.567,0],[-2.75,1.1],[-1.867,1.834],[-0.984,2.367],[0,3.167],[0.983,2.15],[1.6,1.434],[2.05,0.9],[2.15,0.684],[2.05,0.65],[1.6,0.934],[0.983,1.384],[0,1.967],[-0.667,1.6],[-1.25,1.15],[-1.8,0.634],[-2.767,0],[-1.917,-0.75],[-1.35,-0.9],[-0.9,-0.75],[-0.467,0],[-0.384,0.25],[0,0],[2.7,2.867],[3.816,1.684],[3.8,0],[2.983,-1.166],[2.05,-2.033],[1.066,-2.75],[0,-2.966],[-0.984,-2.033],[-1.617,-1.4],[-2.05,-0.916],[-2.15,-0.733],[-2.05,-0.683],[-1.617,-0.933],[-0.984,-1.316],[0,-1.566],[0.566,-1.35],[1.116,-1],[1.666,-0.583],[2.3,0],[1.616,0.567],[1.15,0.684],[0.75,0.567],[0.533,0],[0.333,-0.25],[0,0]],"v":[[47.75,-65.05],[39.1,-70.55],[28.15,-72.45],[18.675,-70.8],[11.75,-66.4],[7.475,-60.1],[6,-52.75],[7.475,-44.775],[11.35,-39.4],[16.825,-35.9],[23.125,-33.525],[29.425,-31.525],[34.9,-29.15],[38.775,-25.675],[40.25,-20.35],[39.25,-15],[36.375,-10.875],[31.8,-8.2],[25.65,-7.25],[18.625,-8.375],[13.725,-10.85],[10.35,-13.325],[7.95,-14.45],[6.675,-14.075],[5.7,-13.15],[2.9,-8.55],[12.675,-1.725],[25.35,0.8],[35.525,-0.95],[43.075,-5.75],[47.75,-12.925],[49.35,-21.75],[47.875,-29.25],[43.975,-34.4],[38.475,-37.875],[32.175,-40.35],[25.875,-42.475],[20.375,-44.9],[16.475,-48.275],[15,-53.25],[15.85,-57.625],[18.375,-61.15],[22.55,-63.525],[28.3,-64.4],[34.175,-63.55],[38.325,-61.675],[41.175,-59.8],[43.15,-58.95],[44.45,-59.325],[45.4,-60.45]],"c":true},"ix":2},"nm":"S","mn":"ADBE Vector Shape - Group","hd":false}],"nm":"S","np":3,"cix":2,"ix":1,"mn":"ADBE Vector Group","hd":false}]},"fFamily":"Lato"},{"ch":"I","size":18,"style":"Regular","w":30.7,"data":{"shapes":[{"ty":"gr","it":[{"ind":0,"ty":"sh","ix":1,"ks":{"a":0,"k":{"i":[[0,0],[0,0],[0,0],[0,0]],"o":[[0,0],[0,0],[0,0],[0,0]],"v":[[20.2,-71.65],[10.5,-71.65],[10.5,0],[20.2,0]],"c":true},"ix":2},"nm":"I","mn":"ADBE Vector Shape - Group","hd":false}],"nm":"I","np":3,"cix":2,"ix":1,"mn":"ADBE Vector Group","hd":false}]},"fFamily":"Lato"},{"ch":"C","size":18,"style":"Regular","w":68.5,"data":{"shapes":[{"ty":"gr","it":[{"ind":0,"ty":"sh","ix":1,"ks":{"a":0,"k":{"i":[[0.566,-0.5],[1.25,-0.816],[1.45,-0.533],[1.7,-0.25],[2.133,0],[3.033,1.267],[2.216,2.417],[1.283,3.5],[0,4.467],[-1.284,3.5],[-2.3,2.434],[-3.184,1.317],[-3.834,0],[-1.634,-0.316],[-1.234,-0.466],[-0.9,-0.533],[-0.667,-0.466],[-0.484,-0.316],[-0.434,0],[-0.3,0.217],[-0.234,0.334],[0,0],[3.816,1.634],[5.266,0],[4.416,-1.783],[3.166,-3.233],[1.75,-4.5],[0,-5.4],[-1.634,-4.5],[-2.967,-3.216],[-4.2,-1.783],[-5.167,0],[-4.184,1.9],[-2.934,3.4],[0,0],[0.533,0]],"o":[[-1.267,1.134],[-1.25,0.817],[-1.45,0.534],[-1.7,0.25],[-3.5,0],[-3.034,-1.266],[-2.217,-2.416],[-1.284,-3.5],[0,-4.333],[1.283,-3.5],[2.3,-2.433],[3.183,-1.316],[2.133,0],[1.633,0.317],[1.233,0.467],[0.9,0.534],[0.666,0.467],[0.483,0.317],[0.566,0],[0.3,-0.216],[0,0],[-2.967,-2.8],[-3.817,-1.633],[-5.334,0],[-4.417,1.784],[-3.167,3.234],[-1.75,4.5],[0,5.4],[1.633,4.5],[2.966,3.217],[4.2,1.784],[5.9,0],[4.183,-1.9],[0,0],[-0.434,-0.433],[-0.534,0]],"v":[[57.55,-14.05],[53.775,-11.125],[49.725,-9.1],[45,-7.925],[39.25,-7.55],[29.45,-9.45],[21.575,-14.975],[16.325,-23.85],[14.4,-35.8],[16.325,-47.55],[21.7,-56.45],[29.925,-62.075],[40.45,-64.05],[46.1,-63.575],[50.4,-62.4],[53.6,-60.9],[55.95,-59.4],[57.675,-58.225],[59.05,-57.75],[60.35,-58.075],[61.15,-58.9],[64.3,-63.35],[54.125,-70],[40.5,-72.45],[25.875,-69.775],[14.5,-62.25],[7.125,-50.65],[4.5,-35.8],[6.95,-20.95],[13.85,-9.375],[24.6,-1.875],[38.65,0.8],[53.775,-2.05],[64.45,-10],[60.65,-14.15],[59.2,-14.8]],"c":true},"ix":2},"nm":"C","mn":"ADBE Vector Shape - Group","hd":false}],"nm":"C","np":3,"cix":2,"ix":1,"mn":"ADBE Vector Group","hd":false}]},"fFamily":"Lato"},{"ch":"D","size":18,"style":"Regular","w":75.3,"data":{"shapes":[{"ty":"gr","it":[{"ind":0,"ty":"sh","ix":1,"ks":{"a":0,"k":{"i":[[1.7,4.4],[3.1,3.15],[4.333,1.717],[5.266,0],[0,0],[0,0],[0,0],[-4.334,1.717],[-3.1,3.134],[-1.7,4.4],[0,5.367]],"o":[[-1.7,-4.4],[-3.1,-3.15],[-4.334,-1.716],[0,0],[0,0],[0,0],[5.266,0],[4.333,-1.716],[3.1,-3.133],[1.7,-4.4],[0,-5.366]],"v":[[68.25,-50.45],[61.05,-61.775],[49.9,-69.075],[35.5,-71.65],[8.7,-71.65],[8.7,0],[35.5,0],[49.9,-2.575],[61.05,-9.85],[68.25,-21.15],[70.8,-35.8]],"c":true},"ix":2},"nm":"D","mn":"ADBE Vector Shape - Group","hd":false},{"ind":1,"ty":"sh","ix":2,"ks":{"a":0,"k":{"i":[[1.2,-3.466],[2.2,-2.383],[3.133,-1.266],[3.833,0],[0,0],[0,0],[0,0],[-3.134,-1.266],[-2.2,-2.4],[-1.2,-3.466],[0,-4.4]],"o":[[-1.2,3.467],[-2.2,2.384],[-3.134,1.267],[0,0],[0,0],[0,0],[3.833,0],[3.133,1.267],[2.2,2.4],[1.2,3.467],[0,4.4]],"v":[[59.05,-24],[53.95,-15.225],[45.95,-9.75],[35.5,-7.85],[18.45,-7.85],[18.45,-63.8],[35.5,-63.8],[45.95,-61.9],[53.95,-56.4],[59.05,-47.6],[60.85,-35.8]],"c":true},"ix":2},"nm":"D","mn":"ADBE Vector Shape - Group","hd":false}],"nm":"D","np":5,"cix":2,"ix":1,"mn":"ADBE Vector Group","hd":false}]},"fFamily":"Lato"},{"ch":"A","size":18,"style":"Regular","w":68,"data":{"shapes":[{"ty":"gr","it":[{"ind":0,"ty":"sh","ix":1,"ks":{"a":0,"k":{"i":[[0,0],[0,0],[0,0],[0,0],[-0.567,0.467],[-0.234,0.6],[0,0],[0,0],[0,0],[-0.534,-0.433],[-0.867,0],[0,0]],"o":[[0,0],[0,0],[0,0],[0.833,0],[0.566,-0.466],[0,0],[0,0],[0,0],[0.266,0.667],[0.533,0.434],[0,0],[0,0]],"v":[[39,-71.65],[29.15,-71.65],[0.5,0],[8,0],[10.1,-0.7],[11.3,-2.3],[18,-19.6],[50.15,-19.6],[56.85,-2.3],[58.05,-0.65],[60.15,0],[67.65,0]],"c":true},"ix":2},"nm":"A","mn":"ADBE Vector Shape - Group","hd":false},{"ind":1,"ty":"sh","ix":2,"ks":{"a":0,"k":{"i":[[0,0],[-0.35,1.15],[-0.367,1.367],[-0.734,-1.8],[0,0],[0,0]],"o":[[0.333,-0.866],[0.35,-1.15],[0.7,2.7],[0,0],[0,0],[0,0]],"v":[[31.95,-55.7],[32.975,-58.725],[34.05,-62.5],[36.2,-55.75],[47.45,-26.6],[20.7,-26.6]],"c":true},"ix":2},"nm":"A","mn":"ADBE Vector Shape - Group","hd":false}],"nm":"A","np":5,"cix":2,"ix":1,"mn":"ADBE Vector Group","hd":false}]},"fFamily":"Lato"},{"ch":"Y","size":18,"style":"Regular","w":62.9,"data":{"shapes":[{"ty":"gr","it":[{"ind":0,"ty":"sh","ix":1,"ks":{"a":0,"k":{"i":[[0,0],[0,0],[0.516,-0.483],[0.3,-0.533],[0,0],[0.433,-1.033],[0.366,-1.033],[0.45,1.034],[0.666,1.167],[0,0],[0.5,0.434],[0.866,0],[0,0],[0,0],[0,0],[0,0],[0,0]],"o":[[0,0],[-0.834,0],[-0.517,0.484],[0,0],[-0.667,1.134],[-0.434,1.034],[-0.367,-1],[-0.45,-1.033],[0,0],[-0.367,-0.633],[-0.5,-0.433],[0,0],[0,0],[0,0],[0,0],[0,0],[0,0]],"v":[[62.6,-71.65],[54,-71.65],[51.975,-70.925],[50.75,-69.4],[34.4,-41.55],[32.75,-38.3],[31.55,-35.2],[30.325,-38.25],[28.65,-41.55],[12.25,-69.4],[10.95,-71],[8.9,-71.65],[0.4,-71.65],[26.65,-28.5],[26.65,0],[36.3,0],[36.3,-28.5]],"c":true},"ix":2},"nm":"Y","mn":"ADBE Vector Shape - Group","hd":false}],"nm":"Y","np":3,"cix":2,"ix":1,"mn":"ADBE Vector Group","hd":false}]},"fFamily":"Lato"}]}