{
  "v": "5.5.2",
  "fr": 59.9400024414063,
  "ip": 0,
  "op": 120.0000048877,
  "w": 1920,
  "h": 1080,
  "nm": "background",
  "ddd": 0,
  "assets": [],
  "layers": [
    {
      "ddd": 0,
      "ind": 1,
      "ty": 4,
      "nm": "ambient06",
      "sr": 1,
      "ks": {
        "o": { "a": 0, "k": 100, "ix": 11 },
        "r": { "a": 0, "k": 180, "ix": 10 },
        "p": { "a": 0, "k": [1019, 920, 0], "ix": 2 },
        "a": { "a": 0, "k": [0, 0, 0], "ix": 1 },
        "s": { "a": 0, "k": [100, 100, 100], "ix": 6 }
      },
      "ao": 0,
      "shapes": [
        {
          "ind": 0,
          "ty": "sh",
          "ix": 1,
          "ks": {
            "a": 0,
            "k": {
              "i": [[0, 0], [0, 0], [0, 0], [0, 0]],
              "o": [[0, 0], [0, 0], [0, 0], [0, 0]],
              "v": [[-903, -28], [-684, -28], [-646, -66], [-470, -66]],
              "c": false
            },
            "ix": 2
          },
          "nm": "Path 1",
          "mn": "ADBE Vector Shape - Group",
          "hd": false
        },
        {
          "ty": "tm",
          "s": {
            "a": 1,
            "k": [
              {
                "i": { "x": [0.833], "y": [0.833] },
                "o": { "x": [0.167], "y": [0.167] },
                "t": 25,
                "s": [0]
              },
              {
                "i": { "x": [0.833], "y": [0.833] },
                "o": { "x": [0.167], "y": [0.167] },
                "t": 82,
                "s": [90]
              },
              { "t": 87.0000035435826, "s": [100] }
            ],
            "ix": 1
          },
          "e": {
            "a": 1,
            "k": [
              {
                "i": { "x": [0.833], "y": [0.833] },
                "o": { "x": [0.167], "y": [0.167] },
                "t": 19,
                "s": [0]
              },
              {
                "i": { "x": [0.833], "y": [0.833] },
                "o": { "x": [0.167], "y": [0.167] },
                "t": 25,
                "s": [10]
              },
              { "t": 82.0000033399285, "s": [100] }
            ],
            "ix": 2
          },
          "o": { "a": 0, "k": 0, "ix": 3 },
          "m": 1,
          "ix": 2,
          "nm": "Trim Paths 1",
          "mn": "ADBE Vector Filter - Trim",
          "hd": false
        },
        {
          "ty": "st",
          "c": {
            "a": 0,
            "k": [0.827450990677, 0.827450990677, 0.827450990677, 1],
            "ix": 3
          },
          "o": { "a": 0, "k": 100, "ix": 4 },
          "w": { "a": 0, "k": 3, "ix": 5 },
          "lc": 1,
          "lj": 1,
          "ml": 4,
          "bm": 0,
          "nm": "Stroke 1",
          "mn": "ADBE Vector Graphic - Stroke",
          "hd": false
        }
      ],
      "ip": 0,
      "op": 1800.0000733155,
      "st": 0,
      "bm": 0
    },
    {
      "ddd": 0,
      "ind": 2,
      "ty": 4,
      "nm": "line06",
      "sr": 1,
      "ks": {
        "o": { "a": 0, "k": 50, "ix": 11 },
        "r": { "a": 0, "k": 180, "ix": 10 },
        "p": { "a": 0, "k": [1019, 920, 0], "ix": 2 },
        "a": { "a": 0, "k": [0, 0, 0], "ix": 1 },
        "s": { "a": 0, "k": [100, 100, 100], "ix": 6 }
      },
      "ao": 0,
      "shapes": [
        {
          "ind": 0,
          "ty": "sh",
          "ix": 1,
          "ks": {
            "a": 0,
            "k": {
              "i": [[0, 0], [0, 0], [0, 0], [0, 0]],
              "o": [[0, 0], [0, 0], [0, 0], [0, 0]],
              "v": [[-920, -28], [-684, -28], [-646, -66], [-470, -66]],
              "c": false
            },
            "ix": 2
          },
          "nm": "Path 1",
          "mn": "ADBE Vector Shape - Group",
          "hd": false
        },
        {
          "ty": "tm",
          "s": { "a": 0, "k": 0, "ix": 1 },
          "e": { "a": 0, "k": 100, "ix": 2 },
          "o": { "a": 0, "k": 0, "ix": 3 },
          "m": 1,
          "ix": 2,
          "nm": "Trim Paths 1",
          "mn": "ADBE Vector Filter - Trim",
          "hd": false
        },
        {
          "ty": "st",
          "c": { "a": 0, "k": [1, 1, 1, 1], "ix": 3 },
          "o": { "a": 0, "k": 100, "ix": 4 },
          "w": { "a": 0, "k": 2, "ix": 5 },
          "lc": 1,
          "lj": 1,
          "ml": 4,
          "bm": 0,
          "nm": "Stroke 1",
          "mn": "ADBE Vector Graphic - Stroke",
          "hd": false
        }
      ],
      "ip": 0,
      "op": 1800.0000733155,
      "st": 0,
      "bm": 0
    },
    {
      "ddd": 0,
      "ind": 3,
      "ty": 4,
      "nm": "ambient05",
      "sr": 1,
      "ks": {
        "o": { "a": 0, "k": 100, "ix": 11 },
        "r": { "a": 0, "k": 180, "ix": 10 },
        "p": { "a": 0, "k": [1009, 890, 0], "ix": 2 },
        "a": { "a": 0, "k": [0, 0, 0], "ix": 1 },
        "s": { "a": 0, "k": [100, 100, 100], "ix": 6 }
      },
      "ao": 0,
      "shapes": [
        {
          "ind": 0,
          "ty": "sh",
          "ix": 1,
          "ks": {
            "a": 0,
            "k": {
              "i": [[0, 0], [0, 0], [0, 0], [0, 0]],
              "o": [[0, 0], [0, 0], [0, 0], [0, 0]],
              "v": [[-903, -28], [-684, -28], [-646, -66], [-470, -66]],
              "c": false
            },
            "ix": 2
          },
          "nm": "Path 1",
          "mn": "ADBE Vector Shape - Group",
          "hd": false
        },
        {
          "ty": "tm",
          "s": {
            "a": 1,
            "k": [
              {
                "i": { "x": [0.833], "y": [0.833] },
                "o": { "x": [0.167], "y": [0.167] },
                "t": 30,
                "s": [0]
              },
              {
                "i": { "x": [0.833], "y": [0.833] },
                "o": { "x": [0.167], "y": [0.167] },
                "t": 63,
                "s": [90]
              },
              { "t": 68.0000027696968, "s": [100] }
            ],
            "ix": 1
          },
          "e": {
            "a": 1,
            "k": [
              {
                "i": { "x": [0.833], "y": [0.833] },
                "o": { "x": [0.167], "y": [0.167] },
                "t": 24,
                "s": [0]
              },
              {
                "i": { "x": [0.833], "y": [0.833] },
                "o": { "x": [0.167], "y": [0.167] },
                "t": 30,
                "s": [10]
              },
              { "t": 63.0000025660426, "s": [100] }
            ],
            "ix": 2
          },
          "o": { "a": 0, "k": 0, "ix": 3 },
          "m": 1,
          "ix": 2,
          "nm": "Trim Paths 1",
          "mn": "ADBE Vector Filter - Trim",
          "hd": false
        },
        {
          "ty": "st",
          "c": {
            "a": 0,
            "k": [0.827450990677, 0.827450990677, 0.827450990677, 1],
            "ix": 3
          },
          "o": { "a": 0, "k": 100, "ix": 4 },
          "w": { "a": 0, "k": 3, "ix": 5 },
          "lc": 1,
          "lj": 1,
          "ml": 4,
          "bm": 0,
          "nm": "Stroke 1",
          "mn": "ADBE Vector Graphic - Stroke",
          "hd": false
        }
      ],
      "ip": 0,
      "op": 1800.0000733155,
      "st": 0,
      "bm": 0
    },
    {
      "ddd": 0,
      "ind": 4,
      "ty": 4,
      "nm": "line05",
      "sr": 1,
      "ks": {
        "o": { "a": 0, "k": 50, "ix": 11 },
        "r": { "a": 0, "k": 180, "ix": 10 },
        "p": { "a": 0, "k": [1009, 890, 0], "ix": 2 },
        "a": { "a": 0, "k": [0, 0, 0], "ix": 1 },
        "s": { "a": 0, "k": [100, 100, 100], "ix": 6 }
      },
      "ao": 0,
      "shapes": [
        {
          "ind": 0,
          "ty": "sh",
          "ix": 1,
          "ks": {
            "a": 0,
            "k": {
              "i": [[0, 0], [0, 0], [0, 0], [0, 0]],
              "o": [[0, 0], [0, 0], [0, 0], [0, 0]],
              "v": [[-920, -28], [-684, -28], [-646, -66], [-470, -66]],
              "c": false
            },
            "ix": 2
          },
          "nm": "Path 1",
          "mn": "ADBE Vector Shape - Group",
          "hd": false
        },
        {
          "ty": "tm",
          "s": { "a": 0, "k": 0, "ix": 1 },
          "e": { "a": 0, "k": 100, "ix": 2 },
          "o": { "a": 0, "k": 0, "ix": 3 },
          "m": 1,
          "ix": 2,
          "nm": "Trim Paths 1",
          "mn": "ADBE Vector Filter - Trim",
          "hd": false
        },
        {
          "ty": "st",
          "c": { "a": 0, "k": [1, 1, 1, 1], "ix": 3 },
          "o": { "a": 0, "k": 100, "ix": 4 },
          "w": { "a": 0, "k": 2, "ix": 5 },
          "lc": 1,
          "lj": 1,
          "ml": 4,
          "bm": 0,
          "nm": "Stroke 1",
          "mn": "ADBE Vector Graphic - Stroke",
          "hd": false
        }
      ],
      "ip": 0,
      "op": 1800.0000733155,
      "st": 0,
      "bm": 0
    },
    {
      "ddd": 0,
      "ind": 5,
      "ty": 4,
      "nm": "ambient04",
      "sr": 1,
      "ks": {
        "o": { "a": 0, "k": 100, "ix": 11 },
        "r": { "a": 0, "k": 180, "ix": 10 },
        "p": { "a": 0, "k": [999, 860, 0], "ix": 2 },
        "a": { "a": 0, "k": [0, 0, 0], "ix": 1 },
        "s": { "a": 0, "k": [100, 100, 100], "ix": 6 }
      },
      "ao": 0,
      "shapes": [
        {
          "ind": 0,
          "ty": "sh",
          "ix": 1,
          "ks": {
            "a": 0,
            "k": {
              "i": [[0, 0], [0, 0], [0, 0], [0, 0]],
              "o": [[0, 0], [0, 0], [0, 0], [0, 0]],
              "v": [[-903, -28], [-684, -28], [-646, -66], [-470, -66]],
              "c": false
            },
            "ix": 2
          },
          "nm": "Path 1",
          "mn": "ADBE Vector Shape - Group",
          "hd": false
        },
        {
          "ty": "tm",
          "s": {
            "a": 1,
            "k": [
              {
                "i": { "x": [0.833], "y": [0.833] },
                "o": { "x": [0.167], "y": [0.167] },
                "t": 6,
                "s": [0]
              },
              {
                "i": { "x": [0.833], "y": [0.833] },
                "o": { "x": [0.167], "y": [0.167] },
                "t": 43,
                "s": [90]
              },
              { "t": 48.0000019550801, "s": [100] }
            ],
            "ix": 1
          },
          "e": {
            "a": 1,
            "k": [
              {
                "i": { "x": [0.833], "y": [0.833] },
                "o": { "x": [0.167], "y": [0.167] },
                "t": 0,
                "s": [0]
              },
              {
                "i": { "x": [0.833], "y": [0.833] },
                "o": { "x": [0.167], "y": [0.167] },
                "t": 6,
                "s": [10]
              },
              { "t": 43.0000017514259, "s": [100] }
            ],
            "ix": 2
          },
          "o": { "a": 0, "k": 0, "ix": 3 },
          "m": 1,
          "ix": 2,
          "nm": "Trim Paths 1",
          "mn": "ADBE Vector Filter - Trim",
          "hd": false
        },
        {
          "ty": "st",
          "c": {
            "a": 0,
            "k": [0.827450990677, 0.827450990677, 0.827450990677, 1],
            "ix": 3
          },
          "o": { "a": 0, "k": 100, "ix": 4 },
          "w": { "a": 0, "k": 3, "ix": 5 },
          "lc": 1,
          "lj": 1,
          "ml": 4,
          "bm": 0,
          "nm": "Stroke 1",
          "mn": "ADBE Vector Graphic - Stroke",
          "hd": false
        }
      ],
      "ip": 0,
      "op": 1800.0000733155,
      "st": 0,
      "bm": 0
    },
    {
      "ddd": 0,
      "ind": 6,
      "ty": 4,
      "nm": "line04",
      "sr": 1,
      "ks": {
        "o": { "a": 0, "k": 50, "ix": 11 },
        "r": { "a": 0, "k": 180, "ix": 10 },
        "p": { "a": 0, "k": [999, 860, 0], "ix": 2 },
        "a": { "a": 0, "k": [0, 0, 0], "ix": 1 },
        "s": { "a": 0, "k": [100, 100, 100], "ix": 6 }
      },
      "ao": 0,
      "shapes": [
        {
          "ind": 0,
          "ty": "sh",
          "ix": 1,
          "ks": {
            "a": 0,
            "k": {
              "i": [[0, 0], [0, 0], [0, 0], [0, 0]],
              "o": [[0, 0], [0, 0], [0, 0], [0, 0]],
              "v": [[-920, -28], [-684, -28], [-646, -66], [-470, -66]],
              "c": false
            },
            "ix": 2
          },
          "nm": "Path 1",
          "mn": "ADBE Vector Shape - Group",
          "hd": false
        },
        {
          "ty": "tm",
          "s": { "a": 0, "k": 0, "ix": 1 },
          "e": { "a": 0, "k": 100, "ix": 2 },
          "o": { "a": 0, "k": 0, "ix": 3 },
          "m": 1,
          "ix": 2,
          "nm": "Trim Paths 1",
          "mn": "ADBE Vector Filter - Trim",
          "hd": false
        },
        {
          "ty": "st",
          "c": { "a": 0, "k": [1, 1, 1, 1], "ix": 3 },
          "o": { "a": 0, "k": 100, "ix": 4 },
          "w": { "a": 0, "k": 2, "ix": 5 },
          "lc": 1,
          "lj": 1,
          "ml": 4,
          "bm": 0,
          "nm": "Stroke 1",
          "mn": "ADBE Vector Graphic - Stroke",
          "hd": false
        }
      ],
      "ip": 0,
      "op": 1800.0000733155,
      "st": 0,
      "bm": 0
    },
    {
      "ddd": 0,
      "ind": 7,
      "ty": 4,
      "nm": "ambient03",
      "sr": 1,
      "ks": {
        "o": { "a": 0, "k": 100, "ix": 11 },
        "r": { "a": 0, "k": 0, "ix": 10 },
        "p": { "a": 0, "k": [919, 600, 0], "ix": 2 },
        "a": { "a": 0, "k": [0, 0, 0], "ix": 1 },
        "s": { "a": 0, "k": [100, 100, 100], "ix": 6 }
      },
      "ao": 0,
      "shapes": [
        {
          "ind": 0,
          "ty": "sh",
          "ix": 1,
          "ks": {
            "a": 0,
            "k": {
              "i": [[0, 0], [0, 0], [0, 0], [0, 0]],
              "o": [[0, 0], [0, 0], [0, 0], [0, 0]],
              "v": [[-903, -28], [-684, -28], [-646, -66], [-470, -66]],
              "c": false
            },
            "ix": 2
          },
          "nm": "Path 1",
          "mn": "ADBE Vector Shape - Group",
          "hd": false
        },
        {
          "ty": "tm",
          "s": {
            "a": 1,
            "k": [
              {
                "i": { "x": [0.833], "y": [0.833] },
                "o": { "x": [0.167], "y": [0.167] },
                "t": 39,
                "s": [0]
              },
              {
                "i": { "x": [0.833], "y": [0.833] },
                "o": { "x": [0.167], "y": [0.167] },
                "t": 72,
                "s": [90]
              },
              { "t": 77.0000031362743, "s": [100] }
            ],
            "ix": 1
          },
          "e": {
            "a": 1,
            "k": [
              {
                "i": { "x": [0.833], "y": [0.833] },
                "o": { "x": [0.167], "y": [0.167] },
                "t": 33,
                "s": [0]
              },
              {
                "i": { "x": [0.833], "y": [0.833] },
                "o": { "x": [0.167], "y": [0.167] },
                "t": 39,
                "s": [10]
              },
              { "t": 72.0000029326201, "s": [100] }
            ],
            "ix": 2
          },
          "o": { "a": 0, "k": 0, "ix": 3 },
          "m": 1,
          "ix": 2,
          "nm": "Trim Paths 1",
          "mn": "ADBE Vector Filter - Trim",
          "hd": false
        },
        {
          "ty": "st",
          "c": {
            "a": 0,
            "k": [0.827450990677, 0.827450990677, 0.827450990677, 1],
            "ix": 3
          },
          "o": { "a": 0, "k": 100, "ix": 4 },
          "w": { "a": 0, "k": 3, "ix": 5 },
          "lc": 1,
          "lj": 1,
          "ml": 4,
          "bm": 0,
          "nm": "Stroke 1",
          "mn": "ADBE Vector Graphic - Stroke",
          "hd": false
        }
      ],
      "ip": 0,
      "op": 1800.0000733155,
      "st": 0,
      "bm": 0
    },
    {
      "ddd": 0,
      "ind": 8,
      "ty": 4,
      "nm": "line03",
      "sr": 1,
      "ks": {
        "o": { "a": 0, "k": 50, "ix": 11 },
        "r": { "a": 0, "k": 0, "ix": 10 },
        "p": { "a": 0, "k": [919, 600, 0], "ix": 2 },
        "a": { "a": 0, "k": [0, 0, 0], "ix": 1 },
        "s": { "a": 0, "k": [100, 100, 100], "ix": 6 }
      },
      "ao": 0,
      "shapes": [
        {
          "ind": 0,
          "ty": "sh",
          "ix": 1,
          "ks": {
            "a": 0,
            "k": {
              "i": [[0, 0], [0, 0], [0, 0], [0, 0]],
              "o": [[0, 0], [0, 0], [0, 0], [0, 0]],
              "v": [[-920, -28], [-684, -28], [-646, -66], [-470, -66]],
              "c": false
            },
            "ix": 2
          },
          "nm": "Path 1",
          "mn": "ADBE Vector Shape - Group",
          "hd": false
        },
        {
          "ty": "tm",
          "s": { "a": 0, "k": 0, "ix": 1 },
          "e": { "a": 0, "k": 100, "ix": 2 },
          "o": { "a": 0, "k": 0, "ix": 3 },
          "m": 1,
          "ix": 2,
          "nm": "Trim Paths 1",
          "mn": "ADBE Vector Filter - Trim",
          "hd": false
        },
        {
          "ty": "st",
          "c": { "a": 0, "k": [1, 1, 1, 1], "ix": 3 },
          "o": { "a": 0, "k": 100, "ix": 4 },
          "w": { "a": 0, "k": 2, "ix": 5 },
          "lc": 1,
          "lj": 1,
          "ml": 4,
          "bm": 0,
          "nm": "Stroke 1",
          "mn": "ADBE Vector Graphic - Stroke",
          "hd": false
        }
      ],
      "ip": 0,
      "op": 1800.0000733155,
      "st": 0,
      "bm": 0
    },
    {
      "ddd": 0,
      "ind": 9,
      "ty": 4,
      "nm": "ambient02",
      "sr": 1,
      "ks": {
        "o": { "a": 0, "k": 100, "ix": 11 },
        "r": { "a": 0, "k": 0, "ix": 10 },
        "p": { "a": 0, "k": [909, 570, 0], "ix": 2 },
        "a": { "a": 0, "k": [0, 0, 0], "ix": 1 },
        "s": { "a": 0, "k": [100, 100, 100], "ix": 6 }
      },
      "ao": 0,
      "shapes": [
        {
          "ind": 0,
          "ty": "sh",
          "ix": 1,
          "ks": {
            "a": 0,
            "k": {
              "i": [[0, 0], [0, 0], [0, 0], [0, 0]],
              "o": [[0, 0], [0, 0], [0, 0], [0, 0]],
              "v": [[-903, -28], [-684, -28], [-646, -66], [-470, -66]],
              "c": false
            },
            "ix": 2
          },
          "nm": "Path 1",
          "mn": "ADBE Vector Shape - Group",
          "hd": false
        },
        {
          "ty": "tm",
          "s": {
            "a": 1,
            "k": [
              {
                "i": { "x": [0.833], "y": [0.833] },
                "o": { "x": [0.167], "y": [0.167] },
                "t": 20,
                "s": [0]
              },
              {
                "i": { "x": [0.833], "y": [0.833] },
                "o": { "x": [0.167], "y": [0.167] },
                "t": 49,
                "s": [90]
              },
              { "t": 54.0000021994651, "s": [100] }
            ],
            "ix": 1
          },
          "e": {
            "a": 1,
            "k": [
              {
                "i": { "x": [0.833], "y": [0.833] },
                "o": { "x": [0.167], "y": [0.167] },
                "t": 14,
                "s": [0]
              },
              {
                "i": { "x": [0.833], "y": [0.833] },
                "o": { "x": [0.167], "y": [0.167] },
                "t": 20,
                "s": [10]
              },
              { "t": 49.0000019958109, "s": [100] }
            ],
            "ix": 2
          },
          "o": { "a": 0, "k": 0, "ix": 3 },
          "m": 1,
          "ix": 2,
          "nm": "Trim Paths 1",
          "mn": "ADBE Vector Filter - Trim",
          "hd": false
        },
        {
          "ty": "st",
          "c": {
            "a": 0,
            "k": [0.827450990677, 0.827450990677, 0.827450990677, 1],
            "ix": 3
          },
          "o": { "a": 0, "k": 100, "ix": 4 },
          "w": { "a": 0, "k": 3, "ix": 5 },
          "lc": 1,
          "lj": 1,
          "ml": 4,
          "bm": 0,
          "nm": "Stroke 1",
          "mn": "ADBE Vector Graphic - Stroke",
          "hd": false
        }
      ],
      "ip": 0,
      "op": 1800.0000733155,
      "st": 0,
      "bm": 0
    },
    {
      "ddd": 0,
      "ind": 10,
      "ty": 4,
      "nm": "line02",
      "sr": 1,
      "ks": {
        "o": { "a": 0, "k": 50, "ix": 11 },
        "r": { "a": 0, "k": 0, "ix": 10 },
        "p": { "a": 0, "k": [909, 570, 0], "ix": 2 },
        "a": { "a": 0, "k": [0, 0, 0], "ix": 1 },
        "s": { "a": 0, "k": [100, 100, 100], "ix": 6 }
      },
      "ao": 0,
      "shapes": [
        {
          "ind": 0,
          "ty": "sh",
          "ix": 1,
          "ks": {
            "a": 0,
            "k": {
              "i": [[0, 0], [0, 0], [0, 0], [0, 0]],
              "o": [[0, 0], [0, 0], [0, 0], [0, 0]],
              "v": [[-920, -28], [-684, -28], [-646, -66], [-470, -66]],
              "c": false
            },
            "ix": 2
          },
          "nm": "Path 1",
          "mn": "ADBE Vector Shape - Group",
          "hd": false
        },
        {
          "ty": "tm",
          "s": { "a": 0, "k": 0, "ix": 1 },
          "e": { "a": 0, "k": 100, "ix": 2 },
          "o": { "a": 0, "k": 0, "ix": 3 },
          "m": 1,
          "ix": 2,
          "nm": "Trim Paths 1",
          "mn": "ADBE Vector Filter - Trim",
          "hd": false
        },
        {
          "ty": "st",
          "c": { "a": 0, "k": [1, 1, 1, 1], "ix": 3 },
          "o": { "a": 0, "k": 100, "ix": 4 },
          "w": { "a": 0, "k": 2, "ix": 5 },
          "lc": 1,
          "lj": 1,
          "ml": 4,
          "bm": 0,
          "nm": "Stroke 1",
          "mn": "ADBE Vector Graphic - Stroke",
          "hd": false
        }
      ],
      "ip": 0,
      "op": 1800.0000733155,
      "st": 0,
      "bm": 0
    },
    {
      "ddd": 0,
      "ind": 11,
      "ty": 4,
      "nm": "ambient01",
      "sr": 1,
      "ks": {
        "o": { "a": 0, "k": 100, "ix": 11 },
        "r": { "a": 0, "k": 0, "ix": 10 },
        "p": { "a": 0, "k": [899, 540, 0], "ix": 2 },
        "a": { "a": 0, "k": [0, 0, 0], "ix": 1 },
        "s": { "a": 0, "k": [100, 100, 100], "ix": 6 }
      },
      "ao": 0,
      "shapes": [
        {
          "ind": 0,
          "ty": "sh",
          "ix": 1,
          "ks": {
            "a": 0,
            "k": {
              "i": [[0, 0], [0, 0], [0, 0], [0, 0]],
              "o": [[0, 0], [0, 0], [0, 0], [0, 0]],
              "v": [[-903, -28], [-684, -28], [-646, -66], [-470, -66]],
              "c": false
            },
            "ix": 2
          },
          "nm": "Path 1",
          "mn": "ADBE Vector Shape - Group",
          "hd": false
        },
        {
          "ty": "tm",
          "s": {
            "a": 1,
            "k": [
              {
                "i": { "x": [0.833], "y": [0.833] },
                "o": { "x": [0.167], "y": [0.167] },
                "t": 6,
                "s": [0]
              },
              {
                "i": { "x": [0.833], "y": [0.833] },
                "o": { "x": [0.167], "y": [0.167] },
                "t": 60,
                "s": [90]
              },
              { "t": 65.0000026475043, "s": [100] }
            ],
            "ix": 1
          },
          "e": {
            "a": 1,
            "k": [
              {
                "i": { "x": [0.833], "y": [0.833] },
                "o": { "x": [0.167], "y": [0.167] },
                "t": 0,
                "s": [0]
              },
              {
                "i": { "x": [0.833], "y": [0.833] },
                "o": { "x": [0.167], "y": [0.167] },
                "t": 6,
                "s": [10]
              },
              { "t": 60.0000024438501, "s": [100] }
            ],
            "ix": 2
          },
          "o": { "a": 0, "k": 0, "ix": 3 },
          "m": 1,
          "ix": 2,
          "nm": "Trim Paths 1",
          "mn": "ADBE Vector Filter - Trim",
          "hd": false
        },
        {
          "ty": "st",
          "c": {
            "a": 0,
            "k": [0.827450990677, 0.827450990677, 0.827450990677, 1],
            "ix": 3
          },
          "o": { "a": 0, "k": 100, "ix": 4 },
          "w": { "a": 0, "k": 3, "ix": 5 },
          "lc": 1,
          "lj": 1,
          "ml": 4,
          "bm": 0,
          "nm": "Stroke 1",
          "mn": "ADBE Vector Graphic - Stroke",
          "hd": false
        }
      ],
      "ip": 0,
      "op": 1800.0000733155,
      "st": 0,
      "bm": 0
    },
    {
      "ddd": 0,
      "ind": 12,
      "ty": 4,
      "nm": "line01",
      "sr": 1,
      "ks": {
        "o": { "a": 0, "k": 50, "ix": 11 },
        "r": { "a": 0, "k": 0, "ix": 10 },
        "p": { "a": 0, "k": [899, 540, 0], "ix": 2 },
        "a": { "a": 0, "k": [0, 0, 0], "ix": 1 },
        "s": { "a": 0, "k": [100, 100, 100], "ix": 6 }
      },
      "ao": 0,
      "shapes": [
        {
          "ind": 0,
          "ty": "sh",
          "ix": 1,
          "ks": {
            "a": 0,
            "k": {
              "i": [[0, 0], [0, 0], [0, 0], [0, 0]],
              "o": [[0, 0], [0, 0], [0, 0], [0, 0]],
              "v": [[-920, -28], [-684, -28], [-646, -66], [-470, -66]],
              "c": false
            },
            "ix": 2
          },
          "nm": "Path 1",
          "mn": "ADBE Vector Shape - Group",
          "hd": false
        },
        {
          "ty": "tm",
          "s": { "a": 0, "k": 0, "ix": 1 },
          "e": { "a": 0, "k": 100, "ix": 2 },
          "o": { "a": 0, "k": 0, "ix": 3 },
          "m": 1,
          "ix": 2,
          "nm": "Trim Paths 1",
          "mn": "ADBE Vector Filter - Trim",
          "hd": false
        },
        {
          "ty": "st",
          "c": { "a": 0, "k": [1, 1, 1, 1], "ix": 3 },
          "o": { "a": 0, "k": 100, "ix": 4 },
          "w": { "a": 0, "k": 2, "ix": 5 },
          "lc": 1,
          "lj": 1,
          "ml": 4,
          "bm": 0,
          "nm": "Stroke 1",
          "mn": "ADBE Vector Graphic - Stroke",
          "hd": false
        }
      ],
      "ip": 0,
      "op": 1800.0000733155,
      "st": 0,
      "bm": 0
    }
  ],
  "markers": []
}
