{"v":"5.5.2","fr":59.9400024414063,"ip":0,"op":112.000004561854,"w":1200,"h":600,"nm":"car","ddd":0,"assets":[],"layers":[{"ddd":0,"ind":1,"ty":4,"nm":"car","sr":1,"ks":{"o":{"a":0,"k":100,"ix":11},"r":{"a":0,"k":0,"ix":10},"p":{"a":0,"k":[599.994,299.982,0],"ix":2},"a":{"a":0,"k":[67.145,33.757,0],"ix":1},"s":{"a":0,"k":[500,500,100],"ix":6}},"ao":0,"shapes":[{"ty":"gr","it":[{"ind":0,"ty":"sh","ix":1,"ks":{"a":0,"k":{"i":[[2.62,1.188],[0,0],[0.242,0.377],[0,0],[3.654,-0.037],[0,0],[2.034,-2.607],[0,0],[0.483,-0.132],[0,0],[-0.012,-3.312],[0,0],[-4.053,-0.044],[0,0],[0,0],[-8.492,-0.722],[-0.637,-7.49],[0,0],[-8.491,-0.722],[-0.637,-7.49],[0,0],[0.032,4.054],[0,0],[0,0]],"o":[[0,0],[-0.411,-0.18],[0,0],[-1.96,-3.084],[0,0],[-3.305,-0.014],[0,0],[-0.302,0.399],[0,0],[-3.195,0.869],[0,0],[-0.044,4.052],[0,0],[0,0],[0.722,-8.492],[7.49,0.637],[0,0],[0.722,-8.492],[7.491,0.637],[0,0],[4.053,-0.032],[0,0],[0,0],[0.017,-2.877]],"v":[[60.834,2.176],[48.778,-3.276],[47.778,-4.13],[37.333,-20.63],[28.304,-25.531],[-14.144,-25.531],[-22.61,-21.419],[-36.045,-3.983],[-37.255,-3.164],[-59.705,2.923],[-65.101,10.012],[-65.101,18.148],[-57.843,25.568],[-57.818,25.568],[-55.861,25.568],[-39.179,11.5],[-25.11,25.568],[23.506,25.568],[40.187,11.5],[54.256,25.568],[57.831,25.568],[65.114,18.172],[65.114,18.148],[65.114,8.86]],"c":true},"ix":2},"nm":"Path 1","mn":"ADBE Vector Shape - Group","hd":false},{"ty":"st","c":{"a":0,"k":[1,1,1,1],"ix":3},"o":{"a":0,"k":100,"ix":4},"w":{"a":0,"k":2,"ix":5},"lc":1,"lj":1,"ml":4,"bm":0,"nm":"Stroke 1","mn":"ADBE Vector Graphic - Stroke","hd":false},{"ty":"fl","c":{"a":0,"k":[0.109999997008,0.109999997008,0.109999997008,1],"ix":4},"o":{"a":0,"k":100,"ix":5},"r":1,"bm":0,"nm":"Fill 1","mn":"ADBE Vector Graphic - Fill","hd":false},{"ty":"tr","p":{"a":1,"k":[{"i":{"x":0.667,"y":1},"o":{"x":0.333,"y":0},"t":0,"s":[67.145,27.567],"to":[0,-0.095],"ti":[0,0]},{"i":{"x":0.667,"y":1},"o":{"x":0.333,"y":0},"t":16,"s":[67.145,27],"to":[0,0],"ti":[0,0]},{"i":{"x":0.667,"y":1},"o":{"x":0.333,"y":0},"t":35,"s":[67.145,27.567],"to":[0,0],"ti":[0,0]},{"i":{"x":0.667,"y":1},"o":{"x":0.333,"y":0},"t":54,"s":[67.145,27],"to":[0,0],"ti":[0,0]},{"i":{"x":0.667,"y":1},"o":{"x":0.167,"y":0},"t":71,"s":[67.145,27.567],"to":[0,0],"ti":[0,0]},{"i":{"x":0.667,"y":1},"o":{"x":0.167,"y":0},"t":90,"s":[67.145,27],"to":[0,0],"ti":[0,-0.095]},{"t":109.000004439661,"s":[67.145,27.567]}],"ix":2},"a":{"a":0,"k":[0,0],"ix":1},"s":{"a":0,"k":[100,100],"ix":3},"r":{"a":0,"k":0,"ix":6},"o":{"a":0,"k":100,"ix":7},"sk":{"a":0,"k":0,"ix":4},"sa":{"a":0,"k":0,"ix":5},"nm":"Transform"}],"nm":"body","np":3,"cix":2,"bm":0,"ix":1,"mn":"ADBE Vector Group","hd":false},{"ty":"gr","it":[{"ind":0,"ty":"sh","ix":1,"ks":{"a":0,"k":{"i":[[6.206,0],[0.001,-6.206],[-6.206,0],[-0.001,6.206],[0,0]],"o":[[-6.206,0],[0,6.206],[6.206,0.001],[0,0],[0,-6.206]],"v":[[0.001,-11.238],[-11.237,-0.001],[-0.001,11.237],[11.237,0.001],[11.237,0]],"c":true},"ix":2},"nm":"Path 1","mn":"ADBE Vector Shape - Group","hd":false},{"ty":"st","c":{"a":0,"k":[1,1,1,1],"ix":3},"o":{"a":0,"k":100,"ix":4},"w":{"a":0,"k":2,"ix":5},"lc":1,"lj":1,"ml":4,"bm":0,"nm":"Stroke 1","mn":"ADBE Vector Graphic - Stroke","hd":false},{"ty":"fl","c":{"a":0,"k":[0.109999997008,0.109999997008,0.109999997008,1],"ix":4},"o":{"a":0,"k":100,"ix":5},"r":1,"bm":0,"nm":"Fill 1","mn":"ADBE Vector Graphic - Fill","hd":false},{"ty":"tr","p":{"a":0,"k":[26.617,54.276],"ix":2},"a":{"a":0,"k":[0,0],"ix":1},"s":{"a":0,"k":[100,100],"ix":3},"r":{"a":0,"k":0,"ix":6},"o":{"a":0,"k":100,"ix":7},"sk":{"a":0,"k":0,"ix":4},"sa":{"a":0,"k":0,"ix":5},"nm":"Transform"}],"nm":"wheel01","np":3,"cix":2,"bm":0,"ix":2,"mn":"ADBE Vector Group","hd":false},{"ty":"gr","it":[{"ind":0,"ty":"sh","ix":1,"ks":{"a":0,"k":{"i":[[6.206,0],[0,-6.206],[-6.206,0],[0,6.206]],"o":[[-6.206,0],[0,6.206],[6.206,0],[0,-6.206]],"v":[[0,-11.237],[-11.237,0],[0,11.237],[11.237,0]],"c":true},"ix":2},"nm":"Path 1","mn":"ADBE Vector Shape - Group","hd":false},{"ty":"st","c":{"a":0,"k":[1,1,1,1],"ix":3},"o":{"a":0,"k":100,"ix":4},"w":{"a":0,"k":2,"ix":5},"lc":1,"lj":1,"ml":4,"bm":0,"nm":"Stroke 1","mn":"ADBE Vector Graphic - Stroke","hd":false},{"ty":"fl","c":{"a":0,"k":[0.109999997008,0.109999997008,0.109999997008,1],"ix":4},"o":{"a":0,"k":100,"ix":5},"r":1,"bm":0,"nm":"Fill 1","mn":"ADBE Vector Graphic - Fill","hd":false},{"ty":"tr","p":{"a":0,"k":[106.004,54.276],"ix":2},"a":{"a":0,"k":[0,0],"ix":1},"s":{"a":0,"k":[100,100],"ix":3},"r":{"a":0,"k":0,"ix":6},"o":{"a":0,"k":100,"ix":7},"sk":{"a":0,"k":0,"ix":4},"sa":{"a":0,"k":0,"ix":5},"nm":"Transform"}],"nm":"wheel02","np":3,"cix":2,"bm":0,"ix":3,"mn":"ADBE Vector Group","hd":false}],"ip":0,"op":1800.0000733155,"st":0,"bm":0}],"markers":[]}