{"v":"5.5.2","fr":60,"ip":0,"op":180,"w":1000,"h":960,"nm":"barCharts","ddd":0,"assets":[],"fonts":{"list":[{"fName":"BebasNeue","fFamily":"Bebas Neue","fStyle":"Regular","ascent":69.9996948242188}]},"layers":[{"ddd":0,"ind":1,"ty":5,"nm":"NEXT","sr":1,"ks":{"o":{"a":1,"k":[{"i":{"x":[0.667],"y":[1]},"o":{"x":[0.333],"y":[0]},"t":164,"s":[1]},{"t":180,"s":[100]}],"ix":11},"r":{"a":0,"k":0,"ix":10},"p":{"a":1,"k":[{"i":{"x":0.667,"y":1},"o":{"x":0.333,"y":0},"t":164,"s":[457.382,1010,0],"to":[0,-24.333,0],"ti":[0,24.333,0]},{"t":180,"s":[457.382,864,0]}],"ix":2},"a":{"a":0,"k":[0,0,0],"ix":1},"s":{"a":0,"k":[100,100,100],"ix":6}},"ao":0,"t":{"d":{"k":[{"s":{"s":50,"f":"BebasNeue","t":"NEXT","j":0,"tr":30,"lh":60,"ls":0,"fc":[1,1,1]},"t":0}]},"p":{},"m":{"g":1,"a":{"a":0,"k":[0,0],"ix":2}},"a":[]},"ip":0,"op":1800,"st":0,"bm":0},{"ddd":0,"ind":2,"ty":5,"nm":"FLU VIRUS VS MALWARE INFECTIONS IN 2018","sr":1,"ks":{"o":{"a":1,"k":[{"i":{"x":[0.667],"y":[1]},"o":{"x":[0.333],"y":[0]},"t":0,"s":[0]},{"t":3,"s":[100]}],"ix":11},"r":{"a":0,"k":0,"ix":10},"p":{"a":0,"k":[53.842,280,0],"ix":2},"a":{"a":0,"k":[0,0,0],"ix":1},"s":{"a":0,"k":[100,100,100],"ix":6}},"ao":0,"t":{"d":{"k":[{"s":{"s":55,"f":"BebasNeue","t":"FLU VIRUS VS MALWARE INFECTIONS IN 2018","j":0,"tr":30,"lh":66,"ls":0,"fc":[1,1,1]},"t":0}]},"p":{},"m":{"g":1,"a":{"a":0,"k":[0,0],"ix":2}},"a":[]},"ip":0,"op":1800,"st":0,"bm":0},{"ddd":0,"ind":3,"ty":4,"nm":"malware_bar Outlines","sr":1,"ks":{"o":{"a":0,"k":100,"ix":11},"r":{"a":0,"k":0,"ix":10},"p":{"a":0,"k":[54.094,464.377,0],"ix":2},"a":{"a":0,"k":[-1.714,24.25,0],"ix":1},"s":{"a":1,"k":[{"i":{"x":[0.667,0.667,0.667],"y":[1,1,1]},"o":{"x":[0.333,0.333,0.333],"y":[0,0,0]},"t":30,"s":[0,100,100]},{"t":55,"s":[100,100,100]}],"ix":6}},"ao":0,"shapes":[{"ty":"gr","it":[{"ind":0,"ty":"sh","ix":1,"ks":{"a":0,"k":{"i":[[0,0],[0,0],[0,0],[0,0]],"o":[[0,0],[0,0],[0,0],[0,0]],"v":[[-297.5,-24],[297.5,-24],[297.5,24],[-297.5,24]],"c":true},"ix":2},"nm":"Path 1","mn":"ADBE Vector Shape - Group","hd":false},{"ty":"fl","c":{"a":0,"k":[0.898000021542,0.365000017952,0.118000000598,1],"ix":4},"o":{"a":0,"k":100,"ix":5},"r":1,"bm":0,"nm":"Fill 1","mn":"ADBE Vector Graphic - Fill","hd":false},{"ty":"tr","p":{"a":0,"k":[297.75,24.25],"ix":2},"a":{"a":0,"k":[0,0],"ix":1},"s":{"a":0,"k":[100,100],"ix":3},"r":{"a":0,"k":0,"ix":6},"o":{"a":0,"k":100,"ix":7},"sk":{"a":0,"k":0,"ix":4},"sa":{"a":0,"k":0,"ix":5},"nm":"Transform"}],"nm":"Group 1","np":2,"cix":2,"bm":0,"ix":1,"mn":"ADBE Vector Group","hd":false}],"ip":0,"op":1800,"st":0,"bm":0},{"ddd":0,"ind":4,"ty":5,"nm":"317 MILLION","sr":1,"ks":{"o":{"a":1,"k":[{"i":{"x":[0.667],"y":[1]},"o":{"x":[0.333],"y":[0]},"t":60,"s":[0]},{"t":73,"s":[100]}],"ix":11},"r":{"a":0,"k":0,"ix":10},"p":{"a":1,"k":[{"i":{"x":0.667,"y":1},"o":{"x":0.333,"y":0},"t":60,"s":[496.5,476.713,0],"to":[30.833,0,0],"ti":[-30.833,0,0]},{"t":73,"s":[681.5,476.713,0]}],"ix":2},"a":{"a":0,"k":[0,0,0],"ix":1},"s":{"a":0,"k":[100,100,100],"ix":6}},"ao":0,"t":{"d":{"k":[{"s":{"s":35,"f":"BebasNeue","t":"317 MILLION","j":0,"tr":30,"lh":42,"ls":0,"fc":[1,1,1]},"t":0}]},"p":{},"m":{"g":1,"a":{"a":0,"k":[0,0],"ix":2}},"a":[]},"ip":0,"op":1800,"st":0,"bm":0},{"ddd":0,"ind":5,"ty":5,"nm":"MALWARE","sr":1,"ks":{"o":{"a":1,"k":[{"i":{"x":[0.667],"y":[1]},"o":{"x":[0.333],"y":[0]},"t":113,"s":[0]},{"t":118,"s":[100]}],"ix":11},"r":{"a":0,"k":0,"ix":10},"p":{"a":0,"k":[103,667.172,0],"ix":2},"a":{"a":0,"k":[0,0,0],"ix":1},"s":{"a":0,"k":[100,100,100],"ix":6}},"ao":0,"t":{"d":{"k":[{"s":{"s":35,"f":"BebasNeue","t":"MALWARE","j":0,"tr":30,"lh":42,"ls":0,"fc":[1,1,1]},"t":0}]},"p":{},"m":{"g":1,"a":{"a":0,"k":[0,0],"ix":2}},"a":[]},"ip":0,"op":1800,"st":0,"bm":0},{"ddd":0,"ind":6,"ty":4,"nm":"malware_key Outlines","sr":1,"ks":{"o":{"a":1,"k":[{"i":{"x":[0.667],"y":[1]},"o":{"x":[0.333],"y":[0]},"t":113,"s":[0]},{"t":118,"s":[100]}],"ix":11},"r":{"a":0,"k":0,"ix":10},"p":{"a":0,"k":[135.52,655.911,0],"ix":2},"a":{"a":0,"k":[79.712,18.007,0],"ix":1},"s":{"a":0,"k":[100,100,100],"ix":6}},"ao":0,"shapes":[{"ty":"gr","it":[{"ind":0,"ty":"sh","ix":1,"ks":{"a":0,"k":{"i":[[0,0],[0,0],[0,0],[0,0]],"o":[[0,0],[0,0],[0,0],[0,0]],"v":[[-13.18,-13.182],[13.18,-13.182],[13.18,13.182],[-13.18,13.182]],"c":true},"ix":2},"nm":"Path 1","mn":"ADBE Vector Shape - Group","hd":false},{"ty":"fl","c":{"a":0,"k":[0.898000021542,0.365000017952,0.118000000598,1],"ix":4},"o":{"a":0,"k":100,"ix":5},"r":1,"bm":0,"nm":"Fill 1","mn":"ADBE Vector Graphic - Fill","hd":false},{"ty":"tr","p":{"a":0,"k":[13.43,16.932],"ix":2},"a":{"a":0,"k":[0,0],"ix":1},"s":{"a":0,"k":[100,100],"ix":3},"r":{"a":0,"k":0,"ix":6},"o":{"a":0,"k":100,"ix":7},"sk":{"a":0,"k":0,"ix":4},"sa":{"a":0,"k":0,"ix":5},"nm":"Transform"}],"nm":"Group 1","np":2,"cix":2,"bm":0,"ix":1,"mn":"ADBE Vector Group","hd":false}],"ip":0,"op":1800,"st":0,"bm":0},{"ddd":0,"ind":7,"ty":4,"nm":"flu_bar Outlines","sr":1,"ks":{"o":{"a":0,"k":100,"ix":11},"r":{"a":0,"k":0,"ix":10},"p":{"a":0,"k":[55.684,541.627,0],"ix":2},"a":{"a":0,"k":[-0.124,23.25,0],"ix":1},"s":{"a":1,"k":[{"i":{"x":[0.667,0.667,0.667],"y":[1,1,1]},"o":{"x":[0.333,0.333,0.333],"y":[0,0,0]},"t":30,"s":[0,100,100]},{"t":50,"s":[100,100,100]}],"ix":6}},"ao":0,"shapes":[{"ty":"gr","it":[{"ind":0,"ty":"sh","ix":1,"ks":{"a":0,"k":{"i":[[0,0],[0,0],[0,0],[0,0]],"o":[[0,0],[0,0],[0,0],[0,0]],"v":[[-77,-24],[77,-24],[77,24],[-77,24]],"c":true},"ix":2},"nm":"Path 1","mn":"ADBE Vector Shape - Group","hd":false},{"ty":"fl","c":{"a":0,"k":[0.13300000359,0.783999992819,0.870999983245,1],"ix":4},"o":{"a":0,"k":100,"ix":5},"r":1,"bm":0,"nm":"Fill 1","mn":"ADBE Vector Graphic - Fill","hd":false},{"ty":"tr","p":{"a":0,"k":[77.25,24.25],"ix":2},"a":{"a":0,"k":[0,0],"ix":1},"s":{"a":0,"k":[100,100],"ix":3},"r":{"a":0,"k":0,"ix":6},"o":{"a":0,"k":100,"ix":7},"sk":{"a":0,"k":0,"ix":4},"sa":{"a":0,"k":0,"ix":5},"nm":"Transform"}],"nm":"Group 1","np":2,"cix":2,"bm":0,"ix":1,"mn":"ADBE Vector Group","hd":false}],"ip":0,"op":1800,"st":0,"bm":0},{"ddd":0,"ind":8,"ty":5,"nm":"7 MILLION","sr":1,"ks":{"o":{"a":1,"k":[{"i":{"x":[0.667],"y":[1]},"o":{"x":[0.333],"y":[0]},"t":60,"s":[0]},{"t":73,"s":[100]}],"ix":11},"r":{"a":0,"k":0,"ix":10},"p":{"a":1,"k":[{"i":{"x":0.667,"y":1},"o":{"x":0.333,"y":0},"t":60,"s":[88.5,554.963,0],"to":[25.333,0,0],"ti":[-25.333,0,0]},{"t":73,"s":[240.5,554.963,0]}],"ix":2},"a":{"a":0,"k":[0,0,0],"ix":1},"s":{"a":0,"k":[100,100,100],"ix":6}},"ao":0,"t":{"d":{"k":[{"s":{"s":35,"f":"BebasNeue","t":"7 MILLION","j":0,"tr":30,"lh":42,"ls":0,"fc":[1,1,1]},"t":0}]},"p":{},"m":{"g":1,"a":{"a":0,"k":[0,0],"ix":2}},"a":[]},"ip":0,"op":1800,"st":0,"bm":0},{"ddd":0,"ind":9,"ty":4,"nm":"flu_key Outlines","sr":1,"ks":{"o":{"a":1,"k":[{"i":{"x":[0.667],"y":[1]},"o":{"x":[0.333],"y":[0]},"t":113,"s":[0]},{"t":118,"s":[100]}],"ix":11},"r":{"a":0,"k":0,"ix":10},"p":{"a":0,"k":[375.692,655.911,0],"ix":2},"a":{"a":0,"k":[80.884,18.007,0],"ix":1},"s":{"a":0,"k":[100,100,100],"ix":6}},"ao":0,"shapes":[{"ty":"gr","it":[{"ind":0,"ty":"sh","ix":1,"ks":{"a":0,"k":{"i":[[0,0],[0,0],[0,0],[0,0]],"o":[[0,0],[0,0],[0,0],[0,0]],"v":[[-13.18,-13.182],[13.18,-13.182],[13.18,13.182],[-13.18,13.182]],"c":true},"ix":2},"nm":"Path 1","mn":"ADBE Vector Shape - Group","hd":false},{"ty":"fl","c":{"a":0,"k":[0.13300000359,0.783999992819,0.870999983245,1],"ix":4},"o":{"a":0,"k":100,"ix":5},"r":1,"bm":0,"nm":"Fill 1","mn":"ADBE Vector Graphic - Fill","hd":false},{"ty":"tr","p":{"a":0,"k":[13.43,16.932],"ix":2},"a":{"a":0,"k":[0,0],"ix":1},"s":{"a":0,"k":[100,100],"ix":3},"r":{"a":0,"k":0,"ix":6},"o":{"a":0,"k":100,"ix":7},"sk":{"a":0,"k":0,"ix":4},"sa":{"a":0,"k":0,"ix":5},"nm":"Transform"}],"nm":"Group 1","np":2,"cix":2,"bm":0,"ix":1,"mn":"ADBE Vector Group","hd":false}],"ip":0,"op":1800,"st":0,"bm":0},{"ddd":0,"ind":10,"ty":5,"nm":"FLU VIRUS","sr":1,"ks":{"o":{"a":1,"k":[{"i":{"x":[0.667],"y":[1]},"o":{"x":[0.333],"y":[0]},"t":113,"s":[0]},{"t":118,"s":[100]}],"ix":11},"r":{"a":0,"k":0,"ix":10},"p":{"a":0,"k":[342.5,667.154,0],"ix":2},"a":{"a":0,"k":[0,0,0],"ix":1},"s":{"a":0,"k":[100,100,100],"ix":6}},"ao":0,"t":{"d":{"k":[{"s":{"s":35,"f":"BebasNeue","t":"FLU VIRUS","j":0,"tr":30,"lh":42,"ls":0,"fc":[1,1,1]},"t":0}]},"p":{},"m":{"g":1,"a":{"a":0,"k":[0,0],"ix":2}},"a":[]},"ip":0,"op":1800,"st":0,"bm":0}],"markers":[{"tm":120,"cm":"1","dr":0}],"chars":[{"ch":"F","size":35,"style":"Regular","w":34.4,"data":{"shapes":[{"ty":"gr","it":[{"ind":0,"ty":"sh","ix":1,"ks":{"a":0,"k":{"i":[[0,0],[0,0],[0,0],[0,0],[0,0],[0,0],[0,0],[0,0],[0,0],[0,0]],"o":[[0,0],[0,0],[0,0],[0,0],[0,0],[0,0],[0,0],[0,0],[0,0],[0,0]],"v":[[15.106,-60.425],[33.334,-60.425],[33.334,-70.496],[4.028,-70.496],[4.028,0],[15.106,0],[15.106,-29.105],[29.407,-29.105],[29.407,-39.175],[15.106,-39.175]],"c":true},"ix":2},"nm":"F","mn":"ADBE Vector Shape - Group","hd":false}],"nm":"F","np":3,"cix":2,"bm":0,"ix":1,"mn":"ADBE Vector Group","hd":false}]},"fFamily":"Bebas Neue"},{"ch":"L","size":35,"style":"Regular","w":33.9,"data":{"shapes":[{"ty":"gr","it":[{"ind":0,"ty":"sh","ix":1,"ks":{"a":0,"k":{"i":[[0,0],[0,0],[0,0],[0,0],[0,0],[0,0]],"o":[[0,0],[0,0],[0,0],[0,0],[0,0],[0,0]],"v":[[4.028,0],[33.334,0],[33.334,-10.071],[15.106,-10.071],[15.106,-70.496],[4.028,-70.496]],"c":true},"ix":2},"nm":"L","mn":"ADBE Vector Shape - Group","hd":false}],"nm":"L","np":3,"cix":2,"bm":0,"ix":1,"mn":"ADBE Vector Group","hd":false}]},"fFamily":"Bebas Neue"},{"ch":"U","size":35,"style":"Regular","w":39.8,"data":{"shapes":[{"ty":"gr","it":[{"ind":0,"ty":"sh","ix":1,"ks":{"a":0,"k":{"i":[[0,0],[0,0],[-10.876,0],[0,11.279],[0,0],[0,0],[0,0],[3.525,0],[0,5.035],[0,0]],"o":[[0,0],[0,11.279],[10.876,0],[0,0],[0,0],[0,0],[0,5.035],[-3.525,0],[0,0],[0,0]],"v":[[3.525,-70.496],[3.525,-16.818],[20.041,0.906],[36.557,-16.818],[36.557,-70.496],[26.083,-70.496],[26.083,-16.113],[20.343,-9.265],[14.603,-16.113],[14.603,-70.496]],"c":true},"ix":2},"nm":"U","mn":"ADBE Vector Shape - Group","hd":false}],"nm":"U","np":3,"cix":2,"bm":0,"ix":1,"mn":"ADBE Vector Group","hd":false}]},"fFamily":"Bebas Neue"},{"ch":" ","size":35,"style":"Regular","w":15.5,"data":{},"fFamily":"Bebas Neue"},{"ch":"V","size":35,"style":"Regular","w":40.2,"data":{"shapes":[{"ty":"gr","it":[{"ind":0,"ty":"sh","ix":1,"ks":{"a":0,"k":{"i":[[0,0],[0,0],[0,0],[0,0],[0,0],[0,0],[0,0],[0,0]],"o":[[0,0],[0,0],[0,0],[0,0],[0,0],[0,0],[0,0],[0,0]],"v":[[12.286,-70.496],[1.108,-70.496],[11.984,0],[28.5,0],[39.377,-70.496],[29.205,-70.496],[20.847,-12.991],[20.645,-12.991]],"c":true},"ix":2},"nm":"V","mn":"ADBE Vector Shape - Group","hd":false}],"nm":"V","np":3,"cix":2,"bm":0,"ix":1,"mn":"ADBE Vector Group","hd":false}]},"fFamily":"Bebas Neue"},{"ch":"I","size":35,"style":"Regular","w":19,"data":{"shapes":[{"ty":"gr","it":[{"ind":0,"ty":"sh","ix":1,"ks":{"a":0,"k":{"i":[[0,0],[0,0],[0,0],[0,0]],"o":[[0,0],[0,0],[0,0],[0,0]],"v":[[4.028,0],[15.106,0],[15.106,-70.496],[4.028,-70.496]],"c":true},"ix":2},"nm":"I","mn":"ADBE Vector Shape - Group","hd":false}],"nm":"I","np":3,"cix":2,"bm":0,"ix":1,"mn":"ADBE Vector Group","hd":false}]},"fFamily":"Bebas Neue"},{"ch":"R","size":35,"style":"Regular","w":40.2,"data":{"shapes":[{"ty":"gr","it":[{"ind":0,"ty":"sh","ix":1,"ks":{"a":0,"k":{"i":[[0,0],[0,3.424],[0,0],[5.539,2.316],[0,0],[0,7.251],[0,0],[11.481,0],[0,0],[0,0],[0,0],[0,0],[0,0],[0,-6.546],[0,0],[-0.604,-1.813]],"o":[[-1.108,-2.618],[0,0],[0,-7.352],[0,0],[4.935,-2.316],[0,0],[0,-10.876],[0,0],[0,0],[0,0],[0,0],[0,0],[5.035,0],[0,0],[0,5.74],[0,0]],"v":[[38.47,0],[37.262,-8.56],[37.262,-19.437],[29.91,-34.341],[29.91,-34.543],[37.161,-48.743],[37.161,-54.282],[20.746,-70.496],[4.028,-70.496],[4.028,0],[15.106,0],[15.106,-28.702],[18.933,-28.702],[26.184,-19.739],[26.184,-8.661],[27.191,0]],"c":true},"ix":2},"nm":"R","mn":"ADBE Vector Shape - Group","hd":false},{"ind":1,"ty":"sh","ix":2,"ks":{"a":0,"k":{"i":[[0,0],[0,-5.035],[0,0],[4.129,0],[0,0],[0,0]],"o":[[3.928,0],[0,0],[0,5.64],[0,0],[0,0],[0,0]],"v":[[20.444,-60.425],[26.083,-53.174],[26.083,-46.225],[19.437,-38.773],[15.106,-38.773],[15.106,-60.425]],"c":true},"ix":2},"nm":"R","mn":"ADBE Vector Shape - Group","hd":false}],"nm":"R","np":5,"cix":2,"bm":0,"ix":1,"mn":"ADBE Vector Group","hd":false}]},"fFamily":"Bebas Neue"},{"ch":"S","size":35,"style":"Regular","w":37.4,"data":{"shapes":[{"ty":"gr","it":[{"ind":0,"ty":"sh","ix":1,"ks":{"a":0,"k":{"i":[[0,-11.279],[-9.265,-8.157],[0,-5.136],[3.525,0],[0,5.035],[0,0],[0,0],[0,0],[-10.876,0],[0,11.279],[9.265,8.157],[0,5.136],[-3.525,0],[0,-5.035],[0,0],[0,0],[0,0],[10.776,0]],"o":[[0,8.057],[7.251,6.345],[0,5.035],[-3.525,0],[0,0],[0,0],[0,0],[0,11.279],[10.876,0],[0,-8.057],[-7.251,-6.345],[0,-5.035],[3.525,0],[0,0],[0,0],[0,0],[0,-11.279],[-10.776,0]],"v":[[2.618,-53.577],[14.804,-31.522],[24.271,-16.214],[18.53,-9.366],[12.79,-16.214],[12.79,-21.249],[2.316,-21.249],[2.316,-16.919],[18.832,0.806],[35.349,-16.919],[23.163,-38.974],[13.696,-54.282],[19.235,-61.23],[24.774,-54.282],[24.774,-51.361],[35.248,-51.361],[35.248,-53.577],[18.933,-71.301]],"c":true},"ix":2},"nm":"S","mn":"ADBE Vector Shape - Group","hd":false}],"nm":"S","np":3,"cix":2,"bm":0,"ix":1,"mn":"ADBE Vector Group","hd":false}]},"fFamily":"Bebas Neue"},{"ch":"7","size":35,"style":"Regular","w":39.6,"data":{"shapes":[{"ty":"gr","it":[{"ind":0,"ty":"sh","ix":1,"ks":{"a":0,"k":{"i":[[0,0],[0,0],[0,0],[0,0],[0,0],[0,0],[0,0]],"o":[[0,0],[0,0],[0,0],[0,0],[0,0],[0,0],[0,0]],"v":[[3.323,-70.496],[3.323,-60.425],[25.378,-60.425],[9.164,0],[20.242,0],[36.557,-60.828],[36.557,-70.496]],"c":true},"ix":2},"nm":"7","mn":"ADBE Vector Shape - Group","hd":false}],"nm":"7","np":3,"cix":2,"bm":0,"ix":1,"mn":"ADBE Vector Group","hd":false}]},"fFamily":"Bebas Neue"},{"ch":"M","size":35,"style":"Regular","w":54.1,"data":{"shapes":[{"ty":"gr","it":[{"ind":0,"ty":"sh","ix":1,"ks":{"a":0,"k":{"i":[[0,0],[0,0],[0,0],[0,0],[0,0],[0,0],[0,0],[0,0],[0,0],[0,0],[0,0],[0,0],[0,0],[0,0],[0,0],[0,0]],"o":[[0,0],[0,0],[0,0],[0,0],[0,0],[0,0],[0,0],[0,0],[0,0],[0,0],[0,0],[0,0],[0,0],[0,0],[0,0],[0,0]],"v":[[19.336,-70.496],[3.928,-70.496],[3.928,0],[13.596,0],[13.596,-49.85],[13.797,-49.85],[21.854,0],[32.327,0],[39.78,-50.555],[39.981,-50.555],[39.981,0],[50.455,0],[50.455,-70.496],[35.046,-70.496],[27.594,-20.444],[27.393,-20.444]],"c":true},"ix":2},"nm":"M","mn":"ADBE Vector Shape - Group","hd":false}],"nm":"M","np":3,"cix":2,"bm":0,"ix":1,"mn":"ADBE Vector Group","hd":false}]},"fFamily":"Bebas Neue"},{"ch":"O","size":35,"style":"Regular","w":39.6,"data":{"shapes":[{"ty":"gr","it":[{"ind":0,"ty":"sh","ix":1,"ks":{"a":0,"k":{"i":[[0,0],[-3.525,0],[0,-5.035],[0,0],[3.525,0],[0,5.035]],"o":[[0,-5.035],[3.525,0],[0,0],[0,5.035],[-3.525,0],[0,0]],"v":[[14.2,-54.282],[19.94,-61.23],[25.681,-54.282],[25.681,-16.214],[19.94,-9.265],[14.2,-16.214]],"c":true},"ix":2},"nm":"O","mn":"ADBE Vector Shape - Group","hd":false},{"ind":1,"ty":"sh","ix":2,"ks":{"a":0,"k":{"i":[[0,0],[-10.876,0],[0,11.279],[0,0],[10.876,0],[0,-11.279]],"o":[[0,11.279],[10.876,0],[0,0],[0,-11.279],[-10.876,0],[0,0]],"v":[[3.122,-16.919],[19.94,0.806],[36.758,-16.919],[36.758,-53.577],[19.94,-71.301],[3.122,-53.577]],"c":true},"ix":2},"nm":"O","mn":"ADBE Vector Shape - Group","hd":false}],"nm":"O","np":5,"cix":2,"bm":0,"ix":1,"mn":"ADBE Vector Group","hd":false}]},"fFamily":"Bebas Neue"},{"ch":"N","size":35,"style":"Regular","w":42.7,"data":{"shapes":[{"ty":"gr","it":[{"ind":0,"ty":"sh","ix":1,"ks":{"a":0,"k":{"i":[[0,0],[0,0],[0,0],[0,0],[0,0],[0,0],[0,0],[0,0],[0,0],[0,0],[0,0],[0,0]],"o":[[0,0],[0,0],[0,0],[0,0],[0,0],[0,0],[0,0],[0,0],[0,0],[0,0],[0,0],[0,0]],"v":[[27.695,0],[39.075,0],[39.075,-70.496],[29.205,-70.496],[29.205,-28.299],[29.004,-28.299],[17.825,-70.496],[3.928,-70.496],[3.928,0],[13.898,0],[13.898,-51.059],[14.099,-51.059]],"c":true},"ix":2},"nm":"N","mn":"ADBE Vector Shape - Group","hd":false}],"nm":"N","np":3,"cix":2,"bm":0,"ix":1,"mn":"ADBE Vector Group","hd":false}]},"fFamily":"Bebas Neue"},{"ch":"A","size":35,"style":"Regular","w":40.7,"data":{"shapes":[{"ty":"gr","it":[{"ind":0,"ty":"sh","ix":1,"ks":{"a":0,"k":{"i":[[0,0],[0,0],[0,0],[0,0],[0,0],[0,0],[0,0],[0,0]],"o":[[0,0],[0,0],[0,0],[0,0],[0,0],[0,0],[0,0],[0,0]],"v":[[28.601,-70.496],[12.387,-70.496],[1.108,0],[11.279,0],[13.193,-12.79],[26.788,-12.79],[28.702,0],[39.88,0]],"c":true},"ix":2},"nm":"A","mn":"ADBE Vector Shape - Group","hd":false},{"ind":1,"ty":"sh","ix":2,"ks":{"a":0,"k":{"i":[[0,0],[0,0],[0,0],[0,0]],"o":[[0,0],[0,0],[0,0],[0,0]],"v":[[19.839,-58.008],[20.041,-58.008],[25.278,-22.357],[14.603,-22.357]],"c":true},"ix":2},"nm":"A","mn":"ADBE Vector Shape - Group","hd":false}],"nm":"A","np":5,"cix":2,"bm":0,"ix":1,"mn":"ADBE Vector Group","hd":false}]},"fFamily":"Bebas Neue"},{"ch":"W","size":35,"style":"Regular","w":56.3,"data":{"shapes":[{"ty":"gr","it":[{"ind":0,"ty":"sh","ix":1,"ks":{"a":0,"k":{"i":[[0,0],[0,0],[0,0],[0,0],[0,0],[0,0],[0,0],[0,0],[0,0],[0,0],[0,0],[0,0],[0,0],[0,0],[0,0],[0,0]],"o":[[0,0],[0,0],[0,0],[0,0],[0,0],[0,0],[0,0],[0,0],[0,0],[0,0],[0,0],[0,0],[0,0],[0,0],[0,0],[0,0]],"v":[[32.629,0],[47.333,0],[55.188,-70.496],[45.52,-70.496],[39.88,-14.502],[39.679,-14.502],[34.241,-70.496],[23.566,-70.496],[18.329,-14.905],[18.127,-14.905],[12.286,-70.496],[1.511,-70.496],[9.366,0],[24.573,0],[28.5,-37.564],[28.702,-37.564]],"c":true},"ix":2},"nm":"W","mn":"ADBE Vector Shape - Group","hd":false}],"nm":"W","np":3,"cix":2,"bm":0,"ix":1,"mn":"ADBE Vector Group","hd":false}]},"fFamily":"Bebas Neue"},{"ch":"E","size":35,"style":"Regular","w":36.8,"data":{"shapes":[{"ty":"gr","it":[{"ind":0,"ty":"sh","ix":1,"ks":{"a":0,"k":{"i":[[0,0],[0,0],[0,0],[0,0],[0,0],[0,0],[0,0],[0,0],[0,0],[0,0],[0,0],[0,0]],"o":[[0,0],[0,0],[0,0],[0,0],[0,0],[0,0],[0,0],[0,0],[0,0],[0,0],[0,0],[0,0]],"v":[[15.106,-60.425],[34.241,-60.425],[34.241,-70.496],[4.028,-70.496],[4.028,0],[34.241,0],[34.241,-10.071],[15.106,-10.071],[15.106,-30.716],[30.313,-30.716],[30.313,-40.787],[15.106,-40.787]],"c":true},"ix":2},"nm":"E","mn":"ADBE Vector Shape - Group","hd":false}],"nm":"E","np":3,"cix":2,"bm":0,"ix":1,"mn":"ADBE Vector Group","hd":false}]},"fFamily":"Bebas Neue"},{"ch":"3","size":35,"style":"Regular","w":39.6,"data":{"shapes":[{"ty":"gr","it":[{"ind":0,"ty":"sh","ix":1,"ks":{"a":0,"k":{"i":[[0,0],[4.129,0],[0,0],[0,0],[0,0],[0,-6.546],[0,0],[3.525,0],[0,5.035],[0,0],[0,0],[0,0],[-10.876,0],[0,11.279],[0,0],[5.539,2.417],[0,0],[0,7.553],[0,0],[10.876,0],[0,-11.279],[0,0],[0,0],[0,0],[-3.525,0],[0,-6.345]],"o":[[0,5.64],[0,0],[0,0],[0,0],[5.035,0],[0,0],[0,6.244],[-3.525,0],[0,0],[0,0],[0,0],[0,11.279],[10.876,0],[0,0],[0,-7.15],[0,0],[5.338,-2.216],[0,0],[0,-11.279],[-10.876,0],[0,0],[0,0],[0,0],[0,-5.035],[3.525,0],[0,0]],"v":[[25.378,-49.246],[18.732,-41.794],[14.401,-41.794],[14.401,-31.723],[18.127,-31.723],[25.378,-22.76],[25.378,-17.221],[19.638,-9.265],[13.898,-16.214],[13.898,-22.76],[3.424,-22.76],[3.424,-16.919],[19.94,0.806],[36.456,-16.919],[36.456,-22.458],[28.702,-37.161],[28.702,-37.363],[36.456,-51.764],[36.456,-53.577],[19.94,-71.301],[3.424,-53.577],[3.424,-49.75],[13.898,-49.75],[13.898,-54.282],[19.638,-61.23],[25.378,-53.174]],"c":true},"ix":2},"nm":"3","mn":"ADBE Vector Shape - Group","hd":false}],"nm":"3","np":3,"cix":2,"bm":0,"ix":1,"mn":"ADBE Vector Group","hd":false}]},"fFamily":"Bebas Neue"},{"ch":"1","size":35,"style":"Regular","w":39.6,"data":{"shapes":[{"ty":"gr","it":[{"ind":0,"ty":"sh","ix":1,"ks":{"a":0,"k":{"i":[[0,0],[0,0],[0,0],[0,0],[0,0],[0,0],[8.56,0]],"o":[[0,0],[0,0],[0,0],[0,0],[0,0],[-1.712,4.733],[0,0]],"v":[[10.876,-53.778],[19.437,-53.778],[19.437,0],[30.515,0],[30.515,-70.496],[23.062,-70.496],[10.876,-61.633]],"c":true},"ix":2},"nm":"1","mn":"ADBE Vector Shape - Group","hd":false}],"nm":"1","np":3,"cix":2,"bm":0,"ix":1,"mn":"ADBE Vector Group","hd":false}]},"fFamily":"Bebas Neue"},{"ch":"C","size":55,"style":"Regular","w":38.6,"data":{"shapes":[{"ty":"gr","it":[{"ind":0,"ty":"sh","ix":1,"ks":{"a":0,"k":{"i":[[0,0],[0,0],[3.525,0],[0,5.035],[0,0],[-3.525,0],[0,-5.035],[0,0],[0,0],[0,0],[10.876,0],[0,-11.279],[0,0],[-10.876,0],[0,11.279],[0,0]],"o":[[0,0],[0,5.035],[-3.525,0],[0,0],[0,-5.035],[3.525,0],[0,0],[0,0],[0,0],[0,-11.279],[-10.876,0],[0,0],[0,11.279],[10.876,0],[0,0],[0,0]],"v":[[25.681,-26.285],[25.681,-16.214],[19.94,-9.366],[14.2,-16.214],[14.2,-54.282],[19.94,-61.23],[25.681,-54.282],[25.681,-46.729],[36.154,-46.729],[36.154,-53.577],[19.638,-71.301],[3.122,-53.577],[3.122,-16.919],[19.638,0.806],[36.154,-16.919],[36.154,-26.285]],"c":true},"ix":2},"nm":"C","mn":"ADBE Vector Shape - Group","hd":false}],"nm":"C","np":3,"cix":2,"bm":0,"ix":1,"mn":"ADBE Vector Group","hd":false}]},"fFamily":"Bebas Neue"},{"ch":"T","size":55,"style":"Regular","w":35.6,"data":{"shapes":[{"ty":"gr","it":[{"ind":0,"ty":"sh","ix":1,"ks":{"a":0,"k":{"i":[[0,0],[0,0],[0,0],[0,0],[0,0],[0,0],[0,0],[0,0]],"o":[[0,0],[0,0],[0,0],[0,0],[0,0],[0,0],[0,0],[0,0]],"v":[[0.806,-60.425],[12.387,-60.425],[12.387,0],[23.465,0],[23.465,-60.425],[35.046,-60.425],[35.046,-70.496],[0.806,-70.496]],"c":true},"ix":2},"nm":"T","mn":"ADBE Vector Shape - Group","hd":false}],"nm":"T","np":3,"cix":2,"bm":0,"ix":1,"mn":"ADBE Vector Group","hd":false}]},"fFamily":"Bebas Neue"},{"ch":"2","size":55,"style":"Regular","w":39.6,"data":{"shapes":[{"ty":"gr","it":[{"ind":0,"ty":"sh","ix":1,"ks":{"a":0,"k":{"i":[[0,-6.345],[8.459,-8.963],[0,-7.855],[0,0],[0,0],[0,0],[0,0],[0,0.504],[-6.546,7.05],[0,9.366],[10.876,0],[0,-11.279],[0,0],[0,0],[0,0],[-3.525,0]],"o":[[0,7.553],[-8.258,8.661],[0,0],[0,0],[0,0],[0,0],[-0.101,-0.504],[0,-3.726],[10.272,-10.977],[0,-11.279],[-10.876,0],[0,0],[0,0],[0,0],[0,-5.035],[3.525,0]],"v":[[25.983,-53.174],[15.106,-31.119],[4.028,-8.661],[4.028,0],[36.053,0],[36.053,-10.071],[15.106,-10.071],[15.005,-11.581],[23.364,-25.681],[37.061,-53.577],[20.544,-71.301],[4.028,-53.577],[4.028,-46.729],[14.502,-46.729],[14.502,-54.282],[20.242,-61.23]],"c":true},"ix":2},"nm":"2","mn":"ADBE Vector Shape - Group","hd":false}],"nm":"2","np":3,"cix":2,"bm":0,"ix":1,"mn":"ADBE Vector Group","hd":false}]},"fFamily":"Bebas Neue"},{"ch":"0","size":55,"style":"Regular","w":39.6,"data":{"shapes":[{"ty":"gr","it":[{"ind":0,"ty":"sh","ix":1,"ks":{"a":0,"k":{"i":[[0,0],[-3.525,0],[0,-5.035],[0,0],[3.525,0],[0,5.035]],"o":[[0,-5.035],[3.525,0],[0,0],[0,5.035],[-3.525,0],[0,0]],"v":[[14.2,-54.282],[19.94,-61.23],[25.681,-54.282],[25.681,-16.214],[19.94,-9.265],[14.2,-16.214]],"c":true},"ix":2},"nm":"0","mn":"ADBE Vector Shape - Group","hd":false},{"ind":1,"ty":"sh","ix":2,"ks":{"a":0,"k":{"i":[[0,0],[-10.876,0],[0,11.279],[0,0],[10.876,0],[0,-11.279]],"o":[[0,11.279],[10.876,0],[0,0],[0,-11.279],[-10.876,0],[0,0]],"v":[[3.122,-16.919],[19.94,0.806],[36.758,-16.919],[36.758,-53.577],[19.94,-71.301],[3.122,-53.577]],"c":true},"ix":2},"nm":"0","mn":"ADBE Vector Shape - Group","hd":false}],"nm":"0","np":5,"cix":2,"bm":0,"ix":1,"mn":"ADBE Vector Group","hd":false}]},"fFamily":"Bebas Neue"},{"ch":"8","size":55,"style":"Regular","w":39.6,"data":{"shapes":[{"ty":"gr","it":[{"ind":0,"ty":"sh","ix":1,"ks":{"a":0,"k":{"i":[[0,11.279],[0,0],[4.834,2.719],[0,0],[0,6.949],[0,0],[11.179,0],[0,-11.279],[0,0],[-4.633,-2.518],[0,0],[0,-6.747],[0,0],[-11.179,0]],"o":[[0,0],[0,-6.747],[0,0],[4.532,-2.518],[0,0],[0,-11.279],[-11.179,0],[0,0],[0,6.949],[0,0],[-4.834,2.719],[0,0],[0,11.279],[11.179,0]],"v":[[37.262,-16.919],[37.262,-22.458],[30.414,-37.061],[30.414,-37.262],[37.262,-51.361],[37.262,-53.577],[19.94,-71.301],[2.618,-53.577],[2.618,-51.361],[9.467,-37.262],[9.467,-37.061],[2.618,-22.458],[2.618,-16.919],[19.94,0.806]],"c":true},"ix":2},"nm":"8","mn":"ADBE Vector Shape - Group","hd":false},{"ind":1,"ty":"sh","ix":2,"ks":{"a":0,"k":{"i":[[0,6.244],[0,0],[-3.928,0],[0,-5.539],[0,0],[3.525,0]],"o":[[0,0],[0,-5.539],[3.928,0],[0,0],[-0.101,6.244],[-3.525,0]],"v":[[13.696,-17.221],[13.696,-23.767],[19.94,-31.723],[26.184,-23.767],[26.184,-17.221],[19.94,-9.265]],"c":true},"ix":2},"nm":"8","mn":"ADBE Vector Shape - Group","hd":false},{"ind":2,"ty":"sh","ix":3,"ks":{"a":0,"k":{"i":[[0,0],[-3.525,0],[0,-6.345],[0,0],[3.525,0],[0,5.64]],"o":[[0,-6.345],[3.525,0],[0,0],[0,5.64],[-3.625,0],[0,0]],"v":[[13.696,-53.174],[19.94,-61.23],[26.184,-53.174],[26.184,-49.246],[19.94,-41.794],[13.696,-49.246]],"c":true},"ix":2},"nm":"8","mn":"ADBE Vector Shape - Group","hd":false}],"nm":"8","np":6,"cix":2,"bm":0,"ix":1,"mn":"ADBE Vector Group","hd":false}]},"fFamily":"Bebas Neue"},{"ch":"X","size":50,"style":"Regular","w":43,"data":{"shapes":[{"ty":"gr","it":[{"ind":0,"ty":"sh","ix":1,"ks":{"a":0,"k":{"i":[[0,0],[0,0],[0,0],[0,0],[0,0],[0,0],[0,0],[0,0],[0,0],[0,0],[0,0],[0,0],[0,0],[0,0]],"o":[[0,0],[0,0],[0,0],[0,0],[0,0],[0,0],[0,0],[0,0],[0,0],[0,0],[0,0],[0,0],[0,0],[0,0]],"v":[[30.716,-70.496],[22.256,-44.513],[22.055,-44.513],[13.797,-70.496],[2.316,-70.496],[13.898,-36.255],[1.511,0],[11.884,0],[20.947,-27.896],[21.149,-27.896],[30.112,0],[41.794,0],[29.407,-36.255],[40.988,-70.496]],"c":true},"ix":2},"nm":"X","mn":"ADBE Vector Shape - Group","hd":false}],"nm":"X","np":3,"cix":2,"bm":0,"ix":1,"mn":"ADBE Vector Group","hd":false}]},"fFamily":"Bebas Neue"}]}