{"v":"5.5.2","fr":59.9400024414063,"ip":0,"op":120.0000048877,"w":1200,"h":600,"nm":"heartbeat","ddd":0,"assets":[],"layers":[{"ddd":0,"ind":1,"ty":4,"nm":"heart","sr":1,"ks":{"o":{"a":0,"k":100,"ix":11},"r":{"a":0,"k":0,"ix":10},"p":{"a":0,"k":[600,300,0],"ix":2},"a":{"a":0,"k":[36.648,33.741,0],"ix":1},"s":{"a":0,"k":[500,500,100],"ix":6}},"ao":0,"shapes":[{"ty":"gr","it":[{"ind":0,"ty":"sh","ix":1,"ks":{"a":0,"k":{"i":[[-2.785,-6.601],[-7.271,0.063],[-0.903,-10.163],[0.646,-2.295],[4.704,-4.209],[0,0],[0,0],[1.494,6.131],[-0.258,2.371],[-9.968,0]],"o":[[2.752,-6.73],[9.968,0],[0.259,2.37],[-1.496,6.132],[0,0],[0,0],[-4.703,-4.209],[-0.648,-2.295],[0.903,-10.163],[7.401,0]],"v":[[-0.206,-20.527],[16.34,-31.74],[34.389,-13.05],[33.804,-5.986],[24.285,9.889],[-0.206,31.74],[-24.285,9.889],[-33.8,-5.986],[-34.39,-13.05],[-16.34,-31.74]],"c":true},"ix":2},"nm":"Path 1","mn":"ADBE Vector Shape - Group","hd":false},{"ty":"st","c":{"a":0,"k":[1,1,1,1],"ix":3},"o":{"a":0,"k":100,"ix":4},"w":{"a":0,"k":2,"ix":5},"lc":1,"lj":1,"ml":4,"bm":0,"nm":"Stroke 1","mn":"ADBE Vector Graphic - Stroke","hd":false},{"ty":"fl","c":{"a":0,"k":[0.109999997008,0.109999997008,0.109999997008,1],"ix":4},"o":{"a":0,"k":100,"ix":5},"r":1,"bm":0,"nm":"Fill 1","mn":"ADBE Vector Graphic - Fill","hd":false},{"ty":"tr","p":{"a":0,"k":[36.648,33.741],"ix":2},"a":{"a":0,"k":[0,0],"ix":1},"s":{"a":1,"k":[{"i":{"x":[0.833,0.833],"y":[1,1]},"o":{"x":[0.167,0.167],"y":[0,0]},"t":0,"s":[100,100]},{"i":{"x":[0.667,0.667],"y":[1,1]},"o":{"x":[0.333,0.333],"y":[0,0]},"t":8,"s":[100,100]},{"i":{"x":[0.667,0.667],"y":[1,1]},"o":{"x":[0.333,0.333],"y":[0,0]},"t":17,"s":[102,102]},{"i":{"x":[0.833,0.833],"y":[1,1]},"o":{"x":[0.167,0.167],"y":[0,0]},"t":26,"s":[100,100]},{"i":{"x":[0.833,0.833],"y":[1,1]},"o":{"x":[0.167,0.167],"y":[0,0]},"t":35,"s":[102,102]},{"t":43.0000017514259,"s":[100,100]}],"ix":3},"r":{"a":0,"k":0,"ix":6},"o":{"a":0,"k":100,"ix":7},"sk":{"a":0,"k":0,"ix":4},"sa":{"a":0,"k":0,"ix":5},"nm":"Transform"}],"nm":"icon","np":3,"cix":2,"bm":0,"ix":1,"mn":"ADBE Vector Group","hd":false}],"ip":0,"op":1800.0000733155,"st":0,"bm":0}],"markers":[]}