{"v":"5.5.2","fr":60,"ip":0,"op":38,"w":250,"h":60,"nm":"keep_sub_button","ddd":0,"assets":[],"fonts":{"list":[{"fName":"OpenSans-Bold","fFamily":"Open Sans","fStyle":"Bold","ascent":75.9994506835938}]},"layers":[{"ddd":0,"ind":1,"ty":5,"nm":"title","sr":1,"ks":{"o":{"a":0,"k":100,"ix":11},"r":{"a":0,"k":0,"ix":10},"p":{"a":0,"k":[18.324,36.715,0],"ix":2},"a":{"a":0,"k":[0,0,0],"ix":1},"s":{"a":0,"k":[100,100,100],"ix":6}},"ao":0,"t":{"d":{"k":[{"s":{"s":22,"f":"OpenSans-Bold","t":"Keep_SubScription","j":0,"tr":30,"lh":26.4,"ls":0,"fc":[1,1,1]},"t":0}]},"p":{},"m":{"g":1,"a":{"a":0,"k":[0,0],"ix":2}},"a":[{"nm":"Animator 1","s":{"t":0,"xe":{"a":0,"k":0,"ix":7},"ne":{"a":0,"k":0,"ix":8},"a":{"a":0,"k":100,"ix":4},"b":1,"rn":0,"sh":1,"r":1},"a":{"fc":{"a":1,"k":[{"i":{"x":[0.833],"y":[1]},"o":{"x":[0.333],"y":[0]},"t":0,"s":[1,1,1,1]},{"i":{"x":[0.648],"y":[1]},"o":{"x":[0.306],"y":[0]},"t":6,"s":[0.898039221764,0.364705890417,0.117647059262,1]},{"t":12,"s":[1,1,1,1]}],"ix":12}}}]},"ip":0,"op":1800,"st":0,"bm":0},{"ddd":0,"ind":2,"ty":4,"nm":"button","sr":1,"ks":{"o":{"a":0,"k":100,"ix":11},"r":{"a":0,"k":0,"ix":10},"p":{"a":0,"k":[107,28.5,0],"ix":2},"a":{"a":0,"k":[0,0,0],"ix":1},"s":{"a":1,"k":[{"i":{"x":[0.833,0.833,0.833],"y":[1,1,1]},"o":{"x":[0.167,0.167,0.167],"y":[0,0,0]},"t":0,"s":[100,100,100]},{"i":{"x":[0.573,0.573,0.573],"y":[1,1,1]},"o":{"x":[0.172,0.172,0.172],"y":[0,0,0]},"t":6,"s":[100,100,100]},{"i":{"x":[0.837,0.837,0.837],"y":[1,1,1]},"o":{"x":[0.403,0.403,0.403],"y":[0,0,0]},"t":12,"s":[100,100,100]},{"i":{"x":[0.833,0.833,0.833],"y":[1,1,1]},"o":{"x":[0.167,0.167,0.167],"y":[0,0,0]},"t":20,"s":[100,100,100]},{"i":{"x":[0.667,0.667,0.667],"y":[1,1,1]},"o":{"x":[0.167,0.167,0.167],"y":[0,0,0]},"t":24,"s":[99,96,100]},{"i":{"x":[0.667,0.667,0.667],"y":[1,1,1]},"o":{"x":[0.333,0.333,0.333],"y":[0,0,0]},"t":30,"s":[101,102,100]},{"t":36,"s":[100,100,100]}],"ix":6}},"ao":0,"shapes":[{"ty":"gr","it":[{"ty":"rc","d":1,"s":{"a":0,"k":[240,50],"ix":2},"p":{"a":0,"k":[0,0],"ix":3},"r":{"a":0,"k":0,"ix":4},"nm":"Rectangle Path 1","mn":"ADBE Vector Shape - Rect","hd":false},{"ty":"st","c":{"a":0,"k":[1,1,1,1],"ix":3},"o":{"a":0,"k":100,"ix":4},"w":{"a":0,"k":0,"ix":5},"lc":1,"lj":1,"ml":4,"bm":0,"nm":"Stroke 1","mn":"ADBE Vector Graphic - Stroke","hd":false},{"ty":"fl","c":{"a":1,"k":[{"i":{"x":[0.833],"y":[1]},"o":{"x":[0.333],"y":[0]},"t":0,"s":[0.898039221764,0.364705890417,0.117647059262,1]},{"i":{"x":[0.648],"y":[1]},"o":{"x":[0.306],"y":[0]},"t":6,"s":[1,1,1,1]},{"t":12,"s":[0.898039221764,0.364705890417,0.117647059262,1]}],"ix":4},"o":{"a":0,"k":100,"ix":5},"r":1,"bm":0,"nm":"Fill 1","mn":"ADBE Vector Graphic - Fill","hd":false},{"ty":"tr","p":{"a":0,"k":[18,1.5],"ix":2},"a":{"a":0,"k":[0,0],"ix":1},"s":{"a":0,"k":[100,100],"ix":3},"r":{"a":0,"k":0,"ix":6},"o":{"a":0,"k":100,"ix":7},"sk":{"a":0,"k":0,"ix":4},"sa":{"a":0,"k":0,"ix":5},"nm":"Transform"}],"nm":"Rectangle 1","np":3,"cix":2,"bm":0,"ix":1,"mn":"ADBE Vector Group","hd":false}],"ip":0,"op":1800,"st":0,"bm":0}],"markers":[],"chars":[{"ch":"K","size":22,"style":"Bold","w":66.41,"data":{"shapes":[{"ty":"gr","it":[{"ind":0,"ty":"sh","ix":1,"ks":{"a":0,"k":{"i":[[0,0],[0,0],[0,0],[0,0],[0,0],[0,0],[0,0],[0,0],[0,0],[0,0],[0,0],[0,0],[0,0]],"o":[[0,0],[0,0],[0,0],[0,0],[0,0],[0,0],[0,0],[0,0],[0,0],[0,0],[0,0],[0,0],[0,0]],"v":[[41.309,-39.795],[66.211,-71.387],[49.414,-71.387],[30.078,-47.119],[24.121,-38.721],[24.121,-71.387],[8.984,-71.387],[8.984,0],[24.121,0],[24.121,-25.488],[30.518,-30.078],[49.219,0],[66.406,0]],"c":true},"ix":2},"nm":"K","mn":"ADBE Vector Shape - Group","hd":false}],"nm":"K","np":3,"cix":2,"bm":0,"ix":1,"mn":"ADBE Vector Group","hd":false}]},"fFamily":"Open Sans"},{"ch":"e","size":22,"style":"Bold","w":59.08,"data":{"shapes":[{"ty":"gr","it":[{"ind":0,"ty":"sh","ix":1,"ks":{"a":0,"k":{"i":[[-1.855,-2.002],[-0.066,-3.678],[0,0],[-1.791,2.002],[-3.158,0]],"o":[[1.855,2.002],[0,0],[0.26,-3.678],[1.79,-2.002],[3.157,0]],"v":[[37.939,-42.017],[40.82,-33.496],[19.922,-33.496],[22.998,-42.017],[30.42,-45.02]],"c":true},"ix":2},"nm":"e","mn":"ADBE Vector Shape - Group","hd":false},{"ind":1,"ty":"sh","ix":2,"ks":{"a":0,"k":{"i":[[-2.962,0.635],[-2.605,1.302],[0,0],[2.93,-0.684],[3.288,0],[2.344,2.377],[0.163,4.232],[0,0],[0,0],[4.297,4.395],[7.715,0],[4.573,-4.996],[0,-9.147],[-4.948,-4.85],[-8.789,0]],"o":[[2.962,-0.635],[0,0],[-3.191,1.498],[-2.93,0.684],[-4.232,0],[-2.344,-2.376],[0,0],[0,0],[0,-7.747],[-4.297,-4.395],[-8.073,0],[-4.574,4.997],[0,8.887],[4.948,4.851],[4.264,0]],"v":[[43.359,0.024],[51.709,-2.881],[51.709,-14.404],[42.529,-11.133],[33.203,-10.107],[23.34,-13.672],[19.58,-23.584],[54.785,-23.584],[54.785,-30.811],[48.34,-49.023],[30.322,-55.615],[11.353,-48.12],[4.492,-26.904],[11.914,-6.299],[32.52,0.977]],"c":true},"ix":2},"nm":"e","mn":"ADBE Vector Shape - Group","hd":false}],"nm":"e","np":5,"cix":2,"bm":0,"ix":1,"mn":"ADBE Vector Group","hd":false}]},"fFamily":"Open Sans"},{"ch":"p","size":22,"style":"Bold","w":63.28,"data":{"shapes":[{"ty":"gr","it":[{"ind":0,"ty":"sh","ix":1,"ks":{"a":0,"k":{"i":[[-3.158,2.246],[-1.709,4.297],[0,5.827],[3.645,4.98],[6.445,0],[3.483,-5.403],[0,0],[0,0],[0,0],[0,0],[0,0],[0,0],[0.52,4.558],[0,0],[-6.413,0]],"o":[[3.157,-2.246],[1.709,-4.297],[0,-8.854],[-3.646,-4.98],[-6.836,0],[0,0],[0,0],[0,0],[0,0],[0,0],[0,0],[0,-0.716],[0,0],[3.645,4.655],[4.264,0]],"v":[[48.926,-2.393],[56.226,-12.207],[58.789,-27.393],[53.32,-48.145],[38.184,-55.615],[22.705,-47.51],[22.021,-47.51],[19.922,-54.59],[7.813,-54.59],[7.813,24.023],[22.705,24.023],[22.705,1.904],[21.924,-6.006],[22.705,-6.006],[37.793,0.977]],"c":true},"ix":2},"nm":"p","mn":"ADBE Vector Shape - Group","hd":false},{"ind":1,"ty":"sh","ix":2,"ks":{"a":0,"k":{"i":[[-1.644,-2.686],[0,-5.371],[6.673,0],[1.741,2.539],[0,5.859],[0,0],[-1.693,2.263],[-3.679,0]],"o":[[1.643,2.686],[0,11.003],[-3.777,0],[-1.742,-2.539],[0,0],[0.065,-5.208],[1.692,-2.262],[3.516,0]],"v":[[41.138,-39.673],[43.604,-27.588],[33.594,-11.084],[25.317,-14.893],[22.705,-27.49],[22.705,-29.102],[25.342,-40.308],[33.398,-43.701]],"c":true},"ix":2},"nm":"p","mn":"ADBE Vector Shape - Group","hd":false}],"nm":"p","np":5,"cix":2,"bm":0,"ix":1,"mn":"ADBE Vector Group","hd":false}]},"fFamily":"Open Sans"},{"ch":"_","size":22,"style":"Bold","w":41.11,"data":{"shapes":[{"ty":"gr","it":[{"ind":0,"ty":"sh","ix":1,"ks":{"a":0,"k":{"i":[[0,0],[0,0],[0,0],[0,0]],"o":[[0,0],[0,0],[0,0],[0,0]],"v":[[41.309,8.984],[-0.195,8.984],[-0.195,15.82],[41.309,15.82]],"c":true},"ix":2},"nm":"_","mn":"ADBE Vector Shape - Group","hd":false}],"nm":"_","np":3,"cix":2,"bm":0,"ix":1,"mn":"ADBE Vector Group","hd":false}]},"fFamily":"Open Sans"},{"ch":"S","size":22,"style":"Bold","w":55.08,"data":{"shapes":[{"ty":"gr","it":[{"ind":0,"ty":"sh","ix":1,"ks":{"a":0,"k":{"i":[[2.473,3.207],[6.673,3.191],[1.35,0.928],[0.618,0.993],[0,1.335],[-1.53,1.335],[-2.865,0],[-2.49,-0.618],[-3.809,-1.563],[0,0],[3.369,0.879],[3.711,0],[4.28,-3.613],[0,-6.315],[-1.302,-2.506],[-2.181,-1.888],[-4.362,-2.051],[-1.514,-1.009],[-0.781,-1.09],[0,-1.399],[1.774,-1.27],[3.32,0],[3.336,0.879],[4.817,2.148],[0,0],[-7.617,0],[-4.639,3.711],[0,6.445]],"o":[[-2.474,-3.206],[-5.046,-2.409],[-1.351,-0.928],[-0.619,-0.993],[0,-2.148],[1.53,-1.334],[2.409,0],[2.49,0.619],[0,0],[-3.679,-1.595],[-3.369,-0.879],[-7.552,0],[-4.281,3.613],[0,3.353],[1.302,2.507],[2.18,1.888],[4.655,2.214],[1.514,1.009],[0.781,1.091],[0,2.507],[-1.775,1.27],[-2.767,0],[-3.337,-0.879],[0,0],[5.859,2.865],[8.268,0],[4.639,-3.711],[0,-4.655]],"v":[[47.412,-31.616],[33.691,-41.211],[24.097,-46.216],[21.143,-49.097],[20.215,-52.588],[22.51,-57.813],[29.102,-59.814],[36.45,-58.887],[45.898,-55.615],[50.781,-67.383],[40.21,-71.094],[29.59,-72.412],[11.841,-66.992],[5.42,-52.1],[7.373,-43.311],[12.598,-36.719],[22.412,-30.811],[31.665,-25.977],[35.107,-22.827],[36.279,-19.092],[33.618,-13.428],[25.977,-11.523],[16.821,-12.842],[4.59,-17.383],[4.59,-3.32],[24.805,0.977],[44.165,-4.59],[51.123,-19.824]],"c":true},"ix":2},"nm":"S","mn":"ADBE Vector Shape - Group","hd":false}],"nm":"S","np":3,"cix":2,"bm":0,"ix":1,"mn":"ADBE Vector Group","hd":false}]},"fFamily":"Open Sans"},{"ch":"u","size":22,"style":"Bold","w":65.72,"data":{"shapes":[{"ty":"gr","it":[{"ind":0,"ty":"sh","ix":1,"ks":{"a":0,"k":{"i":[[0,0],[0,0],[0,0],[0,0],[1.855,-2.783],[4.166,0],[1.399,1.97],[0,3.939],[0,0],[0,0],[0,0],[-3.255,-3.434],[-6.413,0],[-2.93,1.383],[-1.595,2.539],[0,0],[0,0]],"o":[[0,0],[0,0],[0,0],[0,6.445],[-1.855,2.783],[-3.06,0],[-1.4,-1.969],[0,0],[0,0],[0,0],[0,6.445],[3.255,3.435],[3.743,0],[2.93,-1.383],[0,0],[0,0],[0,0]],"v":[[57.91,0],[57.91,-54.59],[43.018,-54.59],[43.018,-28.906],[40.234,-15.063],[31.201,-10.889],[24.512,-13.843],[22.412,-22.705],[22.412,-54.59],[7.52,-54.59],[7.52,-18.994],[12.402,-4.175],[26.904,0.977],[36.914,-1.099],[43.701,-6.982],[44.482,-6.982],[46.484,0]],"c":true},"ix":2},"nm":"u","mn":"ADBE Vector Shape - Group","hd":false}],"nm":"u","np":3,"cix":2,"bm":0,"ix":1,"mn":"ADBE Vector Group","hd":false}]},"fFamily":"Open Sans"},{"ch":"b","size":22,"style":"Bold","w":63.28,"data":{"shapes":[{"ty":"gr","it":[{"ind":0,"ty":"sh","ix":1,"ks":{"a":0,"k":{"i":[[3.483,-5.403],[0,0],[0,2.246],[0,0],[0,0],[0,0],[0,0],[0,0],[0,0],[-6.413,0],[-3.76,4.948],[0,9.017],[3.645,5.029],[6.445,0]],"o":[[0,0],[0.391,-4.948],[0,0],[0,0],[0,0],[0,0],[0,0],[0,0],[3.645,4.655],[6.477,0],[3.76,-4.948],[0,-8.756],[-3.646,-5.029],[-6.836,0]],"v":[[22.705,-47.51],[22.119,-47.51],[22.705,-58.301],[22.705,-75.977],[7.813,-75.977],[7.813,0],[19.189,0],[21.68,-6.006],[22.705,-6.006],[37.793,0.977],[53.149,-6.445],[58.789,-27.393],[53.32,-48.071],[38.184,-55.615]],"c":true},"ix":2},"nm":"b","mn":"ADBE Vector Shape - Group","hd":false},{"ind":1,"ty":"sh","ix":2,"ks":{"a":0,"k":{"i":[[-1.823,-2.686],[0,-5.371],[1.807,-2.815],[3.059,0],[1.741,2.539],[0,5.859],[0,0],[-1.693,2.263],[-3.679,0]],"o":[[1.823,2.686],[0,5.371],[-1.807,2.816],[-3.777,0],[-1.742,-2.539],[0,0],[0.065,-5.208],[1.692,-2.262],[3.157,0]],"v":[[40.869,-39.673],[43.604,-27.588],[40.894,-15.308],[33.594,-11.084],[25.317,-14.893],[22.705,-27.49],[22.705,-29.102],[25.342,-40.308],[33.398,-43.701]],"c":true},"ix":2},"nm":"b","mn":"ADBE Vector Shape - Group","hd":false}],"nm":"b","np":5,"cix":2,"bm":0,"ix":1,"mn":"ADBE Vector Group","hd":false}]},"fFamily":"Open Sans"},{"ch":"c","size":22,"style":"Bold","w":51.42,"data":{"shapes":[{"ty":"gr","it":[{"ind":0,"ty":"sh","ix":1,"ks":{"a":0,"k":{"i":[[-2.458,0.586],[-2.409,1.53],[0,0],[2.441,-0.764],[2.864,0],[0,10.677],[-7.748,0],[-2.019,-0.602],[-2.344,-0.944],[0,0],[6.315,0],[4.622,-4.899],[0,-9.277],[-16.992,0]],"o":[[2.457,-0.586],[0,0],[-2.441,1.628],[-2.441,0.765],[-7.748,0],[0,-11.002],[2.018,0],[2.018,0.603],[0,0],[-5.013,-2.473],[-8.627,0],[-4.623,4.9],[0,18.652],[3.743,0]],"v":[[39.282,0.098],[46.582,-3.076],[46.582,-15.82],[39.258,-12.231],[31.299,-11.084],[19.678,-27.1],[31.299,-43.604],[37.354,-42.7],[43.896,-40.381],[48.291,-51.904],[31.299,-55.615],[11.426,-48.267],[4.492,-27.002],[29.98,0.977]],"c":true},"ix":2},"nm":"c","mn":"ADBE Vector Shape - Group","hd":false}],"nm":"c","np":3,"cix":2,"bm":0,"ix":1,"mn":"ADBE Vector Group","hd":false}]},"fFamily":"Open Sans"},{"ch":"r","size":22,"style":"Bold","w":45.41,"data":{"shapes":[{"ty":"gr","it":[{"ind":0,"ty":"sh","ix":1,"ks":{"a":0,"k":{"i":[[2.881,-1.871],[1.692,-3.059],[0,0],[0,0],[0,0],[0,0],[0,0],[0,0],[-2.654,2.441],[-4.753,0],[-1.205,-0.325],[0,0],[2.018,0]],"o":[[-2.881,1.872],[0,0],[0,0],[0,0],[0,0],[0,0],[0,0],[0,-4.395],[2.653,-2.441],[1.725,0],[0,0],[-1.335,-0.293],[-3.386,0]],"v":[[28.882,-52.808],[22.021,-45.41],[21.289,-45.41],[19.092,-54.59],[7.813,-54.59],[7.813,0],[22.705,0],[22.705,-27.783],[26.685,-38.037],[37.793,-41.699],[42.188,-41.211],[43.311,-55.176],[38.281,-55.615]],"c":true},"ix":2},"nm":"r","mn":"ADBE Vector Shape - Group","hd":false}],"nm":"r","np":3,"cix":2,"bm":0,"ix":1,"mn":"ADBE Vector Group","hd":false}]},"fFamily":"Open Sans"},{"ch":"i","size":22,"style":"Bold","w":30.52,"data":{"shapes":[{"ty":"gr","it":[{"ind":0,"ty":"sh","ix":1,"ks":{"a":0,"k":{"i":[[-5.404,0],[-1.351,1.286],[0,2.312],[5.403,0],[0,-4.85]],"o":[[2.702,0],[1.35,-1.286],[0,-4.85],[-5.404,0],[0,4.883]],"v":[[15.283,-61.377],[21.362,-63.306],[23.389,-68.701],[15.283,-75.977],[7.178,-68.701]],"c":true},"ix":2},"nm":"i","mn":"ADBE Vector Shape - Group","hd":false},{"ind":1,"ty":"sh","ix":2,"ks":{"a":0,"k":{"i":[[0,0],[0,0],[0,0],[0,0]],"o":[[0,0],[0,0],[0,0],[0,0]],"v":[[22.705,-54.59],[7.813,-54.59],[7.813,0],[22.705,0]],"c":true},"ix":2},"nm":"i","mn":"ADBE Vector Shape - Group","hd":false}],"nm":"i","np":5,"cix":2,"bm":0,"ix":1,"mn":"ADBE Vector Group","hd":false}]},"fFamily":"Open Sans"},{"ch":"t","size":22,"style":"Bold","w":43.41,"data":{"shapes":[{"ty":"gr","it":[{"ind":0,"ty":"sh","ix":1,"ks":{"a":0,"k":{"i":[[1.188,1.009],[0,2.116],[0,0],[0,0],[0,0],[0,0],[0,0],[0,0],[0,0],[0,0],[0,0],[0,0],[0,0],[-2.718,-3.011],[-5.957,0],[-3.711,1.66],[0,0],[2.604,0]],"o":[[-1.189,-1.009],[0,0],[0,0],[0,0],[0,0],[0,0],[0,0],[0,0],[0,0],[0,0],[0,0],[0,0],[0,6.023],[2.718,3.011],[5.403,0],[0,0],[-3.646,1.14],[-1.953,0]],"v":[[26.099,-12.402],[24.316,-17.09],[24.316,-43.408],[39.6,-43.408],[39.6,-54.59],[24.316,-54.59],[24.316,-66.211],[14.795,-66.211],[10.498,-54.688],[2.295,-49.707],[2.295,-43.408],[9.424,-43.408],[9.424,-17.09],[13.501,-3.54],[26.514,0.977],[40.186,-1.514],[40.186,-12.598],[30.811,-10.889]],"c":true},"ix":2},"nm":"t","mn":"ADBE Vector Shape - Group","hd":false}],"nm":"t","np":3,"cix":2,"bm":0,"ix":1,"mn":"ADBE Vector Group","hd":false}]},"fFamily":"Open Sans"},{"ch":"o","size":22,"style":"Bold","w":61.91,"data":{"shapes":[{"ty":"gr","it":[{"ind":0,"ty":"sh","ix":1,"ks":{"a":0,"k":{"i":[[-1.758,2.686],[-3.972,0],[-1.758,-2.702],[0,-5.403],[1.741,-2.75],[3.971,0],[1.774,2.767],[0,5.404]],"o":[[1.758,-2.686],[4.004,0],[1.758,2.702],[0,5.437],[-1.742,2.751],[-4.004,0],[-1.775,-2.766],[0,-5.436]],"v":[[22.314,-39.575],[30.908,-43.604],[39.551,-39.551],[42.188,-27.393],[39.575,-15.112],[31.006,-10.986],[22.339,-15.137],[19.678,-27.393]],"c":true},"ix":2},"nm":"o","mn":"ADBE Vector Shape - Group","hd":false},{"ind":1,"ty":"sh","ix":2,"ks":{"a":0,"k":{"i":[[2.148,4.265],[4.004,2.279],[5.241,0],[4.655,-4.948],[0,-8.919],[-2.148,-4.297],[-4.004,-2.295],[-5.241,0],[-4.688,5.013],[0,8.887]],"o":[[-2.148,-4.264],[-4.004,-2.278],[-8.431,0],[-4.655,4.948],[0,5.73],[2.148,4.297],[4.004,2.295],[8.366,0],[4.688,-5.013],[0,-5.729]],"v":[[54.199,-42.383],[44.971,-52.197],[31.104,-55.615],[11.475,-48.193],[4.492,-27.393],[7.715,-12.354],[16.943,-2.466],[30.811,0.977],[50.391,-6.543],[57.422,-27.393]],"c":true},"ix":2},"nm":"o","mn":"ADBE Vector Shape - Group","hd":false}],"nm":"o","np":5,"cix":2,"bm":0,"ix":1,"mn":"ADBE Vector Group","hd":false}]},"fFamily":"Open Sans"},{"ch":"n","size":22,"style":"Bold","w":65.72,"data":{"shapes":[{"ty":"gr","it":[{"ind":0,"ty":"sh","ix":1,"ks":{"a":0,"k":{"i":[[0,0],[3.288,3.435],[6.348,0],[2.913,-1.35],[1.66,-2.637],[0,0],[0,0],[0,0],[0,0],[0,0],[0,0],[-1.855,2.783],[-4.167,0],[-1.4,-1.969],[0,-3.938],[0,0],[0,0]],"o":[[0,-6.477],[-3.288,-3.434],[-3.711,0],[-2.914,1.351],[0,0],[0,0],[0,0],[0,0],[0,0],[0,0],[0,-6.445],[1.855,-2.783],[3.059,0],[1.399,1.97],[0,0],[0,0],[0,0]],"v":[[58.203,-35.596],[53.271,-50.464],[38.818,-55.615],[28.882,-53.589],[22.021,-47.607],[21.191,-47.607],[19.189,-54.59],[7.813,-54.59],[7.813,0],[22.705,0],[22.705,-25.684],[25.488,-39.526],[34.521,-43.701],[41.211,-40.747],[43.311,-31.885],[43.311,0],[58.203,0]],"c":true},"ix":2},"nm":"n","mn":"ADBE Vector Shape - Group","hd":false}],"nm":"n","np":3,"cix":2,"bm":0,"ix":1,"mn":"ADBE Vector Group","hd":false}]},"fFamily":"Open Sans"}]}