{"v":"5.5.2","fr":60,"ip":0,"op":15,"w":350,"h":84,"nm":"option_03","ddd":0,"assets":[],"fonts":{"list":[{"fName":"BebasNeue","fFamily":"Bebas Neue","fStyle":"Regular","ascent":69.9996948242188}]},"layers":[{"ddd":0,"ind":1,"ty":5,"nm":"1 billion","sr":1,"ks":{"o":{"a":0,"k":100,"ix":11},"r":{"a":0,"k":0,"ix":10},"p":{"a":0,"k":[96.239,59.624,0],"ix":2},"a":{"a":0,"k":[0,0,0],"ix":1},"s":{"a":0,"k":[100,100,100],"ix":6}},"ao":0,"t":{"d":{"k":[{"s":{"s":50,"f":"BebasNeue","t":"1 billion","j":0,"tr":30,"lh":60,"ls":0,"fc":[1,1,1]},"t":0}]},"p":{},"m":{"g":1,"a":{"a":0,"k":[0,0],"ix":2}},"a":[{"nm":"Animator 1","s":{"t":0,"xe":{"a":0,"k":0,"ix":7},"ne":{"a":0,"k":0,"ix":8},"a":{"a":0,"k":100,"ix":4},"b":1,"rn":0,"sh":1,"r":1},"a":{"fc":{"a":1,"k":[{"i":{"x":[0.667],"y":[1]},"o":{"x":[0.333],"y":[0]},"t":0,"s":[1,1,1,1]},{"i":{"x":[0.667],"y":[1]},"o":{"x":[0.333],"y":[0]},"t":7,"s":[0.149019613862,0.952941179276,0.188235297799,1]},{"t":14,"s":[1,1,1,1]}],"ix":12}}}]},"ip":0,"op":120,"st":0,"bm":0}],"markers":[],"chars":[{"ch":"1","size":50,"style":"Regular","w":39.6,"data":{"shapes":[{"ty":"gr","it":[{"ind":0,"ty":"sh","ix":1,"ks":{"a":0,"k":{"i":[[0,0],[0,0],[0,0],[0,0],[0,0],[0,0],[8.56,0]],"o":[[0,0],[0,0],[0,0],[0,0],[0,0],[-1.712,4.733],[0,0]],"v":[[10.876,-53.778],[19.437,-53.778],[19.437,0],[30.515,0],[30.515,-70.496],[23.062,-70.496],[10.876,-61.633]],"c":true},"ix":2},"nm":"1","mn":"ADBE Vector Shape - Group","hd":false}],"nm":"1","np":3,"cix":2,"bm":0,"ix":1,"mn":"ADBE Vector Group","hd":false}]},"fFamily":"Bebas Neue"},{"ch":" ","size":50,"style":"Regular","w":15.5,"data":{},"fFamily":"Bebas Neue"},{"ch":"b","size":50,"style":"Regular","w":40.6,"data":{"shapes":[{"ty":"gr","it":[{"ind":0,"ty":"sh","ix":1,"ks":{"a":0,"k":{"i":[[11.481,0],[0,0],[0,0],[0,0],[0,10.876],[0,0],[5.942,2.316],[0,0],[0,7.251],[0,0]],"o":[[0,0],[0,0],[0,0],[11.078,0],[0,0],[0,-7.452],[0,0],[4.935,-2.316],[0,0],[0,-10.876]],"v":[[20.746,-70.496],[4.028,-70.496],[4.028,0],[21.451,0],[38.269,-16.718],[38.269,-22.458],[30.011,-37.463],[30.011,-37.665],[37.161,-51.764],[37.161,-54.282]],"c":true},"ix":2},"nm":"b","mn":"ADBE Vector Shape - Group","hd":false},{"ind":1,"ty":"sh","ix":2,"ks":{"a":0,"k":{"i":[[0,0],[0,-6.546],[0,0],[3.726,0],[0,0],[0,0]],"o":[[5.035,0],[0,0],[0,5.237],[0,0],[0,0],[0,0]],"v":[[20.041,-31.723],[27.191,-23.163],[27.191,-17.02],[21.451,-10.071],[15.106,-10.071],[15.106,-31.723]],"c":true},"ix":2},"nm":"b","mn":"ADBE Vector Shape - Group","hd":false},{"ind":2,"ty":"sh","ix":3,"ks":{"a":0,"k":{"i":[[0,0],[0,-5.035],[0,0],[4.129,0],[0,0],[0,0]],"o":[[3.928,0],[0,0],[0,5.64],[0,0],[0,0],[0,0]],"v":[[20.444,-60.425],[26.083,-53.174],[26.083,-49.246],[19.437,-41.794],[15.106,-41.794],[15.106,-60.425]],"c":true},"ix":2},"nm":"b","mn":"ADBE Vector Shape - Group","hd":false}],"nm":"b","np":6,"cix":2,"bm":0,"ix":1,"mn":"ADBE Vector Group","hd":false}]},"fFamily":"Bebas Neue"},{"ch":"i","size":50,"style":"Regular","w":19,"data":{"shapes":[{"ty":"gr","it":[{"ind":0,"ty":"sh","ix":1,"ks":{"a":0,"k":{"i":[[0,0],[0,0],[0,0],[0,0]],"o":[[0,0],[0,0],[0,0],[0,0]],"v":[[4.028,0],[15.106,0],[15.106,-70.496],[4.028,-70.496]],"c":true},"ix":2},"nm":"i","mn":"ADBE Vector Shape - Group","hd":false}],"nm":"i","np":3,"cix":2,"bm":0,"ix":1,"mn":"ADBE Vector Group","hd":false}]},"fFamily":"Bebas Neue"},{"ch":"l","size":50,"style":"Regular","w":33.9,"data":{"shapes":[{"ty":"gr","it":[{"ind":0,"ty":"sh","ix":1,"ks":{"a":0,"k":{"i":[[0,0],[0,0],[0,0],[0,0],[0,0],[0,0]],"o":[[0,0],[0,0],[0,0],[0,0],[0,0],[0,0]],"v":[[4.028,0],[33.334,0],[33.334,-10.071],[15.106,-10.071],[15.106,-70.496],[4.028,-70.496]],"c":true},"ix":2},"nm":"l","mn":"ADBE Vector Shape - Group","hd":false}],"nm":"l","np":3,"cix":2,"bm":0,"ix":1,"mn":"ADBE Vector Group","hd":false}]},"fFamily":"Bebas Neue"},{"ch":"o","size":50,"style":"Regular","w":39.6,"data":{"shapes":[{"ty":"gr","it":[{"ind":0,"ty":"sh","ix":1,"ks":{"a":0,"k":{"i":[[0,0],[-3.525,0],[0,-5.035],[0,0],[3.525,0],[0,5.035]],"o":[[0,-5.035],[3.525,0],[0,0],[0,5.035],[-3.525,0],[0,0]],"v":[[14.2,-54.282],[19.94,-61.23],[25.681,-54.282],[25.681,-16.214],[19.94,-9.265],[14.2,-16.214]],"c":true},"ix":2},"nm":"o","mn":"ADBE Vector Shape - Group","hd":false},{"ind":1,"ty":"sh","ix":2,"ks":{"a":0,"k":{"i":[[0,0],[-10.876,0],[0,11.279],[0,0],[10.876,0],[0,-11.279]],"o":[[0,11.279],[10.876,0],[0,0],[0,-11.279],[-10.876,0],[0,0]],"v":[[3.122,-16.919],[19.94,0.806],[36.758,-16.919],[36.758,-53.577],[19.94,-71.301],[3.122,-53.577]],"c":true},"ix":2},"nm":"o","mn":"ADBE Vector Shape - Group","hd":false}],"nm":"o","np":5,"cix":2,"bm":0,"ix":1,"mn":"ADBE Vector Group","hd":false}]},"fFamily":"Bebas Neue"},{"ch":"n","size":50,"style":"Regular","w":42.7,"data":{"shapes":[{"ty":"gr","it":[{"ind":0,"ty":"sh","ix":1,"ks":{"a":0,"k":{"i":[[0,0],[0,0],[0,0],[0,0],[0,0],[0,0],[0,0],[0,0],[0,0],[0,0],[0,0],[0,0]],"o":[[0,0],[0,0],[0,0],[0,0],[0,0],[0,0],[0,0],[0,0],[0,0],[0,0],[0,0],[0,0]],"v":[[27.695,0],[39.075,0],[39.075,-70.496],[29.205,-70.496],[29.205,-28.299],[29.004,-28.299],[17.825,-70.496],[3.928,-70.496],[3.928,0],[13.898,0],[13.898,-51.059],[14.099,-51.059]],"c":true},"ix":2},"nm":"n","mn":"ADBE Vector Shape - Group","hd":false}],"nm":"n","np":3,"cix":2,"bm":0,"ix":1,"mn":"ADBE Vector Group","hd":false}]},"fFamily":"Bebas Neue"}]}