{"v":"5.5.2","fr":30,"ip":0,"op":31,"w":336,"h":56,"nm":"phone_card02","ddd":0,"assets":[],"fonts":{"list":[{"fName":"CourierNewPSMT","fFamily":"Courier New","fStyle":"Regular","ascent":61.2991333007813}]},"layers":[{"ddd":0,"ind":1,"ty":5,"nm":"title","sr":1,"ks":{"o":{"a":0,"k":100,"ix":11},"r":{"a":0,"k":0,"ix":10},"p":{"a":0,"k":[62.578,34.125,0],"ix":2},"a":{"a":0,"k":[0,0,0],"ix":1},"s":{"a":0,"k":[100,100,100],"ix":6}},"ao":0,"t":{"d":{"k":[{"s":{"s":32,"f":"CourierNewPSMT","t":"Password123","j":0,"tr":0,"lh":38.4,"ls":0,"fc":[0.4,0.2,0.467]},"t":0}]},"p":{},"m":{"g":1,"a":{"a":0,"k":[0,0],"ix":2}},"a":[{"nm":"Animator 1","s":{"t":0,"xe":{"a":0,"k":0,"ix":7},"ne":{"a":0,"k":0,"ix":8},"a":{"a":0,"k":100,"ix":4},"b":1,"rn":0,"sh":1,"r":1},"a":{"fc":{"a":1,"k":[{"i":{"x":[0.833],"y":[0.833]},"o":{"x":[0.167],"y":[0.167]},"t":5.506,"s":[0.40000000596,0.20000000298,0.466666668653,1]},{"t":8.5087890625,"s":[1,1,1,1]}],"ix":12}}}]},"ip":0,"op":900.4004004004,"st":0,"bm":0},{"ddd":0,"ind":2,"ty":4,"nm":"card_body","sr":1,"ks":{"o":{"a":0,"k":100,"ix":11},"r":{"a":0,"k":0,"ix":10},"p":{"a":0,"k":[168,28,0],"ix":2},"a":{"a":0,"k":[250,250,0],"ix":1},"s":{"a":0,"k":[162,145.455,100],"ix":6}},"ao":0,"shapes":[{"ty":"gr","it":[{"ind":0,"ty":"sh","ix":1,"ks":{"a":0,"k":{"i":[[0,0],[0,0],[0,0],[0,0]],"o":[[0,0],[0,0],[0,0],[0,0]],"v":[[100,16.5],[-100,16.5],[-100,-16.5],[100,-16.5]],"c":true},"ix":2},"nm":"Path 1","mn":"ADBE Vector Shape - Group","hd":false},{"ty":"fl","c":{"a":1,"k":[{"i":{"x":[0.667],"y":[1]},"o":{"x":[0.333],"y":[0]},"t":6.005,"s":[1,1,1,1]},{"t":9.0078125,"s":[0.40000000596,0.20000000298,0.466666668653,1]}],"ix":4},"o":{"a":0,"k":100,"ix":5},"r":1,"bm":0,"nm":"Fill 1","mn":"ADBE Vector Graphic - Fill","hd":false},{"ty":"tr","p":{"a":0,"k":[250,250],"ix":2},"a":{"a":0,"k":[0,0],"ix":1},"s":{"a":1,"k":[{"i":{"x":[0.667,0.667],"y":[1.384,1.384]},"o":{"x":[0.333,0.333],"y":[0,0]},"t":1,"s":[100,100]},{"i":{"x":[0.667,0.667],"y":[1,1]},"o":{"x":[0.333,0.333],"y":[0.192,0.192]},"t":3.002,"s":[99,99]},{"i":{"x":[0.667,0.667],"y":[1,1]},"o":{"x":[0.333,0.333],"y":[0,0]},"t":6.005,"s":[102,102]},{"t":9.0078125,"s":[100,100]}],"ix":3},"r":{"a":0,"k":0,"ix":6},"o":{"a":0,"k":100,"ix":7},"sk":{"a":0,"k":0,"ix":4},"sa":{"a":0,"k":0,"ix":5},"nm":"Transform"}],"nm":"card","np":2,"cix":2,"bm":0,"ix":1,"mn":"ADBE Vector Group","hd":false}],"ip":0,"op":900.4004004004,"st":0,"bm":0}],"markers":[],"chars":[{"ch":"P","size":32,"style":"Regular","w":60.01,"data":{"shapes":[{"ty":"gr","it":[{"ind":0,"ty":"sh","ix":1,"ks":{"a":0,"k":{"i":[[0,0],[-1.888,0.619],[-2.441,1.823],[-1.156,2.116],[0,2.637],[3.564,3.32],[5.631,0],[0,0],[0.423,-0.374],[0,-0.618],[-0.423,-0.374],[-0.977,0],[0,0],[0,0],[0,0],[0.423,-0.374],[0,-0.618],[-0.423,-0.391],[-0.977,0],[0,0],[-0.423,0.391],[0,0.586],[0.423,0.375],[0.977,0],[0,0],[0,0]],"o":[[2.799,0],[2.604,-0.846],[1.627,-1.204],[1.155,-2.116],[0,-4.459],[-3.564,-3.32],[0,0],[-0.977,0],[-0.423,0.375],[0,0.619],[0.423,0.375],[0,0],[0,0],[0,0],[-0.977,0],[-0.423,0.375],[0,0.586],[0.423,0.391],[0,0],[0.977,0],[0.423,-0.391],[0,-0.618],[-0.423,-0.374],[0,0],[0,0],[0,0]],"v":[[33.936,-23.438],[40.967,-24.365],[48.535,-28.369],[52.71,-33.35],[54.443,-40.479],[49.097,-52.148],[35.303,-57.129],[11.475,-57.129],[9.375,-56.567],[8.74,-55.078],[9.375,-53.589],[11.475,-53.027],[16.992,-53.027],[16.992,-4.102],[11.475,-4.102],[9.375,-3.54],[8.74,-2.051],[9.375,-0.586],[11.475,0],[35.156,0],[37.256,-0.586],[37.891,-2.051],[37.256,-3.54],[35.156,-4.102],[21.094,-4.102],[21.094,-23.438]],"c":true},"ix":2},"nm":"P","mn":"ADBE Vector Shape - Group","hd":false},{"ind":1,"ty":"sh","ix":2,"ks":{"a":0,"k":{"i":[[0,0],[0,0],[-2.767,-2.571],[0,-3.223],[1.221,-1.953],[2.653,-1.35],[3.027,0],[0,0]],"o":[[0,0],[4.231,0],[2.766,2.572],[0,2.019],[-1.221,1.953],[-2.654,1.351],[0,0],[0,0]],"v":[[21.094,-53.027],[35.693,-53.027],[46.191,-49.17],[50.342,-40.479],[48.511,-34.521],[42.7,-29.565],[34.18,-27.539],[21.094,-27.539]],"c":true},"ix":2},"nm":"P","mn":"ADBE Vector Shape - Group","hd":false}],"nm":"P","np":5,"cix":2,"bm":0,"ix":1,"mn":"ADBE Vector Group","hd":false}]},"fFamily":"Courier New"},{"ch":"a","size":32,"style":"Regular","w":60.01,"data":{"shapes":[{"ty":"gr","it":[{"ind":0,"ty":"sh","ix":1,"ks":{"a":0,"k":{"i":[[0,0],[-0.423,0.391],[0,0.586],[0.423,0.375],[1.009,0],[0,0],[0,0],[2.897,2.556],[5.176,0],[5.078,-1.367],[0.455,-0.488],[0,-0.553],[-0.375,-0.391],[-0.521,0],[-1.042,0.326],[-3.191,0],[-2.084,-1.66],[0,-2.246],[0,0],[2.213,0.244],[1.888,0],[3.645,-2.962],[0,-3.971],[-2.767,-2.49],[-4.916,0],[-5.957,5.013],[0,0]],"o":[[1.009,0],[0.423,-0.391],[0,-0.618],[-0.423,-0.374],[0,0],[0,0],[0,-3.223],[-2.898,-2.555],[-2.605,0],[-3.223,0.847],[-0.326,0.326],[0,0.586],[0.374,0.391],[0.293,0],[5.762,-1.855],[4.166,0],[2.083,1.66],[0,0],[-2.572,-0.52],[-2.214,-0.244],[-6.999,0],[-3.646,2.962],[0,3.613],[2.766,2.49],[6.77,0],[0,0],[0,0]],"v":[[51.416,0],[53.564,-0.586],[54.199,-2.051],[53.564,-3.54],[51.416,-4.102],[45.947,-4.102],[45.947,-31.25],[41.602,-39.917],[29.492,-43.75],[17.969,-41.699],[12.451,-39.697],[11.963,-38.379],[12.524,-36.914],[13.867,-36.328],[15.869,-36.816],[29.297,-39.6],[38.672,-37.109],[41.797,-31.25],[41.797,-24.609],[34.619,-25.757],[28.467,-26.123],[12.5,-21.68],[7.031,-11.279],[11.182,-2.124],[22.705,1.611],[41.797,-5.908],[41.797,0]],"c":true},"ix":2},"nm":"a","mn":"ADBE Vector Shape - Group","hd":false},{"ind":1,"ty":"sh","ix":2,"ks":{"a":0,"k":{"i":[[0,0],[3.043,-1.416],[3.548,0],[1.936,1.693],[0,2.474],[-2.539,1.921],[-5.957,0],[-2.148,-0.26],[-1.921,-0.553]],"o":[[-3.223,3.093],[-3.044,1.416],[-3.711,0],[-1.937,-1.692],[0,-2.669],[3.352,-2.571],[2.376,0],[2.148,0.261],[0,0]],"v":[[41.797,-11.377],[32.397,-4.614],[22.51,-2.49],[14.038,-5.029],[11.133,-11.279],[14.941,-18.164],[28.906,-22.021],[35.693,-21.631],[41.797,-20.41]],"c":true},"ix":2},"nm":"a","mn":"ADBE Vector Shape - Group","hd":false}],"nm":"a","np":5,"cix":2,"bm":0,"ix":1,"mn":"ADBE Vector Group","hd":false}]},"fFamily":"Courier New"},{"ch":"s","size":32,"style":"Regular","w":60.01,"data":{"shapes":[{"ty":"gr","it":[{"ind":0,"ty":"sh","ix":1,"ks":{"a":0,"k":{"i":[[5.664,0],[3.45,-2.067],[0,-3.516],[-1.237,-1.692],[-2.214,-0.846],[-5.095,-0.52],[-2.67,-1.53],[0,-2.539],[2.604,-1.985],[5.338,0],[2.49,1.025],[1.139,1.563],[0,1.498],[0.407,0.407],[0.586,0],[0.374,-0.423],[0,-0.977],[0,0],[-0.391,-0.423],[-0.586,0],[-0.342,0.228],[-0.13,0.326],[0,1.107],[-6.478,0],[-3.353,2.718],[0,3.484],[1.546,2.019],[3.157,1.14],[5.696,0.619],[1.563,0.912],[0,1.953],[-1.921,1.4],[-4.59,0],[-2.67,-1.823],[-0.195,-1.953],[-0.375,-0.358],[-0.554,0],[-0.391,0.423],[0,0.977],[0,0],[0.391,0.423],[0.618,0],[0.391,-0.423],[0,-0.944]],"o":[[-4.785,0],[-3.451,2.068],[0,1.953],[1.237,1.693],[2.213,0.847],[5.094,0.521],[2.637,1.53],[0,2.214],[-2.605,1.986],[-3.613,0],[-2.49,-1.025],[-0.749,-1.009],[0,-0.684],[-0.407,-0.407],[-0.619,0],[-0.375,0.423],[0,0],[0,0.977],[0.391,0.423],[0.423,0],[0.342,-0.227],[0.13,-0.325],[4.134,3.288],[6.477,0],[3.352,-2.718],[0,-2.344],[-1.546,-2.018],[-2.214,-0.781],[-4.362,-0.488],[-2.279,-1.302],[0,-1.725],[2.539,-1.855],[4.395,0],[1.823,1.27],[0.065,0.814],[0.374,0.359],[0.618,0],[0.391,-0.423],[0,0],[0,-1.009],[-0.391,-0.423],[-0.586,0],[-0.391,0.423],[-3.548,-2.766]],"v":[[29.736,-43.75],[17.383,-40.649],[12.207,-32.275],[14.063,-26.807],[19.238,-22.998],[30.2,-20.947],[41.846,-17.871],[45.801,-11.768],[41.895,-5.469],[29.98,-2.49],[20.825,-4.028],[15.381,-7.91],[14.258,-11.67],[13.647,-13.306],[12.158,-13.916],[10.669,-13.281],[10.107,-11.182],[10.107,-2.734],[10.693,-0.635],[12.158,0],[13.306,-0.342],[14.014,-1.172],[14.209,-3.32],[30.127,1.611],[44.873,-2.466],[49.902,-11.768],[47.583,-18.311],[40.527,-23.047],[28.662,-25.146],[19.775,-27.246],[16.357,-32.129],[19.238,-36.816],[29.932,-39.6],[40.527,-36.865],[43.555,-32.031],[44.214,-30.273],[45.605,-29.736],[47.119,-30.371],[47.705,-32.471],[47.705,-39.502],[47.119,-41.65],[45.605,-42.285],[44.141,-41.65],[43.555,-39.6]],"c":true},"ix":2},"nm":"s","mn":"ADBE Vector Shape - Group","hd":false}],"nm":"s","np":3,"cix":2,"bm":0,"ix":1,"mn":"ADBE Vector Group","hd":false}]},"fFamily":"Courier New"},{"ch":"w","size":32,"style":"Regular","w":60.01,"data":{"shapes":[{"ty":"gr","it":[{"ind":0,"ty":"sh","ix":1,"ks":{"a":0,"k":{"i":[[0,0],[0,0],[-0.423,0.391],[0,0.586],[0.423,0.391],[1.009,0],[0,0],[0.423,-0.391],[0,-0.586],[-0.439,-0.391],[-0.977,0],[0,0],[0,0],[0,0],[0,0],[0,0],[0,0],[0,0],[-0.423,0.391],[0,0.586],[0.423,0.391],[0.977,0],[0,0],[0.423,-0.391],[0,-0.586],[-0.423,-0.391],[-0.977,0],[0,0],[0,0],[0,0],[0,0],[0,0],[0,0]],"o":[[0,0],[1.009,0],[0.423,-0.391],[0,-0.618],[-0.423,-0.391],[0,0],[-1.009,0],[-0.423,0.391],[0,0.619],[0.439,0.391],[0,0],[0,0],[0,0],[0,0],[0,0],[0,0],[0,0],[0.977,0],[0.423,-0.391],[0,-0.618],[-0.423,-0.391],[0,0],[-0.977,0],[-0.423,0.391],[0,0.619],[0.423,0.391],[0,0],[0,0],[0,0],[0,0],[0,0],[0,0],[0,0]],"v":[[52.49,-38.135],[54.443,-38.135],[56.592,-38.721],[57.227,-40.186],[56.592,-41.699],[54.443,-42.285],[43.213,-42.285],[41.064,-41.699],[40.43,-40.234],[41.089,-38.721],[43.213,-38.135],[48.389,-38.135],[41.406,-5.615],[32.422,-31.592],[27.539,-31.592],[18.799,-5.615],[11.523,-38.135],[16.748,-38.135],[18.848,-38.721],[19.482,-40.186],[18.848,-41.699],[16.748,-42.285],[5.469,-42.285],[3.369,-41.699],[2.734,-40.234],[3.369,-38.721],[5.469,-38.135],[7.471,-38.135],[15.967,0],[21.045,0.049],[30.029,-26.318],[39.063,0.049],[44.141,0]],"c":true},"ix":2},"nm":"w","mn":"ADBE Vector Shape - Group","hd":false}],"nm":"w","np":3,"cix":2,"bm":0,"ix":1,"mn":"ADBE Vector Group","hd":false}]},"fFamily":"Courier New"},{"ch":"o","size":32,"style":"Regular","w":60.01,"data":{"shapes":[{"ty":"gr","it":[{"ind":0,"ty":"sh","ix":1,"ks":{"a":0,"k":{"i":[[4.475,4.427],[6.315,0],[4.459,-4.443],[0,-6.25],[-4.46,-4.443],[-6.38,0],[-4.476,4.427],[0,6.25]],"o":[[-4.476,-4.427],[-6.38,0],[-4.46,4.443],[0,6.218],[4.459,4.443],[6.315,0],[4.475,-4.427],[0,-6.282]],"v":[[46.216,-37.109],[30.029,-43.75],[13.77,-37.085],[7.08,-21.045],[13.77,-5.054],[30.029,1.611],[46.216,-5.029],[52.93,-21.045]],"c":true},"ix":2},"nm":"o","mn":"ADBE Vector Shape - Group","hd":false},{"ind":1,"ty":"sh","ix":2,"ks":{"a":0,"k":{"i":[[3.662,-3.629],[5.208,0],[3.662,3.646],[0,5.078],[-3.662,3.63],[-5.209,0],[-3.662,-3.613],[0,-5.143]],"o":[[-3.662,3.63],[-5.209,0],[-3.662,-3.645],[0,-5.11],[3.662,-3.629],[5.208,0],[3.662,3.613],[0,5.111]],"v":[[43.286,-7.935],[29.98,-2.49],[16.675,-7.959],[11.182,-21.045],[16.675,-34.155],[29.98,-39.6],[43.286,-34.18],[48.779,-21.045]],"c":true},"ix":2},"nm":"o","mn":"ADBE Vector Shape - Group","hd":false}],"nm":"o","np":5,"cix":2,"bm":0,"ix":1,"mn":"ADBE Vector Group","hd":false}]},"fFamily":"Courier New"},{"ch":"r","size":32,"style":"Regular","w":60.01,"data":{"shapes":[{"ty":"gr","it":[{"ind":0,"ty":"sh","ix":1,"ks":{"a":0,"k":{"i":[[0,0],[0.407,-0.391],[0,-0.586],[-0.423,-0.391],[-0.977,0],[0,0],[0,0],[0,0],[0.407,-0.374],[0,-0.553],[-0.423,-0.374],[-0.977,0],[0,0],[-0.423,0.391],[0,0.586],[0.423,0.375],[1.009,0],[0,0],[0,0],[-2.523,1.433],[-1.791,0],[-0.847,-0.423],[-1.14,-1.139],[-0.228,-0.114],[-0.326,0],[-0.407,0.407],[0,0.619],[2.1,1.644],[2.441,0],[2.653,-1.383],[5.338,-4.817],[0,0]],"o":[[-1.009,0],[-0.407,0.391],[0,0.619],[0.423,0.391],[0,0],[0,0],[0,0],[-1.009,0],[-0.407,0.375],[0,0.586],[0.423,0.375],[0,0],[1.009,0],[0.423,-0.391],[0,-0.618],[-0.423,-0.374],[0,0],[0,0],[6.217,-5.566],[2.522,-1.432],[0.813,0],[0.846,0.423],[0.618,0.619],[0.227,0.114],[0.618,0],[0.407,-0.407],[0,-0.846],[-2.1,-1.643],[-2.246,0],[-2.654,1.384],[0,0],[0,0]],"v":[[13.428,-42.285],[11.304,-41.699],[10.693,-40.234],[11.328,-38.721],[13.428,-38.135],[20.996,-38.135],[20.996,-3.955],[11.084,-3.955],[8.96,-3.394],[8.35,-2.002],[8.984,-0.562],[11.084,0],[43.262,0],[45.41,-0.586],[46.045,-2.051],[45.41,-3.54],[43.262,-4.102],[25.098,-4.102],[25.098,-26.563],[38.208,-37.061],[44.678,-39.209],[47.168,-38.574],[50.146,-36.23],[51.416,-35.132],[52.246,-34.961],[53.784,-35.571],[54.395,-37.109],[51.245,-40.845],[44.434,-43.311],[37.085,-41.235],[25.098,-31.934],[25.098,-42.285]],"c":true},"ix":2},"nm":"r","mn":"ADBE Vector Shape - Group","hd":false}],"nm":"r","np":3,"cix":2,"bm":0,"ix":1,"mn":"ADBE Vector Group","hd":false}]},"fFamily":"Courier New"},{"ch":"d","size":32,"style":"Regular","w":60.01,"data":{"shapes":[{"ty":"gr","it":[{"ind":0,"ty":"sh","ix":1,"ks":{"a":0,"k":{"i":[[0,0],[0.423,-0.391],[0,-0.586],[-0.423,-0.391],[-1.009,0],[0,0],[0,0],[7.161,0],[3.401,-1.985],[1.969,-3.629],[0,-3.906],[-1.97,-3.645],[-3.402,-1.969],[-3.711,0],[-4.753,6.511],[0,0],[0,0],[-0.423,0.391],[0,0.586],[0.423,0.375],[1.009,0],[0,0],[0,0]],"o":[[-1.009,0],[-0.423,0.391],[0,0.619],[0.423,0.391],[0,0],[0,0],[-4.883,-6.51],[-3.744,0],[-3.402,1.986],[-1.97,3.63],[0,3.874],[1.969,3.646],[3.401,1.969],[7.324,0],[0,0],[0,0],[1.009,0],[0.423,-0.391],[0,-0.618],[-0.423,-0.374],[0,0],[0,0],[0,0]],"v":[[40.479,-61.279],[38.33,-60.693],[37.695,-59.229],[38.33,-57.715],[40.479,-57.129],[45.947,-57.129],[45.947,-33.984],[27.881,-43.75],[17.163,-40.771],[9.106,-32.349],[6.152,-21.045],[9.106,-9.766],[17.163,-1.343],[27.832,1.611],[45.947,-8.154],[45.947,0],[55.566,0],[57.715,-0.586],[58.35,-2.051],[57.715,-3.54],[55.566,-4.102],[50.098,-4.102],[50.098,-61.279]],"c":true},"ix":2},"nm":"d","mn":"ADBE Vector Shape - Group","hd":false},{"ind":1,"ty":"sh","ix":2,"ks":{"a":0,"k":{"i":[[3.516,-3.596],[4.85,0],[3.516,3.597],[0,5.176],[-3.516,3.581],[-4.883,0],[-3.516,-3.58],[0,-5.208]],"o":[[-3.516,3.597],[-4.883,0],[-3.516,-3.596],[0,-5.208],[3.516,-3.58],[4.85,0],[3.516,3.581],[0,5.176]],"v":[[40.674,-7.886],[28.125,-2.49],[15.527,-7.886],[10.254,-21.045],[15.527,-34.229],[28.125,-39.6],[40.674,-34.229],[45.947,-21.045]],"c":true},"ix":2},"nm":"d","mn":"ADBE Vector Shape - Group","hd":false}],"nm":"d","np":5,"cix":2,"bm":0,"ix":1,"mn":"ADBE Vector Group","hd":false}]},"fFamily":"Courier New"},{"ch":"1","size":32,"style":"Regular","w":60.01,"data":{"shapes":[{"ty":"gr","it":[{"ind":0,"ty":"sh","ix":1,"ks":{"a":0,"k":{"i":[[0,0],[0.26,-0.26],[0,-0.488],[-0.407,-0.407],[-0.488,0],[-0.652,0.195],[0,0],[0,0],[0,0],[0.423,-0.374],[0,-0.618],[-0.423,-0.391],[-0.977,0],[0,0],[-0.423,0.391],[0,0.586],[0.423,0.375],[0.977,0],[0,0],[0,0]],"o":[[-0.814,0.293],[-0.326,0.423],[0,0.554],[0.407,0.407],[0.293,0],[0,0],[0,0],[0,0],[-0.977,0],[-0.423,0.375],[0,0.586],[0.423,0.391],[0,0],[0.977,0],[0.423,-0.391],[0,-0.618],[-0.423,-0.374],[0,0],[0,0],[0,0]],"v":[[13.281,-56.201],[11.67,-55.371],[11.182,-54.004],[11.792,-52.563],[13.135,-51.953],[14.551,-52.246],[27.93,-56.445],[27.93,-4.102],[13.867,-4.102],[11.768,-3.54],[11.133,-2.051],[11.768,-0.586],[13.867,0],[46.094,0],[48.193,-0.586],[48.828,-2.051],[48.193,-3.54],[46.094,-4.102],[32.031,-4.102],[32.031,-62.109]],"c":true},"ix":2},"nm":"1","mn":"ADBE Vector Shape - Group","hd":false}],"nm":"1","np":3,"cix":2,"bm":0,"ix":1,"mn":"ADBE Vector Group","hd":false}]},"fFamily":"Courier New"},{"ch":"2","size":32,"style":"Regular","w":60.01,"data":{"shapes":[{"ty":"gr","it":[{"ind":0,"ty":"sh","ix":1,"ks":{"a":0,"k":{"i":[[0,0],[-9.636,9.505],[-1.482,1.872],[-0.619,1.579],[0,1.888],[3.678,3.548],[5.11,0],[3.011,-1.53],[1.709,-2.669],[0,-1.563],[-0.375,-0.374],[-0.554,0],[-0.391,0.326],[-0.195,0.781],[-2.767,2.051],[-3.581,0],[-2.832,-2.702],[0,-3.516],[0.504,-1.286],[1.367,-1.692],[3.678,-3.613],[8.333,-7.487],[0,0],[0,0],[0,0],[0.391,0.423],[0.586,0],[0.391,-0.423],[0,-0.977],[0,0],[0,0]],"o":[[6.055,-5.241],[3.841,-3.776],[1.481,-1.871],[0.618,-1.579],[0,-4.492],[-3.679,-3.548],[-3.158,0],[-3.011,1.53],[-1.709,2.67],[0,0.521],[0.374,0.375],[0.52,0],[0.293,-0.227],[0.813,-3.027],[2.766,-2.051],[4.004,0],[2.832,2.702],[0,1.302],[-0.505,1.286],[-1.367,1.693],[-7.878,7.748],[0,0],[0,0],[0,0],[0,-0.977],[-0.391,-0.423],[-0.619,0],[-0.391,0.423],[0,0],[0,0],[0,0]],"v":[[12.354,-4.395],[35.889,-26.514],[43.872,-34.985],[47.021,-40.161],[47.949,-45.361],[42.432,-57.422],[29.248,-62.744],[19.995,-60.449],[12.915,-54.15],[10.352,-47.803],[10.913,-46.46],[12.305,-45.898],[13.672,-46.387],[14.404,-47.9],[19.775,-55.518],[29.297,-58.594],[39.551,-54.541],[43.799,-45.215],[43.042,-41.333],[40.234,-36.865],[32.666,-28.906],[8.35,-6.055],[8.35,0],[47.998,0],[47.998,-5.713],[47.412,-7.813],[45.947,-8.447],[44.434,-7.813],[43.848,-5.713],[43.848,-4.102],[12.354,-4.102]],"c":true},"ix":2},"nm":"2","mn":"ADBE Vector Shape - Group","hd":false}],"nm":"2","np":3,"cix":2,"bm":0,"ix":1,"mn":"ADBE Vector Group","hd":false}]},"fFamily":"Courier New"},{"ch":"3","size":32,"style":"Regular","w":60.01,"data":{"shapes":[{"ty":"gr","it":[{"ind":0,"ty":"sh","ix":1,"ks":{"a":0,"k":{"i":[[-1.595,2.441],[0,2.734],[3.32,3.109],[5.176,0],[3.938,-2.766],[0,-1.302],[-0.391,-0.374],[-0.554,0],[-0.277,0.146],[-0.521,0.652],[-2.377,0.977],[-2.832,0],[-2.507,-2.344],[0,-3.059],[2.393,-2.246],[3.678,0],[0,0],[0.407,-0.391],[0,-0.586],[-0.423,-0.374],[-0.977,0],[-2.962,-1.35],[-1.579,-2.344],[0,-2.441],[3.206,-2.979],[4.752,0],[5.045,3.744],[0.52,0],[0.374,-0.391],[0,-0.52],[-0.488,-0.52],[-3.777,-1.497],[-3.516,0],[-3.988,3.76],[0,4.916],[1.985,2.946],[3.776,1.693]],"o":[[1.595,-2.441],[0,-4.297],[-3.32,-3.108],[-5.013,0],[-2.832,1.986],[0,0.521],[0.391,0.375],[0.358,0],[0.276,-0.146],[1.432,-1.692],[2.376,-0.977],[4.036,0],[2.506,2.344],[0,2.962],[-2.393,2.246],[0,0],[-0.814,0],[-0.407,0.391],[0,0.619],[0.423,0.375],[3.027,0],[2.962,1.351],[1.579,2.344],[0,3.646],[-3.207,2.979],[-5.632,0],[-0.652,-0.488],[-0.521,0],[-0.375,0.391],[0,0.586],[1.497,1.563],[3.776,1.497],[5.989,0],[3.987,-3.76],[0,-3.19],[-1.986,-2.946],[3.092,-1.465]],"v":[[45.459,-39.209],[47.852,-46.973],[42.871,-58.081],[30.127,-62.744],[16.699,-58.594],[12.451,-53.662],[13.037,-52.319],[14.453,-51.758],[15.405,-51.978],[16.602,-53.174],[22.314,-57.178],[30.127,-58.643],[39.941,-55.127],[43.701,-47.021],[40.112,-39.209],[31.006,-35.84],[27.49,-35.889],[25.659,-35.303],[25.049,-33.838],[25.684,-32.349],[27.783,-31.787],[36.768,-29.761],[43.579,-24.219],[45.947,-17.041],[41.138,-7.104],[29.199,-2.637],[13.184,-8.252],[11.426,-8.984],[10.083,-8.398],[9.521,-7.031],[10.254,-5.371],[18.164,-0.781],[29.102,1.465],[44.067,-4.175],[50.049,-17.188],[47.07,-26.392],[38.428,-33.35]],"c":true},"ix":2},"nm":"3","mn":"ADBE Vector Shape - Group","hd":false}],"nm":"3","np":3,"cix":2,"bm":0,"ix":1,"mn":"ADBE Vector Group","hd":false}]},"fFamily":"Courier New"}]}