{"v":"5.5.2","fr":30,"ip":0,"op":31,"w":336,"h":56,"nm":"phone_card03","ddd":0,"assets":[],"fonts":{"list":[{"fName":"CourierNewPSMT","fFamily":"Courier New","fStyle":"Regular","ascent":61.2991333007813}]},"layers":[{"ddd":0,"ind":1,"ty":5,"nm":"title","sr":1,"ks":{"o":{"a":0,"k":100,"ix":11},"r":{"a":0,"k":0,"ix":10},"p":{"a":0,"k":[101.453,34.125,0],"ix":2},"a":{"a":0,"k":[0,0,0],"ix":1},"s":{"a":0,"k":[100,100,100],"ix":6}},"ao":0,"t":{"d":{"k":[{"s":{"s":32,"f":"CourierNewPSMT","t":"admin01","j":0,"tr":0,"lh":38.4,"ls":0,"fc":[0.4,0.2,0.467]},"t":0}]},"p":{},"m":{"g":1,"a":{"a":0,"k":[0,0],"ix":2}},"a":[{"nm":"Animator 1","s":{"t":0,"xe":{"a":0,"k":0,"ix":7},"ne":{"a":0,"k":0,"ix":8},"a":{"a":0,"k":100,"ix":4},"b":1,"rn":0,"sh":1,"r":1},"a":{"fc":{"a":1,"k":[{"i":{"x":[0.833],"y":[0.833]},"o":{"x":[0.167],"y":[0.167]},"t":5.506,"s":[0.40000000596,0.20000000298,0.466666668653,1]},{"t":8.5087890625,"s":[1,1,1,1]}],"ix":12}}}]},"ip":0,"op":900.4004004004,"st":0,"bm":0},{"ddd":0,"ind":2,"ty":4,"nm":"card_body","sr":1,"ks":{"o":{"a":0,"k":100,"ix":11},"r":{"a":0,"k":0,"ix":10},"p":{"a":0,"k":[168,28,0],"ix":2},"a":{"a":0,"k":[250,250,0],"ix":1},"s":{"a":0,"k":[162,145.455,100],"ix":6}},"ao":0,"shapes":[{"ty":"gr","it":[{"ind":0,"ty":"sh","ix":1,"ks":{"a":0,"k":{"i":[[0,0],[0,0],[0,0],[0,0]],"o":[[0,0],[0,0],[0,0],[0,0]],"v":[[100,16.5],[-100,16.5],[-100,-16.5],[100,-16.5]],"c":true},"ix":2},"nm":"Path 1","mn":"ADBE Vector Shape - Group","hd":false},{"ty":"fl","c":{"a":1,"k":[{"i":{"x":[0.667],"y":[1]},"o":{"x":[0.333],"y":[0]},"t":6.005,"s":[1,1,1,1]},{"t":9.0078125,"s":[0.40000000596,0.20000000298,0.466666668653,1]}],"ix":4},"o":{"a":0,"k":100,"ix":5},"r":1,"bm":0,"nm":"Fill 1","mn":"ADBE Vector Graphic - Fill","hd":false},{"ty":"tr","p":{"a":0,"k":[250,250],"ix":2},"a":{"a":0,"k":[0,0],"ix":1},"s":{"a":1,"k":[{"i":{"x":[0.667,0.667],"y":[1.384,1.384]},"o":{"x":[0.333,0.333],"y":[0,0]},"t":1,"s":[100,100]},{"i":{"x":[0.667,0.667],"y":[1,1]},"o":{"x":[0.333,0.333],"y":[0.192,0.192]},"t":3.002,"s":[99,99]},{"i":{"x":[0.667,0.667],"y":[1,1]},"o":{"x":[0.333,0.333],"y":[0,0]},"t":6.005,"s":[102,102]},{"t":9.0078125,"s":[100,100]}],"ix":3},"r":{"a":0,"k":0,"ix":6},"o":{"a":0,"k":100,"ix":7},"sk":{"a":0,"k":0,"ix":4},"sa":{"a":0,"k":0,"ix":5},"nm":"Transform"}],"nm":"card","np":2,"cix":2,"bm":0,"ix":1,"mn":"ADBE Vector Group","hd":false}],"ip":0,"op":900.4004004004,"st":0,"bm":0}],"markers":[],"chars":[{"ch":"a","size":32,"style":"Regular","w":60.01,"data":{"shapes":[{"ty":"gr","it":[{"ind":0,"ty":"sh","ix":1,"ks":{"a":0,"k":{"i":[[0,0],[-0.423,0.391],[0,0.586],[0.423,0.375],[1.009,0],[0,0],[0,0],[2.897,2.556],[5.176,0],[5.078,-1.367],[0.455,-0.488],[0,-0.553],[-0.375,-0.391],[-0.521,0],[-1.042,0.326],[-3.191,0],[-2.084,-1.66],[0,-2.246],[0,0],[2.213,0.244],[1.888,0],[3.645,-2.962],[0,-3.971],[-2.767,-2.49],[-4.916,0],[-5.957,5.013],[0,0]],"o":[[1.009,0],[0.423,-0.391],[0,-0.618],[-0.423,-0.374],[0,0],[0,0],[0,-3.223],[-2.898,-2.555],[-2.605,0],[-3.223,0.847],[-0.326,0.326],[0,0.586],[0.374,0.391],[0.293,0],[5.762,-1.855],[4.166,0],[2.083,1.66],[0,0],[-2.572,-0.52],[-2.214,-0.244],[-6.999,0],[-3.646,2.962],[0,3.613],[2.766,2.49],[6.77,0],[0,0],[0,0]],"v":[[51.416,0],[53.564,-0.586],[54.199,-2.051],[53.564,-3.54],[51.416,-4.102],[45.947,-4.102],[45.947,-31.25],[41.602,-39.917],[29.492,-43.75],[17.969,-41.699],[12.451,-39.697],[11.963,-38.379],[12.524,-36.914],[13.867,-36.328],[15.869,-36.816],[29.297,-39.6],[38.672,-37.109],[41.797,-31.25],[41.797,-24.609],[34.619,-25.757],[28.467,-26.123],[12.5,-21.68],[7.031,-11.279],[11.182,-2.124],[22.705,1.611],[41.797,-5.908],[41.797,0]],"c":true},"ix":2},"nm":"a","mn":"ADBE Vector Shape - Group","hd":false},{"ind":1,"ty":"sh","ix":2,"ks":{"a":0,"k":{"i":[[0,0],[3.043,-1.416],[3.548,0],[1.936,1.693],[0,2.474],[-2.539,1.921],[-5.957,0],[-2.148,-0.26],[-1.921,-0.553]],"o":[[-3.223,3.093],[-3.044,1.416],[-3.711,0],[-1.937,-1.692],[0,-2.669],[3.352,-2.571],[2.376,0],[2.148,0.261],[0,0]],"v":[[41.797,-11.377],[32.397,-4.614],[22.51,-2.49],[14.038,-5.029],[11.133,-11.279],[14.941,-18.164],[28.906,-22.021],[35.693,-21.631],[41.797,-20.41]],"c":true},"ix":2},"nm":"a","mn":"ADBE Vector Shape - Group","hd":false}],"nm":"a","np":5,"cix":2,"bm":0,"ix":1,"mn":"ADBE Vector Group","hd":false}]},"fFamily":"Courier New"},{"ch":"d","size":32,"style":"Regular","w":60.01,"data":{"shapes":[{"ty":"gr","it":[{"ind":0,"ty":"sh","ix":1,"ks":{"a":0,"k":{"i":[[0,0],[0.423,-0.391],[0,-0.586],[-0.423,-0.391],[-1.009,0],[0,0],[0,0],[7.161,0],[3.401,-1.985],[1.969,-3.629],[0,-3.906],[-1.97,-3.645],[-3.402,-1.969],[-3.711,0],[-4.753,6.511],[0,0],[0,0],[-0.423,0.391],[0,0.586],[0.423,0.375],[1.009,0],[0,0],[0,0]],"o":[[-1.009,0],[-0.423,0.391],[0,0.619],[0.423,0.391],[0,0],[0,0],[-4.883,-6.51],[-3.744,0],[-3.402,1.986],[-1.97,3.63],[0,3.874],[1.969,3.646],[3.401,1.969],[7.324,0],[0,0],[0,0],[1.009,0],[0.423,-0.391],[0,-0.618],[-0.423,-0.374],[0,0],[0,0],[0,0]],"v":[[40.479,-61.279],[38.33,-60.693],[37.695,-59.229],[38.33,-57.715],[40.479,-57.129],[45.947,-57.129],[45.947,-33.984],[27.881,-43.75],[17.163,-40.771],[9.106,-32.349],[6.152,-21.045],[9.106,-9.766],[17.163,-1.343],[27.832,1.611],[45.947,-8.154],[45.947,0],[55.566,0],[57.715,-0.586],[58.35,-2.051],[57.715,-3.54],[55.566,-4.102],[50.098,-4.102],[50.098,-61.279]],"c":true},"ix":2},"nm":"d","mn":"ADBE Vector Shape - Group","hd":false},{"ind":1,"ty":"sh","ix":2,"ks":{"a":0,"k":{"i":[[3.516,-3.596],[4.85,0],[3.516,3.597],[0,5.176],[-3.516,3.581],[-4.883,0],[-3.516,-3.58],[0,-5.208]],"o":[[-3.516,3.597],[-4.883,0],[-3.516,-3.596],[0,-5.208],[3.516,-3.58],[4.85,0],[3.516,3.581],[0,5.176]],"v":[[40.674,-7.886],[28.125,-2.49],[15.527,-7.886],[10.254,-21.045],[15.527,-34.229],[28.125,-39.6],[40.674,-34.229],[45.947,-21.045]],"c":true},"ix":2},"nm":"d","mn":"ADBE Vector Shape - Group","hd":false}],"nm":"d","np":5,"cix":2,"bm":0,"ix":1,"mn":"ADBE Vector Group","hd":false}]},"fFamily":"Courier New"},{"ch":"m","size":32,"style":"Regular","w":60.01,"data":{"shapes":[{"ty":"gr","it":[{"ind":0,"ty":"sh","ix":1,"ks":{"a":0,"k":{"i":[[0,0],[0.423,-0.391],[0,-0.586],[-0.423,-0.391],[-0.977,0],[0,0],[0,0],[0,0],[0.423,-0.374],[0,-0.618],[-0.423,-0.391],[-0.977,0],[0,0],[-0.423,0.391],[0,0.586],[0.423,0.375],[0.977,0],[0,0],[0,0],[-1.986,1.335],[-1.465,0],[-1.286,-1.416],[0,-2.18],[0,0],[0,0],[-0.423,0.391],[0,0.586],[0.423,0.375],[0.977,0],[0,0],[0,0],[-1.66,1.123],[-1.498,0],[-1.27,-1.367],[0,-2.083],[0,0],[0,0],[-0.423,0.391],[0,0.586],[0.423,0.375],[0.977,0],[0,0],[0,0],[2.311,2.474],[2.962,0],[1.871,-1.123],[1.823,-2.278],[1.595,1.123],[2.116,0],[3.483,-3.743],[0,0]],"o":[[-0.977,0],[-0.423,0.391],[0,0.619],[0.423,0.391],[0,0],[0,0],[0,0],[-0.977,0],[-0.423,0.375],[0,0.586],[0.423,0.391],[0,0],[0.977,0],[0.423,-0.391],[0,-0.618],[-0.423,-0.374],[0,0],[0,0],[2.18,-3.255],[1.432,-0.944],[1.595,0],[1.286,1.416],[0,0],[0,0],[0.977,0],[0.423,-0.391],[0,-0.618],[-0.423,-0.374],[0,0],[0,0],[2.116,-3.288],[1.66,-1.123],[1.66,0],[1.27,1.367],[0,0],[0,0],[0.977,0],[0.423,-0.391],[0,-0.618],[-0.423,-0.374],[0,0],[0,0],[0,-2.93],[-1.758,-1.92],[-1.888,0],[-1.872,1.123],[-1.074,-2.278],[-1.595,-1.123],[-3.516,0],[0,0],[0,0]],"v":[[3.76,-42.285],[1.66,-41.699],[1.025,-40.234],[1.66,-38.721],[3.76,-38.135],[7.227,-38.135],[7.227,-4.102],[3.76,-4.102],[1.66,-3.54],[1.025,-2.051],[1.66,-0.586],[3.76,0],[14.795,0],[16.895,-0.586],[17.529,-2.051],[16.895,-3.54],[14.795,-4.102],[11.328,-4.102],[11.328,-31.299],[17.578,-38.184],[21.924,-39.6],[26.245,-37.476],[28.174,-32.08],[28.174,0],[35.742,0],[37.842,-0.586],[38.477,-2.051],[37.842,-3.54],[35.742,-4.102],[32.324,-4.102],[32.324,-31.299],[37.988,-37.915],[42.725,-39.6],[47.119,-37.549],[49.023,-32.373],[49.023,0],[56.592,0],[58.691,-0.586],[59.326,-2.051],[58.691,-3.54],[56.592,-4.102],[53.125,-4.102],[53.125,-32.764],[49.658,-40.869],[42.578,-43.75],[36.938,-42.065],[31.396,-36.963],[27.393,-42.065],[21.826,-43.75],[11.328,-38.135],[11.328,-42.285]],"c":true},"ix":2},"nm":"m","mn":"ADBE Vector Shape - Group","hd":false}],"nm":"m","np":3,"cix":2,"bm":0,"ix":1,"mn":"ADBE Vector Group","hd":false}]},"fFamily":"Courier New"},{"ch":"i","size":32,"style":"Regular","w":60.01,"data":{"shapes":[{"ty":"gr","it":[{"ind":0,"ty":"sh","ix":1,"ks":{"a":0,"k":{"i":[[0,0],[0,0],[0,0],[0,0]],"o":[[0,0],[0,0],[0,0],[0,0]],"v":[[25.977,-63.33],[25.977,-52.734],[32.031,-52.734],[32.031,-63.33]],"c":true},"ix":2},"nm":"i","mn":"ADBE Vector Shape - Group","hd":false},{"ind":1,"ty":"sh","ix":2,"ks":{"a":0,"k":{"i":[[0,0],[0.423,-0.391],[0,-0.618],[-0.439,-0.391],[-0.977,0],[0,0],[0,0],[0,0],[0.423,-0.374],[0,-0.618],[-0.423,-0.391],[-0.977,0],[0,0],[-0.423,0.391],[0,0.586],[0.423,0.375],[1.009,0],[0,0],[0,0]],"o":[[-1.009,0],[-0.423,0.391],[0,0.586],[0.439,0.391],[0,0],[0,0],[0,0],[-0.977,0],[-0.423,0.375],[0,0.586],[0.423,0.391],[0,0],[1.009,0],[0.423,-0.391],[0,-0.618],[-0.423,-0.374],[0,0],[0,0],[0,0]],"v":[[16.113,-42.285],[13.965,-41.699],[13.33,-40.186],[13.989,-38.721],[16.113,-38.135],[28.076,-38.135],[28.076,-4.102],[11.963,-4.102],[9.863,-3.54],[9.229,-2.051],[9.863,-0.586],[11.963,0],[48.291,0],[50.439,-0.586],[51.074,-2.051],[50.439,-3.54],[48.291,-4.102],[32.178,-4.102],[32.178,-42.285]],"c":true},"ix":2},"nm":"i","mn":"ADBE Vector Shape - Group","hd":false}],"nm":"i","np":5,"cix":2,"bm":0,"ix":1,"mn":"ADBE Vector Group","hd":false}]},"fFamily":"Courier New"},{"ch":"n","size":32,"style":"Regular","w":60.01,"data":{"shapes":[{"ty":"gr","it":[{"ind":0,"ty":"sh","ix":1,"ks":{"a":0,"k":{"i":[[0,0],[0.423,-0.391],[0,-0.586],[-0.423,-0.391],[-0.977,0],[0,0],[0,0],[0,0],[0.423,-0.374],[0,-0.618],[-0.423,-0.391],[-0.977,0],[0,0],[-0.423,0.391],[0,0.586],[0.423,0.375],[0.977,0],[0,0],[0,0],[-1.986,1.091],[-2.702,0],[-2.116,-2.002],[0,-2.897],[0,0],[0,0],[0.423,-0.374],[0,-0.618],[-0.423,-0.391],[-1.009,0],[0,0],[-0.423,0.391],[0,0.586],[0.423,0.375],[0.977,0],[0,0],[0,0],[1.481,2.263],[1.823,0.977],[3.125,0],[2.311,-1.106],[2.864,-2.897],[0,0]],"o":[[-0.977,0],[-0.423,0.391],[0,0.619],[0.423,0.391],[0,0],[0,0],[0,0],[-0.977,0],[-0.423,0.375],[0,0.586],[0.423,0.391],[0,0],[0.977,0],[0.423,-0.391],[0,-0.618],[-0.423,-0.374],[0,0],[0,0],[3.678,-4.329],[1.985,-1.09],[3.548,0],[2.116,2.002],[0,0],[0,0],[-1.009,0],[-0.423,0.375],[0,0.586],[0.423,0.391],[0,0],[0.977,0],[0.423,-0.391],[0,-0.618],[-0.423,-0.374],[0,0],[0,0],[0,-2.376],[-1.482,-2.262],[-2.572,-1.334],[-2.898,0],[-2.312,1.107],[0,0],[0,0]],"v":[[9.18,-42.285],[7.08,-41.699],[6.445,-40.234],[7.08,-38.721],[9.18,-38.135],[12.646,-38.135],[12.646,-4.102],[8.008,-4.102],[5.908,-3.54],[5.273,-2.051],[5.908,-0.586],[8.008,0],[21.387,0],[23.486,-0.586],[24.121,-2.051],[23.486,-3.54],[21.387,-4.102],[16.748,-4.102],[16.748,-29.834],[25.244,-37.964],[32.275,-39.6],[40.771,-36.597],[43.945,-29.248],[43.945,-4.102],[40.527,-4.102],[38.379,-3.54],[37.744,-2.051],[38.379,-0.586],[40.527,0],[51.514,0],[53.613,-0.586],[54.248,-2.051],[53.613,-3.54],[51.514,-4.102],[48.047,-4.102],[48.047,-29.932],[45.825,-36.89],[40.869,-41.748],[32.324,-43.75],[24.512,-42.09],[16.748,-36.084],[16.748,-42.285]],"c":true},"ix":2},"nm":"n","mn":"ADBE Vector Shape - Group","hd":false}],"nm":"n","np":3,"cix":2,"bm":0,"ix":1,"mn":"ADBE Vector Group","hd":false}]},"fFamily":"Courier New"},{"ch":"0","size":32,"style":"Regular","w":60.01,"data":{"shapes":[{"ty":"gr","it":[{"ind":0,"ty":"sh","ix":1,"ks":{"a":0,"k":{"i":[[0.716,2.8],[1.106,2.377],[0.977,1.107],[2.116,0.961],[2.441,0],[3.288,-4.036],[0,-8.854],[0,0],[-0.749,-2.799],[-1.123,-2.376],[-0.945,-1.074],[-2.132,-0.96],[-2.409,0],[-3.288,4.037],[0,8.822],[0,0]],"o":[[-0.521,-1.953],[-1.107,-2.376],[-1.498,-1.725],[-2.116,-0.96],[-5.013,0],[-4.199,5.144],[0,0],[0,3.744],[0.488,1.986],[1.123,2.377],[1.497,1.726],[2.132,0.96],[5.013,0],[4.199,-5.143],[0,0],[0,-3.776]],"v":[[47.754,-45.557],[45.313,-52.051],[42.188,-57.275],[36.768,-61.304],[29.932,-62.744],[17.48,-56.689],[11.182,-35.693],[11.182,-25.537],[12.305,-15.723],[14.722,-9.18],[17.822,-4.004],[23.267,0.024],[30.078,1.465],[42.529,-4.59],[48.828,-25.537],[48.828,-35.693]],"c":true},"ix":2},"nm":"0","mn":"ADBE Vector Shape - Group","hd":false},{"ind":1,"ty":"sh","ix":2,"ks":{"a":0,"k":{"i":[[0,0],[2.604,-4.704],[4.557,0],[1.855,1.172],[0.781,1.107],[1.09,3.353],[0,3.874],[0,0],[-2.605,4.688],[-4.59,0],[-1.855,-1.139],[-0.814,-1.139],[-1.091,-3.336],[0,-3.873]],"o":[[0,6.25],[-2.605,4.704],[-2.344,0],[-1.302,-0.813],[-1.4,-1.985],[-1.091,-3.352],[0,0],[0,-6.25],[2.604,-4.688],[2.311,0],[1.302,0.814],[1.367,1.986],[1.09,3.337],[0,0]],"v":[[44.727,-26.123],[40.82,-9.692],[30.078,-2.637],[23.779,-4.395],[20.654,-7.275],[16.919,-15.283],[15.283,-26.123],[15.283,-35.156],[19.189,-51.563],[29.98,-58.594],[36.23,-56.885],[39.404,-53.955],[43.091,-45.972],[44.727,-35.156]],"c":true},"ix":2},"nm":"0","mn":"ADBE Vector Shape - Group","hd":false}],"nm":"0","np":5,"cix":2,"bm":0,"ix":1,"mn":"ADBE Vector Group","hd":false}]},"fFamily":"Courier New"},{"ch":"1","size":32,"style":"Regular","w":60.01,"data":{"shapes":[{"ty":"gr","it":[{"ind":0,"ty":"sh","ix":1,"ks":{"a":0,"k":{"i":[[0,0],[0.26,-0.26],[0,-0.488],[-0.407,-0.407],[-0.488,0],[-0.652,0.195],[0,0],[0,0],[0,0],[0.423,-0.374],[0,-0.618],[-0.423,-0.391],[-0.977,0],[0,0],[-0.423,0.391],[0,0.586],[0.423,0.375],[0.977,0],[0,0],[0,0]],"o":[[-0.814,0.293],[-0.326,0.423],[0,0.554],[0.407,0.407],[0.293,0],[0,0],[0,0],[0,0],[-0.977,0],[-0.423,0.375],[0,0.586],[0.423,0.391],[0,0],[0.977,0],[0.423,-0.391],[0,-0.618],[-0.423,-0.374],[0,0],[0,0],[0,0]],"v":[[13.281,-56.201],[11.67,-55.371],[11.182,-54.004],[11.792,-52.563],[13.135,-51.953],[14.551,-52.246],[27.93,-56.445],[27.93,-4.102],[13.867,-4.102],[11.768,-3.54],[11.133,-2.051],[11.768,-0.586],[13.867,0],[46.094,0],[48.193,-0.586],[48.828,-2.051],[48.193,-3.54],[46.094,-4.102],[32.031,-4.102],[32.031,-62.109]],"c":true},"ix":2},"nm":"1","mn":"ADBE Vector Shape - Group","hd":false}],"nm":"1","np":3,"cix":2,"bm":0,"ix":1,"mn":"ADBE Vector Group","hd":false}]},"fFamily":"Courier New"}]}