{"v":"5.5.2","fr":30,"ip":0,"op":31,"w":336,"h":56,"nm":"phone_card04","ddd":0,"assets":[],"fonts":{"list":[{"fName":"CourierNewPSMT","fFamily":"Courier New","fStyle":"Regular","ascent":61.2991333007813}]},"layers":[{"ddd":0,"ind":1,"ty":5,"nm":"title","sr":1,"ks":{"o":{"a":0,"k":100,"ix":11},"r":{"a":0,"k":0,"ix":10},"p":{"a":0,"k":[91.102,34.125,0],"ix":2},"a":{"a":0,"k":[0,0,0],"ix":1},"s":{"a":0,"k":[100,100,100],"ix":6}},"ao":0,"t":{"d":{"k":[{"s":{"s":32,"f":"CourierNewPSMT","t":"pA33w0rd","j":0,"tr":0,"lh":38.4,"ls":0,"fc":[0.4,0.2,0.467]},"t":0}]},"p":{},"m":{"g":1,"a":{"a":0,"k":[0,0],"ix":2}},"a":[{"nm":"Animator 1","s":{"t":0,"xe":{"a":0,"k":0,"ix":7},"ne":{"a":0,"k":0,"ix":8},"a":{"a":0,"k":100,"ix":4},"b":1,"rn":0,"sh":1,"r":1},"a":{"fc":{"a":1,"k":[{"i":{"x":[0.833],"y":[0.833]},"o":{"x":[0.167],"y":[0.167]},"t":5.506,"s":[0.40000000596,0.20000000298,0.466666668653,1]},{"t":8.5087890625,"s":[1,1,1,1]}],"ix":12}}}]},"ip":0,"op":900.4004004004,"st":0,"bm":0},{"ddd":0,"ind":2,"ty":4,"nm":"card_body","sr":1,"ks":{"o":{"a":0,"k":100,"ix":11},"r":{"a":0,"k":0,"ix":10},"p":{"a":0,"k":[168,28,0],"ix":2},"a":{"a":0,"k":[250,250,0],"ix":1},"s":{"a":0,"k":[162,145.455,100],"ix":6}},"ao":0,"shapes":[{"ty":"gr","it":[{"ind":0,"ty":"sh","ix":1,"ks":{"a":0,"k":{"i":[[0,0],[0,0],[0,0],[0,0]],"o":[[0,0],[0,0],[0,0],[0,0]],"v":[[100,16.5],[-100,16.5],[-100,-16.5],[100,-16.5]],"c":true},"ix":2},"nm":"Path 1","mn":"ADBE Vector Shape - Group","hd":false},{"ty":"fl","c":{"a":1,"k":[{"i":{"x":[0.667],"y":[1]},"o":{"x":[0.333],"y":[0]},"t":6.005,"s":[1,1,1,1]},{"t":9.0078125,"s":[0.40000000596,0.20000000298,0.466666668653,1]}],"ix":4},"o":{"a":0,"k":100,"ix":5},"r":1,"bm":0,"nm":"Fill 1","mn":"ADBE Vector Graphic - Fill","hd":false},{"ty":"tr","p":{"a":0,"k":[250,250],"ix":2},"a":{"a":0,"k":[0,0],"ix":1},"s":{"a":1,"k":[{"i":{"x":[0.667,0.667],"y":[1.384,1.384]},"o":{"x":[0.333,0.333],"y":[0,0]},"t":1,"s":[100,100]},{"i":{"x":[0.667,0.667],"y":[1,1]},"o":{"x":[0.333,0.333],"y":[0.192,0.192]},"t":3.002,"s":[99,99]},{"i":{"x":[0.667,0.667],"y":[1,1]},"o":{"x":[0.333,0.333],"y":[0,0]},"t":6.005,"s":[102,102]},{"t":9.0078125,"s":[100,100]}],"ix":3},"r":{"a":0,"k":0,"ix":6},"o":{"a":0,"k":100,"ix":7},"sk":{"a":0,"k":0,"ix":4},"sa":{"a":0,"k":0,"ix":5},"nm":"Transform"}],"nm":"card","np":2,"cix":2,"bm":0,"ix":1,"mn":"ADBE Vector Group","hd":false}],"ip":0,"op":900.4004004004,"st":0,"bm":0}],"markers":[],"chars":[{"ch":"p","size":32,"style":"Regular","w":60.01,"data":{"shapes":[{"ty":"gr","it":[{"ind":0,"ty":"sh","ix":1,"ks":{"a":0,"k":{"i":[[0,0],[0.423,-0.391],[0,-0.586],[-0.423,-0.391],[-0.977,0],[0,0],[0,0],[0,0],[0.423,-0.375],[0,-0.619],[-0.423,-0.375],[-0.977,0],[0,0],[-0.423,0.391],[0,0.586],[0.423,0.374],[0.977,0],[0,0],[0,0],[-7.324,0],[-4.216,4.183],[0,5.892],[1.871,3.369],[3.418,1.888],[4.036,0],[2.799,-1.497],[2.441,-2.962],[0,0]],"o":[[-0.977,0],[-0.423,0.391],[0,0.619],[0.423,0.391],[0,0],[0,0],[0,0],[-0.977,0],[-0.423,0.374],[0,0.618],[0.423,0.374],[0,0],[0.977,0],[0.423,-0.391],[0,-0.619],[-0.423,-0.375],[0,0],[0,0],[4.557,5.957],[6.152,0],[4.215,-4.182],[0,-3.711],[-1.872,-3.369],[-3.418,-1.888],[-3.809,0],[-2.8,1.498],[0,0],[0,0]],"v":[[4.932,-42.285],[2.832,-41.699],[2.197,-40.234],[2.832,-38.721],[4.932,-38.135],[10.449,-38.135],[10.449,14.746],[4.932,14.746],[2.832,15.308],[2.197,16.797],[2.832,18.286],[4.932,18.848],[24.512,18.848],[26.611,18.262],[27.246,16.797],[26.611,15.308],[24.512,14.746],[14.551,14.746],[14.551,-9.961],[32.373,-1.025],[47.925,-7.3],[54.248,-22.412],[51.44,-33.032],[43.506,-40.918],[32.324,-43.75],[22.412,-41.504],[14.551,-34.814],[14.551,-42.285]],"c":true},"ix":2},"nm":"p","mn":"ADBE Vector Shape - Group","hd":false},{"ind":1,"ty":"sh","ix":2,"ks":{"a":0,"k":{"i":[[3.45,-3.369],[4.915,0],[3.45,3.386],[0,4.72],[-3.451,3.386],[-4.98,0],[-3.435,-3.369],[0,-4.72]],"o":[[-3.451,3.369],[-4.98,0],[-3.451,-3.385],[0,-4.688],[3.45,-3.385],[4.948,0],[3.434,3.369],[0,4.753]],"v":[[44.922,-10.229],[32.373,-5.176],[19.727,-10.254],[14.551,-22.412],[19.727,-34.521],[32.373,-39.6],[44.946,-34.546],[50.098,-22.412]],"c":true},"ix":2},"nm":"p","mn":"ADBE Vector Shape - Group","hd":false}],"nm":"p","np":5,"cix":2,"bm":0,"ix":1,"mn":"ADBE Vector Group","hd":false}]},"fFamily":"Courier New"},{"ch":"A","size":32,"style":"Regular","w":60.01,"data":{"shapes":[{"ty":"gr","it":[{"ind":0,"ty":"sh","ix":1,"ks":{"a":0,"k":{"i":[[0,0],[0,0],[0.423,-0.374],[0,-0.618],[-0.423,-0.391],[-1.009,0],[0,0],[-0.423,0.391],[0,0.586],[0.423,0.375],[0.977,0],[0,0],[0,0],[0,0],[0.423,-0.374],[0,-0.618],[-0.423,-0.374],[-0.977,0],[0,0],[0,0],[0,0],[0.423,-0.374],[0,-0.618],[-0.423,-0.391],[-0.977,0],[0,0],[-0.423,0.391],[0,0.586],[0.423,0.375],[0.977,0],[0,0],[0,0],[0,0]],"o":[[0,0],[-1.009,0],[-0.423,0.375],[0,0.586],[0.423,0.391],[0,0],[0.977,0],[0.423,-0.391],[0,-0.618],[-0.423,-0.374],[0,0],[0,0],[0,0],[-0.977,0],[-0.423,0.375],[0,0.619],[0.423,0.375],[0,0],[0,0],[0,0],[-0.977,0],[-0.423,0.375],[0,0.586],[0.423,0.391],[0,0],[0.977,0],[0.423,-0.391],[0,-0.618],[-0.423,-0.374],[0,0],[0,0],[0,0],[0,0]],"v":[[49.121,-4.102],[41.309,-4.102],[39.16,-3.54],[38.525,-2.051],[39.16,-0.586],[41.309,0],[56.592,0],[58.691,-0.586],[59.326,-2.051],[58.691,-3.54],[56.592,-4.102],[53.418,-4.102],[33.398,-57.129],[12.744,-57.129],[10.645,-56.567],[10.01,-55.078],[10.645,-53.589],[12.744,-53.027],[24.854,-53.027],[6.738,-4.102],[3.564,-4.102],[1.465,-3.54],[0.83,-2.051],[1.465,-0.586],[3.564,0],[18.896,0],[20.996,-0.586],[21.631,-2.051],[20.996,-3.54],[18.896,-4.102],[11.035,-4.102],[16.553,-19.092],[43.506,-19.092]],"c":true},"ix":2},"nm":"A","mn":"ADBE Vector Shape - Group","hd":false},{"ind":1,"ty":"sh","ix":2,"ks":{"a":0,"k":{"i":[[0,0],[0,0],[0,0],[0,0]],"o":[[0,0],[0,0],[0,0],[0,0]],"v":[[18.115,-23.193],[29.102,-53.027],[30.615,-53.027],[41.943,-23.193]],"c":true},"ix":2},"nm":"A","mn":"ADBE Vector Shape - Group","hd":false}],"nm":"A","np":5,"cix":2,"bm":0,"ix":1,"mn":"ADBE Vector Group","hd":false}]},"fFamily":"Courier New"},{"ch":"3","size":32,"style":"Regular","w":60.01,"data":{"shapes":[{"ty":"gr","it":[{"ind":0,"ty":"sh","ix":1,"ks":{"a":0,"k":{"i":[[-1.595,2.441],[0,2.734],[3.32,3.109],[5.176,0],[3.938,-2.766],[0,-1.302],[-0.391,-0.374],[-0.554,0],[-0.277,0.146],[-0.521,0.652],[-2.377,0.977],[-2.832,0],[-2.507,-2.344],[0,-3.059],[2.393,-2.246],[3.678,0],[0,0],[0.407,-0.391],[0,-0.586],[-0.423,-0.374],[-0.977,0],[-2.962,-1.35],[-1.579,-2.344],[0,-2.441],[3.206,-2.979],[4.752,0],[5.045,3.744],[0.52,0],[0.374,-0.391],[0,-0.52],[-0.488,-0.52],[-3.777,-1.497],[-3.516,0],[-3.988,3.76],[0,4.916],[1.985,2.946],[3.776,1.693]],"o":[[1.595,-2.441],[0,-4.297],[-3.32,-3.108],[-5.013,0],[-2.832,1.986],[0,0.521],[0.391,0.375],[0.358,0],[0.276,-0.146],[1.432,-1.692],[2.376,-0.977],[4.036,0],[2.506,2.344],[0,2.962],[-2.393,2.246],[0,0],[-0.814,0],[-0.407,0.391],[0,0.619],[0.423,0.375],[3.027,0],[2.962,1.351],[1.579,2.344],[0,3.646],[-3.207,2.979],[-5.632,0],[-0.652,-0.488],[-0.521,0],[-0.375,0.391],[0,0.586],[1.497,1.563],[3.776,1.497],[5.989,0],[3.987,-3.76],[0,-3.19],[-1.986,-2.946],[3.092,-1.465]],"v":[[45.459,-39.209],[47.852,-46.973],[42.871,-58.081],[30.127,-62.744],[16.699,-58.594],[12.451,-53.662],[13.037,-52.319],[14.453,-51.758],[15.405,-51.978],[16.602,-53.174],[22.314,-57.178],[30.127,-58.643],[39.941,-55.127],[43.701,-47.021],[40.112,-39.209],[31.006,-35.84],[27.49,-35.889],[25.659,-35.303],[25.049,-33.838],[25.684,-32.349],[27.783,-31.787],[36.768,-29.761],[43.579,-24.219],[45.947,-17.041],[41.138,-7.104],[29.199,-2.637],[13.184,-8.252],[11.426,-8.984],[10.083,-8.398],[9.521,-7.031],[10.254,-5.371],[18.164,-0.781],[29.102,1.465],[44.067,-4.175],[50.049,-17.188],[47.07,-26.392],[38.428,-33.35]],"c":true},"ix":2},"nm":"3","mn":"ADBE Vector Shape - Group","hd":false}],"nm":"3","np":3,"cix":2,"bm":0,"ix":1,"mn":"ADBE Vector Group","hd":false}]},"fFamily":"Courier New"},{"ch":"w","size":32,"style":"Regular","w":60.01,"data":{"shapes":[{"ty":"gr","it":[{"ind":0,"ty":"sh","ix":1,"ks":{"a":0,"k":{"i":[[0,0],[0,0],[-0.423,0.391],[0,0.586],[0.423,0.391],[1.009,0],[0,0],[0.423,-0.391],[0,-0.586],[-0.439,-0.391],[-0.977,0],[0,0],[0,0],[0,0],[0,0],[0,0],[0,0],[0,0],[-0.423,0.391],[0,0.586],[0.423,0.391],[0.977,0],[0,0],[0.423,-0.391],[0,-0.586],[-0.423,-0.391],[-0.977,0],[0,0],[0,0],[0,0],[0,0],[0,0],[0,0]],"o":[[0,0],[1.009,0],[0.423,-0.391],[0,-0.618],[-0.423,-0.391],[0,0],[-1.009,0],[-0.423,0.391],[0,0.619],[0.439,0.391],[0,0],[0,0],[0,0],[0,0],[0,0],[0,0],[0,0],[0.977,0],[0.423,-0.391],[0,-0.618],[-0.423,-0.391],[0,0],[-0.977,0],[-0.423,0.391],[0,0.619],[0.423,0.391],[0,0],[0,0],[0,0],[0,0],[0,0],[0,0],[0,0]],"v":[[52.49,-38.135],[54.443,-38.135],[56.592,-38.721],[57.227,-40.186],[56.592,-41.699],[54.443,-42.285],[43.213,-42.285],[41.064,-41.699],[40.43,-40.234],[41.089,-38.721],[43.213,-38.135],[48.389,-38.135],[41.406,-5.615],[32.422,-31.592],[27.539,-31.592],[18.799,-5.615],[11.523,-38.135],[16.748,-38.135],[18.848,-38.721],[19.482,-40.186],[18.848,-41.699],[16.748,-42.285],[5.469,-42.285],[3.369,-41.699],[2.734,-40.234],[3.369,-38.721],[5.469,-38.135],[7.471,-38.135],[15.967,0],[21.045,0.049],[30.029,-26.318],[39.063,0.049],[44.141,0]],"c":true},"ix":2},"nm":"w","mn":"ADBE Vector Shape - Group","hd":false}],"nm":"w","np":3,"cix":2,"bm":0,"ix":1,"mn":"ADBE Vector Group","hd":false}]},"fFamily":"Courier New"},{"ch":"0","size":32,"style":"Regular","w":60.01,"data":{"shapes":[{"ty":"gr","it":[{"ind":0,"ty":"sh","ix":1,"ks":{"a":0,"k":{"i":[[0.716,2.8],[1.106,2.377],[0.977,1.107],[2.116,0.961],[2.441,0],[3.288,-4.036],[0,-8.854],[0,0],[-0.749,-2.799],[-1.123,-2.376],[-0.945,-1.074],[-2.132,-0.96],[-2.409,0],[-3.288,4.037],[0,8.822],[0,0]],"o":[[-0.521,-1.953],[-1.107,-2.376],[-1.498,-1.725],[-2.116,-0.96],[-5.013,0],[-4.199,5.144],[0,0],[0,3.744],[0.488,1.986],[1.123,2.377],[1.497,1.726],[2.132,0.96],[5.013,0],[4.199,-5.143],[0,0],[0,-3.776]],"v":[[47.754,-45.557],[45.313,-52.051],[42.188,-57.275],[36.768,-61.304],[29.932,-62.744],[17.48,-56.689],[11.182,-35.693],[11.182,-25.537],[12.305,-15.723],[14.722,-9.18],[17.822,-4.004],[23.267,0.024],[30.078,1.465],[42.529,-4.59],[48.828,-25.537],[48.828,-35.693]],"c":true},"ix":2},"nm":"0","mn":"ADBE Vector Shape - Group","hd":false},{"ind":1,"ty":"sh","ix":2,"ks":{"a":0,"k":{"i":[[0,0],[2.604,-4.704],[4.557,0],[1.855,1.172],[0.781,1.107],[1.09,3.353],[0,3.874],[0,0],[-2.605,4.688],[-4.59,0],[-1.855,-1.139],[-0.814,-1.139],[-1.091,-3.336],[0,-3.873]],"o":[[0,6.25],[-2.605,4.704],[-2.344,0],[-1.302,-0.813],[-1.4,-1.985],[-1.091,-3.352],[0,0],[0,-6.25],[2.604,-4.688],[2.311,0],[1.302,0.814],[1.367,1.986],[1.09,3.337],[0,0]],"v":[[44.727,-26.123],[40.82,-9.692],[30.078,-2.637],[23.779,-4.395],[20.654,-7.275],[16.919,-15.283],[15.283,-26.123],[15.283,-35.156],[19.189,-51.563],[29.98,-58.594],[36.23,-56.885],[39.404,-53.955],[43.091,-45.972],[44.727,-35.156]],"c":true},"ix":2},"nm":"0","mn":"ADBE Vector Shape - Group","hd":false}],"nm":"0","np":5,"cix":2,"bm":0,"ix":1,"mn":"ADBE Vector Group","hd":false}]},"fFamily":"Courier New"},{"ch":"r","size":32,"style":"Regular","w":60.01,"data":{"shapes":[{"ty":"gr","it":[{"ind":0,"ty":"sh","ix":1,"ks":{"a":0,"k":{"i":[[0,0],[0.407,-0.391],[0,-0.586],[-0.423,-0.391],[-0.977,0],[0,0],[0,0],[0,0],[0.407,-0.374],[0,-0.553],[-0.423,-0.374],[-0.977,0],[0,0],[-0.423,0.391],[0,0.586],[0.423,0.375],[1.009,0],[0,0],[0,0],[-2.523,1.433],[-1.791,0],[-0.847,-0.423],[-1.14,-1.139],[-0.228,-0.114],[-0.326,0],[-0.407,0.407],[0,0.619],[2.1,1.644],[2.441,0],[2.653,-1.383],[5.338,-4.817],[0,0]],"o":[[-1.009,0],[-0.407,0.391],[0,0.619],[0.423,0.391],[0,0],[0,0],[0,0],[-1.009,0],[-0.407,0.375],[0,0.586],[0.423,0.375],[0,0],[1.009,0],[0.423,-0.391],[0,-0.618],[-0.423,-0.374],[0,0],[0,0],[6.217,-5.566],[2.522,-1.432],[0.813,0],[0.846,0.423],[0.618,0.619],[0.227,0.114],[0.618,0],[0.407,-0.407],[0,-0.846],[-2.1,-1.643],[-2.246,0],[-2.654,1.384],[0,0],[0,0]],"v":[[13.428,-42.285],[11.304,-41.699],[10.693,-40.234],[11.328,-38.721],[13.428,-38.135],[20.996,-38.135],[20.996,-3.955],[11.084,-3.955],[8.96,-3.394],[8.35,-2.002],[8.984,-0.562],[11.084,0],[43.262,0],[45.41,-0.586],[46.045,-2.051],[45.41,-3.54],[43.262,-4.102],[25.098,-4.102],[25.098,-26.563],[38.208,-37.061],[44.678,-39.209],[47.168,-38.574],[50.146,-36.23],[51.416,-35.132],[52.246,-34.961],[53.784,-35.571],[54.395,-37.109],[51.245,-40.845],[44.434,-43.311],[37.085,-41.235],[25.098,-31.934],[25.098,-42.285]],"c":true},"ix":2},"nm":"r","mn":"ADBE Vector Shape - Group","hd":false}],"nm":"r","np":3,"cix":2,"bm":0,"ix":1,"mn":"ADBE Vector Group","hd":false}]},"fFamily":"Courier New"},{"ch":"d","size":32,"style":"Regular","w":60.01,"data":{"shapes":[{"ty":"gr","it":[{"ind":0,"ty":"sh","ix":1,"ks":{"a":0,"k":{"i":[[0,0],[0.423,-0.391],[0,-0.586],[-0.423,-0.391],[-1.009,0],[0,0],[0,0],[7.161,0],[3.401,-1.985],[1.969,-3.629],[0,-3.906],[-1.97,-3.645],[-3.402,-1.969],[-3.711,0],[-4.753,6.511],[0,0],[0,0],[-0.423,0.391],[0,0.586],[0.423,0.375],[1.009,0],[0,0],[0,0]],"o":[[-1.009,0],[-0.423,0.391],[0,0.619],[0.423,0.391],[0,0],[0,0],[-4.883,-6.51],[-3.744,0],[-3.402,1.986],[-1.97,3.63],[0,3.874],[1.969,3.646],[3.401,1.969],[7.324,0],[0,0],[0,0],[1.009,0],[0.423,-0.391],[0,-0.618],[-0.423,-0.374],[0,0],[0,0],[0,0]],"v":[[40.479,-61.279],[38.33,-60.693],[37.695,-59.229],[38.33,-57.715],[40.479,-57.129],[45.947,-57.129],[45.947,-33.984],[27.881,-43.75],[17.163,-40.771],[9.106,-32.349],[6.152,-21.045],[9.106,-9.766],[17.163,-1.343],[27.832,1.611],[45.947,-8.154],[45.947,0],[55.566,0],[57.715,-0.586],[58.35,-2.051],[57.715,-3.54],[55.566,-4.102],[50.098,-4.102],[50.098,-61.279]],"c":true},"ix":2},"nm":"d","mn":"ADBE Vector Shape - Group","hd":false},{"ind":1,"ty":"sh","ix":2,"ks":{"a":0,"k":{"i":[[3.516,-3.596],[4.85,0],[3.516,3.597],[0,5.176],[-3.516,3.581],[-4.883,0],[-3.516,-3.58],[0,-5.208]],"o":[[-3.516,3.597],[-4.883,0],[-3.516,-3.596],[0,-5.208],[3.516,-3.58],[4.85,0],[3.516,3.581],[0,5.176]],"v":[[40.674,-7.886],[28.125,-2.49],[15.527,-7.886],[10.254,-21.045],[15.527,-34.229],[28.125,-39.6],[40.674,-34.229],[45.947,-21.045]],"c":true},"ix":2},"nm":"d","mn":"ADBE Vector Shape - Group","hd":false}],"nm":"d","np":5,"cix":2,"bm":0,"ix":1,"mn":"ADBE Vector Group","hd":false}]},"fFamily":"Courier New"}]}