{"v":"5.5.2","fr":30,"ip":0,"op":31,"w":336,"h":56,"nm":"phone_card05","ddd":0,"assets":[],"fonts":{"list":[{"fName":"CourierNewPSMT","fFamily":"Courier New","fStyle":"Regular","ascent":61.2991333007813}]},"layers":[{"ddd":0,"ind":1,"ty":5,"nm":"title","sr":1,"ks":{"o":{"a":0,"k":100,"ix":11},"r":{"a":0,"k":0,"ix":10},"p":{"a":0,"k":[61.672,34.125,0],"ix":2},"a":{"a":0,"k":[0,0,0],"ix":1},"s":{"a":0,"k":[100,100,100],"ix":6}},"ao":0,"t":{"d":{"k":[{"s":{"s":32,"f":"CourierNewPSMT","t":"anniversary","j":0,"tr":0,"lh":38.4,"ls":0,"fc":[0.4,0.2,0.467]},"t":0}]},"p":{},"m":{"g":1,"a":{"a":0,"k":[0,0],"ix":2}},"a":[{"nm":"Animator 1","s":{"t":0,"xe":{"a":0,"k":0,"ix":7},"ne":{"a":0,"k":0,"ix":8},"a":{"a":0,"k":100,"ix":4},"b":1,"rn":0,"sh":1,"r":1},"a":{"fc":{"a":1,"k":[{"i":{"x":[0.833],"y":[0.833]},"o":{"x":[0.167],"y":[0.167]},"t":5.506,"s":[0.40000000596,0.20000000298,0.466666668653,1]},{"t":8.5087890625,"s":[1,1,1,1]}],"ix":12}}}]},"ip":0,"op":900.4004004004,"st":0,"bm":0},{"ddd":0,"ind":2,"ty":4,"nm":"card_body","sr":1,"ks":{"o":{"a":0,"k":100,"ix":11},"r":{"a":0,"k":0,"ix":10},"p":{"a":0,"k":[168,28,0],"ix":2},"a":{"a":0,"k":[250,250,0],"ix":1},"s":{"a":0,"k":[162,145.455,100],"ix":6}},"ao":0,"shapes":[{"ty":"gr","it":[{"ind":0,"ty":"sh","ix":1,"ks":{"a":0,"k":{"i":[[0,0],[0,0],[0,0],[0,0]],"o":[[0,0],[0,0],[0,0],[0,0]],"v":[[100,16.5],[-100,16.5],[-100,-16.5],[100,-16.5]],"c":true},"ix":2},"nm":"Path 1","mn":"ADBE Vector Shape - Group","hd":false},{"ty":"fl","c":{"a":1,"k":[{"i":{"x":[0.667],"y":[1]},"o":{"x":[0.333],"y":[0]},"t":6.005,"s":[1,1,1,1]},{"t":9.0078125,"s":[0.40000000596,0.20000000298,0.466666668653,1]}],"ix":4},"o":{"a":0,"k":100,"ix":5},"r":1,"bm":0,"nm":"Fill 1","mn":"ADBE Vector Graphic - Fill","hd":false},{"ty":"tr","p":{"a":0,"k":[250,250],"ix":2},"a":{"a":0,"k":[0,0],"ix":1},"s":{"a":1,"k":[{"i":{"x":[0.667,0.667],"y":[1.384,1.384]},"o":{"x":[0.333,0.333],"y":[0,0]},"t":1,"s":[100,100]},{"i":{"x":[0.667,0.667],"y":[1,1]},"o":{"x":[0.333,0.333],"y":[0.192,0.192]},"t":3.002,"s":[99,99]},{"i":{"x":[0.667,0.667],"y":[1,1]},"o":{"x":[0.333,0.333],"y":[0,0]},"t":6.005,"s":[102,102]},{"t":9.0078125,"s":[100,100]}],"ix":3},"r":{"a":0,"k":0,"ix":6},"o":{"a":0,"k":100,"ix":7},"sk":{"a":0,"k":0,"ix":4},"sa":{"a":0,"k":0,"ix":5},"nm":"Transform"}],"nm":"card","np":2,"cix":2,"bm":0,"ix":1,"mn":"ADBE Vector Group","hd":false}],"ip":0,"op":900.4004004004,"st":0,"bm":0}],"markers":[],"chars":[{"ch":"a","size":32,"style":"Regular","w":60.01,"data":{"shapes":[{"ty":"gr","it":[{"ind":0,"ty":"sh","ix":1,"ks":{"a":0,"k":{"i":[[0,0],[-0.423,0.391],[0,0.586],[0.423,0.375],[1.009,0],[0,0],[0,0],[2.897,2.556],[5.176,0],[5.078,-1.367],[0.455,-0.488],[0,-0.553],[-0.375,-0.391],[-0.521,0],[-1.042,0.326],[-3.191,0],[-2.084,-1.66],[0,-2.246],[0,0],[2.213,0.244],[1.888,0],[3.645,-2.962],[0,-3.971],[-2.767,-2.49],[-4.916,0],[-5.957,5.013],[0,0]],"o":[[1.009,0],[0.423,-0.391],[0,-0.618],[-0.423,-0.374],[0,0],[0,0],[0,-3.223],[-2.898,-2.555],[-2.605,0],[-3.223,0.847],[-0.326,0.326],[0,0.586],[0.374,0.391],[0.293,0],[5.762,-1.855],[4.166,0],[2.083,1.66],[0,0],[-2.572,-0.52],[-2.214,-0.244],[-6.999,0],[-3.646,2.962],[0,3.613],[2.766,2.49],[6.77,0],[0,0],[0,0]],"v":[[51.416,0],[53.564,-0.586],[54.199,-2.051],[53.564,-3.54],[51.416,-4.102],[45.947,-4.102],[45.947,-31.25],[41.602,-39.917],[29.492,-43.75],[17.969,-41.699],[12.451,-39.697],[11.963,-38.379],[12.524,-36.914],[13.867,-36.328],[15.869,-36.816],[29.297,-39.6],[38.672,-37.109],[41.797,-31.25],[41.797,-24.609],[34.619,-25.757],[28.467,-26.123],[12.5,-21.68],[7.031,-11.279],[11.182,-2.124],[22.705,1.611],[41.797,-5.908],[41.797,0]],"c":true},"ix":2},"nm":"a","mn":"ADBE Vector Shape - Group","hd":false},{"ind":1,"ty":"sh","ix":2,"ks":{"a":0,"k":{"i":[[0,0],[3.043,-1.416],[3.548,0],[1.936,1.693],[0,2.474],[-2.539,1.921],[-5.957,0],[-2.148,-0.26],[-1.921,-0.553]],"o":[[-3.223,3.093],[-3.044,1.416],[-3.711,0],[-1.937,-1.692],[0,-2.669],[3.352,-2.571],[2.376,0],[2.148,0.261],[0,0]],"v":[[41.797,-11.377],[32.397,-4.614],[22.51,-2.49],[14.038,-5.029],[11.133,-11.279],[14.941,-18.164],[28.906,-22.021],[35.693,-21.631],[41.797,-20.41]],"c":true},"ix":2},"nm":"a","mn":"ADBE Vector Shape - Group","hd":false}],"nm":"a","np":5,"cix":2,"bm":0,"ix":1,"mn":"ADBE Vector Group","hd":false}]},"fFamily":"Courier New"},{"ch":"n","size":32,"style":"Regular","w":60.01,"data":{"shapes":[{"ty":"gr","it":[{"ind":0,"ty":"sh","ix":1,"ks":{"a":0,"k":{"i":[[0,0],[0.423,-0.391],[0,-0.586],[-0.423,-0.391],[-0.977,0],[0,0],[0,0],[0,0],[0.423,-0.374],[0,-0.618],[-0.423,-0.391],[-0.977,0],[0,0],[-0.423,0.391],[0,0.586],[0.423,0.375],[0.977,0],[0,0],[0,0],[-1.986,1.091],[-2.702,0],[-2.116,-2.002],[0,-2.897],[0,0],[0,0],[0.423,-0.374],[0,-0.618],[-0.423,-0.391],[-1.009,0],[0,0],[-0.423,0.391],[0,0.586],[0.423,0.375],[0.977,0],[0,0],[0,0],[1.481,2.263],[1.823,0.977],[3.125,0],[2.311,-1.106],[2.864,-2.897],[0,0]],"o":[[-0.977,0],[-0.423,0.391],[0,0.619],[0.423,0.391],[0,0],[0,0],[0,0],[-0.977,0],[-0.423,0.375],[0,0.586],[0.423,0.391],[0,0],[0.977,0],[0.423,-0.391],[0,-0.618],[-0.423,-0.374],[0,0],[0,0],[3.678,-4.329],[1.985,-1.09],[3.548,0],[2.116,2.002],[0,0],[0,0],[-1.009,0],[-0.423,0.375],[0,0.586],[0.423,0.391],[0,0],[0.977,0],[0.423,-0.391],[0,-0.618],[-0.423,-0.374],[0,0],[0,0],[0,-2.376],[-1.482,-2.262],[-2.572,-1.334],[-2.898,0],[-2.312,1.107],[0,0],[0,0]],"v":[[9.18,-42.285],[7.08,-41.699],[6.445,-40.234],[7.08,-38.721],[9.18,-38.135],[12.646,-38.135],[12.646,-4.102],[8.008,-4.102],[5.908,-3.54],[5.273,-2.051],[5.908,-0.586],[8.008,0],[21.387,0],[23.486,-0.586],[24.121,-2.051],[23.486,-3.54],[21.387,-4.102],[16.748,-4.102],[16.748,-29.834],[25.244,-37.964],[32.275,-39.6],[40.771,-36.597],[43.945,-29.248],[43.945,-4.102],[40.527,-4.102],[38.379,-3.54],[37.744,-2.051],[38.379,-0.586],[40.527,0],[51.514,0],[53.613,-0.586],[54.248,-2.051],[53.613,-3.54],[51.514,-4.102],[48.047,-4.102],[48.047,-29.932],[45.825,-36.89],[40.869,-41.748],[32.324,-43.75],[24.512,-42.09],[16.748,-36.084],[16.748,-42.285]],"c":true},"ix":2},"nm":"n","mn":"ADBE Vector Shape - Group","hd":false}],"nm":"n","np":3,"cix":2,"bm":0,"ix":1,"mn":"ADBE Vector Group","hd":false}]},"fFamily":"Courier New"},{"ch":"i","size":32,"style":"Regular","w":60.01,"data":{"shapes":[{"ty":"gr","it":[{"ind":0,"ty":"sh","ix":1,"ks":{"a":0,"k":{"i":[[0,0],[0,0],[0,0],[0,0]],"o":[[0,0],[0,0],[0,0],[0,0]],"v":[[25.977,-63.33],[25.977,-52.734],[32.031,-52.734],[32.031,-63.33]],"c":true},"ix":2},"nm":"i","mn":"ADBE Vector Shape - Group","hd":false},{"ind":1,"ty":"sh","ix":2,"ks":{"a":0,"k":{"i":[[0,0],[0.423,-0.391],[0,-0.618],[-0.439,-0.391],[-0.977,0],[0,0],[0,0],[0,0],[0.423,-0.374],[0,-0.618],[-0.423,-0.391],[-0.977,0],[0,0],[-0.423,0.391],[0,0.586],[0.423,0.375],[1.009,0],[0,0],[0,0]],"o":[[-1.009,0],[-0.423,0.391],[0,0.586],[0.439,0.391],[0,0],[0,0],[0,0],[-0.977,0],[-0.423,0.375],[0,0.586],[0.423,0.391],[0,0],[1.009,0],[0.423,-0.391],[0,-0.618],[-0.423,-0.374],[0,0],[0,0],[0,0]],"v":[[16.113,-42.285],[13.965,-41.699],[13.33,-40.186],[13.989,-38.721],[16.113,-38.135],[28.076,-38.135],[28.076,-4.102],[11.963,-4.102],[9.863,-3.54],[9.229,-2.051],[9.863,-0.586],[11.963,0],[48.291,0],[50.439,-0.586],[51.074,-2.051],[50.439,-3.54],[48.291,-4.102],[32.178,-4.102],[32.178,-42.285]],"c":true},"ix":2},"nm":"i","mn":"ADBE Vector Shape - Group","hd":false}],"nm":"i","np":5,"cix":2,"bm":0,"ix":1,"mn":"ADBE Vector Group","hd":false}]},"fFamily":"Courier New"},{"ch":"v","size":32,"style":"Regular","w":60.01,"data":{"shapes":[{"ty":"gr","it":[{"ind":0,"ty":"sh","ix":1,"ks":{"a":0,"k":{"i":[[0,0],[0,0],[-0.407,0.391],[0,0.586],[0.407,0.391],[1.009,0],[0,0],[0.423,-0.391],[0,-0.586],[-0.423,-0.391],[-0.977,0],[0,0],[0,0],[0,0],[0,0],[0,0],[-0.423,0.391],[0,0.586],[0.423,0.391],[0.977,0],[0,0],[0.423,-0.391],[0,-0.586],[-0.423,-0.391],[-0.977,0],[0,0],[0,0],[0,0]],"o":[[0,0],[1.009,0],[0.407,-0.391],[0,-0.618],[-0.407,-0.391],[0,0],[-0.977,0],[-0.423,0.391],[0,0.619],[0.423,0.391],[0,0],[0,0],[0,0],[0,0],[0,0],[0.977,0],[0.423,-0.391],[0,-0.618],[-0.423,-0.391],[0,0],[-0.977,0],[-0.423,0.391],[0,0.619],[0.423,0.391],[0,0],[0,0],[0,0],[0,0]],"v":[[50.244,-38.135],[54.395,-38.135],[56.519,-38.721],[57.129,-40.186],[56.519,-41.699],[54.395,-42.285],[38.965,-42.285],[36.865,-41.699],[36.23,-40.234],[36.865,-38.721],[38.965,-38.135],[45.801,-38.135],[31.055,-4.102],[29.248,-4.102],[14.209,-38.135],[20.996,-38.135],[23.096,-38.721],[23.73,-40.186],[23.096,-41.699],[20.996,-42.285],[5.615,-42.285],[3.516,-41.699],[2.881,-40.234],[3.516,-38.721],[5.615,-38.135],[9.814,-38.135],[26.66,0],[33.594,0]],"c":true},"ix":2},"nm":"v","mn":"ADBE Vector Shape - Group","hd":false}],"nm":"v","np":3,"cix":2,"bm":0,"ix":1,"mn":"ADBE Vector Group","hd":false}]},"fFamily":"Courier New"},{"ch":"e","size":32,"style":"Regular","w":60.01,"data":{"shapes":[{"ty":"gr","it":[{"ind":0,"ty":"sh","ix":1,"ks":{"a":0,"k":{"i":[[4.329,4.379],[6.705,0],[4.411,-4.264],[0,-5.957],[-4.704,-4.606],[-7.031,0],[-3.988,1.416],[-1.563,1.628],[0,0.554],[0.391,0.407],[0.52,0],[0.618,-0.488],[3.352,-1.009],[3.059,0],[3.727,3.239],[0.716,5.306],[0,0]],"o":[[-4.33,-4.378],[-6.511,0],[-4.411,4.265],[0,6.543],[4.704,4.607],[4.199,0],[3.987,-1.416],[0.52,-0.52],[0,-0.553],[-0.391,-0.407],[-0.456,0],[-2.116,1.66],[-3.353,1.009],[-5.502,0],[-3.728,-3.239],[0,0],[0.065,-6.966]],"v":[[45.801,-37.183],[29.248,-43.75],[12.866,-37.354],[6.25,-22.021],[13.306,-5.298],[30.908,1.611],[43.188,-0.513],[51.514,-5.078],[52.295,-6.689],[51.709,-8.13],[50.342,-8.74],[48.73,-8.008],[40.527,-4.004],[30.908,-2.49],[17.065,-7.349],[10.4,-20.166],[52.197,-20.166]],"c":true},"ix":2},"nm":"e","mn":"ADBE Vector Shape - Group","hd":false},{"ind":1,"ty":"sh","ix":2,"ks":{"a":0,"k":{"i":[[0,0],[-3.451,2.8],[-4.785,0],[-3.467,-2.832],[-0.814,-4.524]],"o":[[0.846,-4.59],[3.45,-2.799],[4.785,0],[3.467,2.832],[0,0]],"v":[[10.449,-24.316],[16.895,-35.4],[29.248,-39.6],[41.626,-35.352],[48.047,-24.316]],"c":true},"ix":2},"nm":"e","mn":"ADBE Vector Shape - Group","hd":false}],"nm":"e","np":5,"cix":2,"bm":0,"ix":1,"mn":"ADBE Vector Group","hd":false}]},"fFamily":"Courier New"},{"ch":"r","size":32,"style":"Regular","w":60.01,"data":{"shapes":[{"ty":"gr","it":[{"ind":0,"ty":"sh","ix":1,"ks":{"a":0,"k":{"i":[[0,0],[0.407,-0.391],[0,-0.586],[-0.423,-0.391],[-0.977,0],[0,0],[0,0],[0,0],[0.407,-0.374],[0,-0.553],[-0.423,-0.374],[-0.977,0],[0,0],[-0.423,0.391],[0,0.586],[0.423,0.375],[1.009,0],[0,0],[0,0],[-2.523,1.433],[-1.791,0],[-0.847,-0.423],[-1.14,-1.139],[-0.228,-0.114],[-0.326,0],[-0.407,0.407],[0,0.619],[2.1,1.644],[2.441,0],[2.653,-1.383],[5.338,-4.817],[0,0]],"o":[[-1.009,0],[-0.407,0.391],[0,0.619],[0.423,0.391],[0,0],[0,0],[0,0],[-1.009,0],[-0.407,0.375],[0,0.586],[0.423,0.375],[0,0],[1.009,0],[0.423,-0.391],[0,-0.618],[-0.423,-0.374],[0,0],[0,0],[6.217,-5.566],[2.522,-1.432],[0.813,0],[0.846,0.423],[0.618,0.619],[0.227,0.114],[0.618,0],[0.407,-0.407],[0,-0.846],[-2.1,-1.643],[-2.246,0],[-2.654,1.384],[0,0],[0,0]],"v":[[13.428,-42.285],[11.304,-41.699],[10.693,-40.234],[11.328,-38.721],[13.428,-38.135],[20.996,-38.135],[20.996,-3.955],[11.084,-3.955],[8.96,-3.394],[8.35,-2.002],[8.984,-0.562],[11.084,0],[43.262,0],[45.41,-0.586],[46.045,-2.051],[45.41,-3.54],[43.262,-4.102],[25.098,-4.102],[25.098,-26.563],[38.208,-37.061],[44.678,-39.209],[47.168,-38.574],[50.146,-36.23],[51.416,-35.132],[52.246,-34.961],[53.784,-35.571],[54.395,-37.109],[51.245,-40.845],[44.434,-43.311],[37.085,-41.235],[25.098,-31.934],[25.098,-42.285]],"c":true},"ix":2},"nm":"r","mn":"ADBE Vector Shape - Group","hd":false}],"nm":"r","np":3,"cix":2,"bm":0,"ix":1,"mn":"ADBE Vector Group","hd":false}]},"fFamily":"Courier New"},{"ch":"s","size":32,"style":"Regular","w":60.01,"data":{"shapes":[{"ty":"gr","it":[{"ind":0,"ty":"sh","ix":1,"ks":{"a":0,"k":{"i":[[5.664,0],[3.45,-2.067],[0,-3.516],[-1.237,-1.692],[-2.214,-0.846],[-5.095,-0.52],[-2.67,-1.53],[0,-2.539],[2.604,-1.985],[5.338,0],[2.49,1.025],[1.139,1.563],[0,1.498],[0.407,0.407],[0.586,0],[0.374,-0.423],[0,-0.977],[0,0],[-0.391,-0.423],[-0.586,0],[-0.342,0.228],[-0.13,0.326],[0,1.107],[-6.478,0],[-3.353,2.718],[0,3.484],[1.546,2.019],[3.157,1.14],[5.696,0.619],[1.563,0.912],[0,1.953],[-1.921,1.4],[-4.59,0],[-2.67,-1.823],[-0.195,-1.953],[-0.375,-0.358],[-0.554,0],[-0.391,0.423],[0,0.977],[0,0],[0.391,0.423],[0.618,0],[0.391,-0.423],[0,-0.944]],"o":[[-4.785,0],[-3.451,2.068],[0,1.953],[1.237,1.693],[2.213,0.847],[5.094,0.521],[2.637,1.53],[0,2.214],[-2.605,1.986],[-3.613,0],[-2.49,-1.025],[-0.749,-1.009],[0,-0.684],[-0.407,-0.407],[-0.619,0],[-0.375,0.423],[0,0],[0,0.977],[0.391,0.423],[0.423,0],[0.342,-0.227],[0.13,-0.325],[4.134,3.288],[6.477,0],[3.352,-2.718],[0,-2.344],[-1.546,-2.018],[-2.214,-0.781],[-4.362,-0.488],[-2.279,-1.302],[0,-1.725],[2.539,-1.855],[4.395,0],[1.823,1.27],[0.065,0.814],[0.374,0.359],[0.618,0],[0.391,-0.423],[0,0],[0,-1.009],[-0.391,-0.423],[-0.586,0],[-0.391,0.423],[-3.548,-2.766]],"v":[[29.736,-43.75],[17.383,-40.649],[12.207,-32.275],[14.063,-26.807],[19.238,-22.998],[30.2,-20.947],[41.846,-17.871],[45.801,-11.768],[41.895,-5.469],[29.98,-2.49],[20.825,-4.028],[15.381,-7.91],[14.258,-11.67],[13.647,-13.306],[12.158,-13.916],[10.669,-13.281],[10.107,-11.182],[10.107,-2.734],[10.693,-0.635],[12.158,0],[13.306,-0.342],[14.014,-1.172],[14.209,-3.32],[30.127,1.611],[44.873,-2.466],[49.902,-11.768],[47.583,-18.311],[40.527,-23.047],[28.662,-25.146],[19.775,-27.246],[16.357,-32.129],[19.238,-36.816],[29.932,-39.6],[40.527,-36.865],[43.555,-32.031],[44.214,-30.273],[45.605,-29.736],[47.119,-30.371],[47.705,-32.471],[47.705,-39.502],[47.119,-41.65],[45.605,-42.285],[44.141,-41.65],[43.555,-39.6]],"c":true},"ix":2},"nm":"s","mn":"ADBE Vector Shape - Group","hd":false}],"nm":"s","np":3,"cix":2,"bm":0,"ix":1,"mn":"ADBE Vector Group","hd":false}]},"fFamily":"Courier New"},{"ch":"y","size":32,"style":"Regular","w":60.01,"data":{"shapes":[{"ty":"gr","it":[{"ind":0,"ty":"sh","ix":1,"ks":{"a":0,"k":{"i":[[0,0],[0,0],[0.423,-0.375],[0,-0.619],[-0.423,-0.375],[-0.977,0],[0,0],[-0.423,0.391],[0,0.586],[0.423,0.374],[0.977,0],[0,0],[0,0],[-0.326,0.114],[-0.261,0.359],[0,0.423],[0.423,0.391],[1.009,0],[0,0],[0.423,-0.391],[0,-0.586],[-0.423,-0.391],[-0.977,0],[0,0],[0,0],[0,0],[0,0],[-0.423,0.391],[0,0.586],[0.423,0.391],[0.977,0],[0,0],[0.342,-0.146],[0.211,-0.342],[0,-0.423],[-0.423,-0.391],[-0.977,0],[0,0],[0,0]],"o":[[0,0],[-0.977,0],[-0.423,0.374],[0,0.618],[0.423,0.374],[0,0],[0.977,0],[0.423,-0.391],[0,-0.619],[-0.423,-0.375],[0,0],[0,0],[1.497,0],[0.325,-0.114],[0.26,-0.358],[0,-0.618],[-0.423,-0.391],[0,0],[-0.977,0],[-0.423,0.391],[0,0.619],[0.423,0.391],[0,0],[0,0],[0,0],[0,0],[0.977,0],[0.423,-0.391],[0,-0.618],[-0.423,-0.391],[0,0],[-0.716,0],[-0.342,0.146],[-0.212,0.342],[0,0.586],[0.423,0.391],[0,0],[0,0],[0,0]],"v":[[23.047,14.746],[10.205,14.746],[8.105,15.308],[7.471,16.797],[8.105,18.286],[10.205,18.848],[33.838,18.848],[35.938,18.262],[36.572,16.797],[35.938,15.308],[33.838,14.746],[27.441,14.746],[53.418,-38.135],[56.152,-38.306],[57.031,-39.014],[57.422,-40.186],[56.787,-41.699],[54.639,-42.285],[43.457,-42.285],[41.357,-41.699],[40.723,-40.234],[41.357,-38.721],[43.457,-38.135],[48.975,-38.135],[32.471,-4.492],[15.723,-38.135],[21.24,-38.135],[23.34,-38.721],[23.975,-40.186],[23.34,-41.699],[21.24,-42.285],[10.01,-42.285],[8.423,-42.065],[7.593,-41.333],[7.275,-40.186],[7.91,-38.721],[10.01,-38.135],[11.23,-38.135],[30.273,0]],"c":true},"ix":2},"nm":"y","mn":"ADBE Vector Shape - Group","hd":false}],"nm":"y","np":3,"cix":2,"bm":0,"ix":1,"mn":"ADBE Vector Group","hd":false}]},"fFamily":"Courier New"}]}