{"v":"5.5.2","fr":60,"ip":0,"op":38,"w":250,"h":60,"nm":"unsub_button","ddd":0,"assets":[],"fonts":{"list":[{"fName":"OpenSans-Bold","fFamily":"Open Sans","fStyle":"Bold","ascent":75.9994506835938}]},"layers":[{"ddd":0,"ind":1,"ty":5,"nm":"title","sr":1,"ks":{"o":{"a":0,"k":100,"ix":11},"r":{"a":0,"k":0,"ix":10},"p":{"a":0,"k":[53.1,38.25,0],"ix":2},"a":{"a":0,"k":[0,0,0],"ix":1},"s":{"a":0,"k":[100,100,100],"ix":6}},"ao":0,"t":{"d":{"k":[{"s":{"s":22,"f":"OpenSans-Bold","t":"Unsubscribe","j":0,"tr":30,"lh":26.4,"ls":0,"fc":[1,1,1]},"t":0}]},"p":{},"m":{"g":1,"a":{"a":0,"k":[0,0],"ix":2}},"a":[{"nm":"Animator 1","s":{"t":0,"xe":{"a":0,"k":0,"ix":7},"ne":{"a":0,"k":0,"ix":8},"a":{"a":0,"k":100,"ix":4},"b":1,"rn":0,"sh":1,"r":1},"a":{"fc":{"a":1,"k":[{"i":{"x":[0.833],"y":[1]},"o":{"x":[0.333],"y":[0]},"t":0,"s":[1,1,1,1]},{"i":{"x":[0.648],"y":[1]},"o":{"x":[0.306],"y":[0]},"t":6,"s":[0.133333340287,0.784313797951,0.870588302612,1]},{"t":12,"s":[1,1,1,1]}],"ix":12}}}]},"ip":0,"op":1800,"st":0,"bm":0},{"ddd":0,"ind":2,"ty":4,"nm":"button","sr":1,"ks":{"o":{"a":0,"k":100,"ix":11},"r":{"a":0,"k":0,"ix":10},"p":{"a":0,"k":[107,28.5,0],"ix":2},"a":{"a":0,"k":[0,0,0],"ix":1},"s":{"a":1,"k":[{"i":{"x":[0.833,0.833,0.833],"y":[1,1,1]},"o":{"x":[0.167,0.167,0.167],"y":[0,0,0]},"t":0,"s":[100,100,100]},{"i":{"x":[0.573,0.573,0.573],"y":[1,1,1]},"o":{"x":[0.172,0.172,0.172],"y":[0,0,0]},"t":6,"s":[100,100,100]},{"i":{"x":[0.837,0.837,0.837],"y":[1,1,1]},"o":{"x":[0.403,0.403,0.403],"y":[0,0,0]},"t":12,"s":[100,100,100]},{"i":{"x":[0.833,0.833,0.833],"y":[1,1,1]},"o":{"x":[0.167,0.167,0.167],"y":[0,0,0]},"t":20,"s":[100,100,100]},{"i":{"x":[0.667,0.667,0.667],"y":[1,1,1]},"o":{"x":[0.167,0.167,0.167],"y":[0,0,0]},"t":24,"s":[99,96,100]},{"i":{"x":[0.667,0.667,0.667],"y":[1,1,1]},"o":{"x":[0.333,0.333,0.333],"y":[0,0,0]},"t":30,"s":[101,102,100]},{"t":36,"s":[100,100,100]}],"ix":6}},"ao":0,"shapes":[{"ty":"gr","it":[{"ty":"rc","d":1,"s":{"a":0,"k":[240,50],"ix":2},"p":{"a":0,"k":[0,0],"ix":3},"r":{"a":0,"k":0,"ix":4},"nm":"Rectangle Path 1","mn":"ADBE Vector Shape - Rect","hd":false},{"ty":"st","c":{"a":0,"k":[1,1,1,1],"ix":3},"o":{"a":0,"k":100,"ix":4},"w":{"a":0,"k":0,"ix":5},"lc":1,"lj":1,"ml":4,"bm":0,"nm":"Stroke 1","mn":"ADBE Vector Graphic - Stroke","hd":false},{"ty":"fl","c":{"a":1,"k":[{"i":{"x":[0.833],"y":[1]},"o":{"x":[0.333],"y":[0]},"t":0,"s":[0.133333340287,0.784313738346,0.870588243008,1]},{"i":{"x":[0.648],"y":[1]},"o":{"x":[0.306],"y":[0]},"t":6,"s":[1,1,1,1]},{"t":12,"s":[0.133333340287,0.784313738346,0.870588243008,1]}],"ix":4},"o":{"a":0,"k":100,"ix":5},"r":1,"bm":0,"nm":"Fill 1","mn":"ADBE Vector Graphic - Fill","hd":false},{"ty":"tr","p":{"a":0,"k":[18,1.5],"ix":2},"a":{"a":0,"k":[0,0],"ix":1},"s":{"a":0,"k":[100,100],"ix":3},"r":{"a":0,"k":0,"ix":6},"o":{"a":0,"k":100,"ix":7},"sk":{"a":0,"k":0,"ix":4},"sa":{"a":0,"k":0,"ix":5},"nm":"Transform"}],"nm":"Rectangle 1","np":3,"cix":2,"bm":0,"ix":1,"mn":"ADBE Vector Group","hd":false}],"ip":0,"op":1800,"st":0,"bm":0}],"markers":[],"chars":[{"ch":"U","size":22,"style":"Bold","w":75.59,"data":{"shapes":[{"ty":"gr","it":[{"ind":0,"ty":"sh","ix":1,"ks":{"a":0,"k":{"i":[[0,0],[0,0],[2.229,-2.588],[4.948,0],[2.213,2.572],[0,5.502],[0,0],[0,0],[0,0],[-5.078,-4.704],[-9.18,0],[-4.46,2.116],[-2.361,3.972],[0,5.273],[0,0]],"o":[[0,0],[0,5.534],[-2.23,2.588],[-5.111,0],[-2.214,-2.571],[0,0],[0,0],[0,0],[0,8.171],[5.078,4.704],[6.087,0],[4.459,-2.116],[2.36,-3.971],[0,0],[0,0]],"v":[[52.002,-71.387],[52.002,-27.783],[48.657,-15.601],[37.891,-11.719],[26.904,-15.576],[23.584,-27.686],[23.584,-71.387],[8.496,-71.387],[8.496,-25.391],[16.113,-6.079],[37.5,0.977],[53.32,-2.197],[63.55,-11.328],[67.09,-25.195],[67.09,-71.387]],"c":true},"ix":2},"nm":"U","mn":"ADBE Vector Shape - Group","hd":false}],"nm":"U","np":3,"cix":2,"bm":0,"ix":1,"mn":"ADBE Vector Group","hd":false}]},"fFamily":"Open Sans"},{"ch":"n","size":22,"style":"Bold","w":65.72,"data":{"shapes":[{"ty":"gr","it":[{"ind":0,"ty":"sh","ix":1,"ks":{"a":0,"k":{"i":[[0,0],[3.288,3.435],[6.348,0],[2.913,-1.35],[1.66,-2.637],[0,0],[0,0],[0,0],[0,0],[0,0],[0,0],[-1.855,2.783],[-4.167,0],[-1.4,-1.969],[0,-3.938],[0,0],[0,0]],"o":[[0,-6.477],[-3.288,-3.434],[-3.711,0],[-2.914,1.351],[0,0],[0,0],[0,0],[0,0],[0,0],[0,0],[0,-6.445],[1.855,-2.783],[3.059,0],[1.399,1.97],[0,0],[0,0],[0,0]],"v":[[58.203,-35.596],[53.271,-50.464],[38.818,-55.615],[28.882,-53.589],[22.021,-47.607],[21.191,-47.607],[19.189,-54.59],[7.813,-54.59],[7.813,0],[22.705,0],[22.705,-25.684],[25.488,-39.526],[34.521,-43.701],[41.211,-40.747],[43.311,-31.885],[43.311,0],[58.203,0]],"c":true},"ix":2},"nm":"n","mn":"ADBE Vector Shape - Group","hd":false}],"nm":"n","np":3,"cix":2,"bm":0,"ix":1,"mn":"ADBE Vector Group","hd":false}]},"fFamily":"Open Sans"},{"ch":"s","size":22,"style":"Bold","w":49.71,"data":{"shapes":[{"ty":"gr","it":[{"ind":0,"ty":"sh","ix":1,"ks":{"a":0,"k":{"i":[[0.944,1.953],[1.985,1.498],[4.264,1.726],[1.416,0.977],[0,1.335],[-4.395,0],[-2.377,-0.748],[-2.734,-1.172],[0,0],[6.575,0],[3.76,-2.653],[0,-4.85],[-0.896,-1.936],[-1.97,-1.497],[-4.199,-1.758],[-1.758,-0.928],[-0.716,-0.732],[0,-1.172],[5.403,0],[3.467,0.879],[2.766,1.302],[0,0],[-2.8,-0.537],[-3.972,0],[-3.89,2.93],[0,5.599]],"o":[[-0.945,-1.953],[-1.986,-1.497],[-4.785,-1.92],[-1.416,-0.977],[0,-2.376],[2.473,0],[2.376,0.749],[0,0],[-6.218,-2.864],[-6.902,0],[-3.76,2.654],[0,2.832],[0.895,1.937],[1.969,1.498],[2.93,1.237],[1.758,0.928],[0.716,0.732],[0,3.125],[-2.637,0],[-3.467,-0.879],[0,0],[2.441,1.042],[2.799,0.537],[7.747,0],[3.889,-2.93],[0,-2.702]],"v":[[44.482,-23.193],[40.088,-28.369],[30.713,-33.203],[21.411,-37.549],[19.287,-41.016],[25.879,-44.58],[33.154,-43.457],[40.82,-40.576],[45.313,-51.318],[26.123,-55.615],[10.132,-51.636],[4.492,-40.381],[5.835,-33.228],[10.132,-28.076],[19.385,-23.193],[26.416,-19.946],[30.127,-17.456],[31.201,-14.6],[23.096,-9.912],[13.94,-11.23],[4.59,-14.502],[4.59,-2.197],[12.451,0.171],[22.607,0.977],[40.063,-3.418],[45.898,-16.211]],"c":true},"ix":2},"nm":"s","mn":"ADBE Vector Shape - Group","hd":false}],"nm":"s","np":3,"cix":2,"bm":0,"ix":1,"mn":"ADBE Vector Group","hd":false}]},"fFamily":"Open Sans"},{"ch":"u","size":22,"style":"Bold","w":65.72,"data":{"shapes":[{"ty":"gr","it":[{"ind":0,"ty":"sh","ix":1,"ks":{"a":0,"k":{"i":[[0,0],[0,0],[0,0],[0,0],[1.855,-2.783],[4.166,0],[1.399,1.97],[0,3.939],[0,0],[0,0],[0,0],[-3.255,-3.434],[-6.413,0],[-2.93,1.383],[-1.595,2.539],[0,0],[0,0]],"o":[[0,0],[0,0],[0,0],[0,6.445],[-1.855,2.783],[-3.06,0],[-1.4,-1.969],[0,0],[0,0],[0,0],[0,6.445],[3.255,3.435],[3.743,0],[2.93,-1.383],[0,0],[0,0],[0,0]],"v":[[57.91,0],[57.91,-54.59],[43.018,-54.59],[43.018,-28.906],[40.234,-15.063],[31.201,-10.889],[24.512,-13.843],[22.412,-22.705],[22.412,-54.59],[7.52,-54.59],[7.52,-18.994],[12.402,-4.175],[26.904,0.977],[36.914,-1.099],[43.701,-6.982],[44.482,-6.982],[46.484,0]],"c":true},"ix":2},"nm":"u","mn":"ADBE Vector Shape - Group","hd":false}],"nm":"u","np":3,"cix":2,"bm":0,"ix":1,"mn":"ADBE Vector Group","hd":false}]},"fFamily":"Open Sans"},{"ch":"b","size":22,"style":"Bold","w":63.28,"data":{"shapes":[{"ty":"gr","it":[{"ind":0,"ty":"sh","ix":1,"ks":{"a":0,"k":{"i":[[3.483,-5.403],[0,0],[0,2.246],[0,0],[0,0],[0,0],[0,0],[0,0],[0,0],[-6.413,0],[-3.76,4.948],[0,9.017],[3.645,5.029],[6.445,0]],"o":[[0,0],[0.391,-4.948],[0,0],[0,0],[0,0],[0,0],[0,0],[0,0],[3.645,4.655],[6.477,0],[3.76,-4.948],[0,-8.756],[-3.646,-5.029],[-6.836,0]],"v":[[22.705,-47.51],[22.119,-47.51],[22.705,-58.301],[22.705,-75.977],[7.813,-75.977],[7.813,0],[19.189,0],[21.68,-6.006],[22.705,-6.006],[37.793,0.977],[53.149,-6.445],[58.789,-27.393],[53.32,-48.071],[38.184,-55.615]],"c":true},"ix":2},"nm":"b","mn":"ADBE Vector Shape - Group","hd":false},{"ind":1,"ty":"sh","ix":2,"ks":{"a":0,"k":{"i":[[-1.823,-2.686],[0,-5.371],[1.807,-2.815],[3.059,0],[1.741,2.539],[0,5.859],[0,0],[-1.693,2.263],[-3.679,0]],"o":[[1.823,2.686],[0,5.371],[-1.807,2.816],[-3.777,0],[-1.742,-2.539],[0,0],[0.065,-5.208],[1.692,-2.262],[3.157,0]],"v":[[40.869,-39.673],[43.604,-27.588],[40.894,-15.308],[33.594,-11.084],[25.317,-14.893],[22.705,-27.49],[22.705,-29.102],[25.342,-40.308],[33.398,-43.701]],"c":true},"ix":2},"nm":"b","mn":"ADBE Vector Shape - Group","hd":false}],"nm":"b","np":5,"cix":2,"bm":0,"ix":1,"mn":"ADBE Vector Group","hd":false}]},"fFamily":"Open Sans"},{"ch":"c","size":22,"style":"Bold","w":51.42,"data":{"shapes":[{"ty":"gr","it":[{"ind":0,"ty":"sh","ix":1,"ks":{"a":0,"k":{"i":[[-2.458,0.586],[-2.409,1.53],[0,0],[2.441,-0.764],[2.864,0],[0,10.677],[-7.748,0],[-2.019,-0.602],[-2.344,-0.944],[0,0],[6.315,0],[4.622,-4.899],[0,-9.277],[-16.992,0]],"o":[[2.457,-0.586],[0,0],[-2.441,1.628],[-2.441,0.765],[-7.748,0],[0,-11.002],[2.018,0],[2.018,0.603],[0,0],[-5.013,-2.473],[-8.627,0],[-4.623,4.9],[0,18.652],[3.743,0]],"v":[[39.282,0.098],[46.582,-3.076],[46.582,-15.82],[39.258,-12.231],[31.299,-11.084],[19.678,-27.1],[31.299,-43.604],[37.354,-42.7],[43.896,-40.381],[48.291,-51.904],[31.299,-55.615],[11.426,-48.267],[4.492,-27.002],[29.98,0.977]],"c":true},"ix":2},"nm":"c","mn":"ADBE Vector Shape - Group","hd":false}],"nm":"c","np":3,"cix":2,"bm":0,"ix":1,"mn":"ADBE Vector Group","hd":false}]},"fFamily":"Open Sans"},{"ch":"r","size":22,"style":"Bold","w":45.41,"data":{"shapes":[{"ty":"gr","it":[{"ind":0,"ty":"sh","ix":1,"ks":{"a":0,"k":{"i":[[2.881,-1.871],[1.692,-3.059],[0,0],[0,0],[0,0],[0,0],[0,0],[0,0],[-2.654,2.441],[-4.753,0],[-1.205,-0.325],[0,0],[2.018,0]],"o":[[-2.881,1.872],[0,0],[0,0],[0,0],[0,0],[0,0],[0,0],[0,-4.395],[2.653,-2.441],[1.725,0],[0,0],[-1.335,-0.293],[-3.386,0]],"v":[[28.882,-52.808],[22.021,-45.41],[21.289,-45.41],[19.092,-54.59],[7.813,-54.59],[7.813,0],[22.705,0],[22.705,-27.783],[26.685,-38.037],[37.793,-41.699],[42.188,-41.211],[43.311,-55.176],[38.281,-55.615]],"c":true},"ix":2},"nm":"r","mn":"ADBE Vector Shape - Group","hd":false}],"nm":"r","np":3,"cix":2,"bm":0,"ix":1,"mn":"ADBE Vector Group","hd":false}]},"fFamily":"Open Sans"},{"ch":"i","size":22,"style":"Bold","w":30.52,"data":{"shapes":[{"ty":"gr","it":[{"ind":0,"ty":"sh","ix":1,"ks":{"a":0,"k":{"i":[[-5.404,0],[-1.351,1.286],[0,2.312],[5.403,0],[0,-4.85]],"o":[[2.702,0],[1.35,-1.286],[0,-4.85],[-5.404,0],[0,4.883]],"v":[[15.283,-61.377],[21.362,-63.306],[23.389,-68.701],[15.283,-75.977],[7.178,-68.701]],"c":true},"ix":2},"nm":"i","mn":"ADBE Vector Shape - Group","hd":false},{"ind":1,"ty":"sh","ix":2,"ks":{"a":0,"k":{"i":[[0,0],[0,0],[0,0],[0,0]],"o":[[0,0],[0,0],[0,0],[0,0]],"v":[[22.705,-54.59],[7.813,-54.59],[7.813,0],[22.705,0]],"c":true},"ix":2},"nm":"i","mn":"ADBE Vector Shape - Group","hd":false}],"nm":"i","np":5,"cix":2,"bm":0,"ix":1,"mn":"ADBE Vector Group","hd":false}]},"fFamily":"Open Sans"},{"ch":"e","size":22,"style":"Bold","w":59.08,"data":{"shapes":[{"ty":"gr","it":[{"ind":0,"ty":"sh","ix":1,"ks":{"a":0,"k":{"i":[[-1.855,-2.002],[-0.066,-3.678],[0,0],[-1.791,2.002],[-3.158,0]],"o":[[1.855,2.002],[0,0],[0.26,-3.678],[1.79,-2.002],[3.157,0]],"v":[[37.939,-42.017],[40.82,-33.496],[19.922,-33.496],[22.998,-42.017],[30.42,-45.02]],"c":true},"ix":2},"nm":"e","mn":"ADBE Vector Shape - Group","hd":false},{"ind":1,"ty":"sh","ix":2,"ks":{"a":0,"k":{"i":[[-2.962,0.635],[-2.605,1.302],[0,0],[2.93,-0.684],[3.288,0],[2.344,2.377],[0.163,4.232],[0,0],[0,0],[4.297,4.395],[7.715,0],[4.573,-4.996],[0,-9.147],[-4.948,-4.85],[-8.789,0]],"o":[[2.962,-0.635],[0,0],[-3.191,1.498],[-2.93,0.684],[-4.232,0],[-2.344,-2.376],[0,0],[0,0],[0,-7.747],[-4.297,-4.395],[-8.073,0],[-4.574,4.997],[0,8.887],[4.948,4.851],[4.264,0]],"v":[[43.359,0.024],[51.709,-2.881],[51.709,-14.404],[42.529,-11.133],[33.203,-10.107],[23.34,-13.672],[19.58,-23.584],[54.785,-23.584],[54.785,-30.811],[48.34,-49.023],[30.322,-55.615],[11.353,-48.12],[4.492,-26.904],[11.914,-6.299],[32.52,0.977]],"c":true},"ix":2},"nm":"e","mn":"ADBE Vector Shape - Group","hd":false}],"nm":"e","np":5,"cix":2,"bm":0,"ix":1,"mn":"ADBE Vector Group","hd":false}]},"fFamily":"Open Sans"}]}