{"v":"5.5.2","fr":29.9700012207031,"ip":0,"op":13.0000005295009,"w":350,"h":180,"nm":"virus_message","ddd":0,"assets":[],"fonts":{"list":[{"fName":"Tahoma","fFamily":"Tahoma","fStyle":"Regular","ascent":75.9994506835938}]},"layers":[{"ddd":0,"ind":1,"ty":5,"nm":"russian_body_text","sr":1,"ks":{"o":{"a":1,"k":[{"i":{"x":[0.667],"y":[1]},"o":{"x":[0.333],"y":[0]},"t":0,"s":[0]},{"t":6.00000024438501,"s":[100]}],"ix":11},"r":{"a":0,"k":0,"ix":10},"p":{"a":0,"k":[23.314,82,0],"ix":2},"a":{"a":0,"k":[0,0,0],"ix":1},"s":{"a":0,"k":[100,100,100],"ix":6}},"ao":0,"t":{"d":{"k":[{"s":{"s":16,"f":"Tahoma","t":"В БУДУЩЕМ ОБЯЗАТЕЛЬНО \rУСТАНАВЛИВАЙТЕ \rТОЛЬКО ПРОВЕРЕННЫЕ \rИ БЕЗОПАСНЫЕ ПРОГРАММЫ","j":0,"tr":0,"lh":19.2000007629395,"ls":0,"fc":[1,1,1]},"t":0}]},"p":{},"m":{"g":1,"a":{"a":0,"k":[0,0],"ix":2}},"a":[]},"ip":0,"op":900.000036657751,"st":0,"bm":0},{"ddd":0,"ind":2,"ty":5,"nm":"russion_title_text","sr":1,"ks":{"o":{"a":1,"k":[{"i":{"x":[0.833],"y":[0.833]},"o":{"x":[0.167],"y":[0.167]},"t":0,"s":[0]},{"t":6.00000024438501,"s":[100]}],"ix":11},"r":{"a":0,"k":0,"ix":10},"p":{"a":0,"k":[175.747,52,0],"ix":2},"a":{"a":0,"k":[0,0,0],"ix":1},"s":{"a":0,"k":[100,100,100],"ix":6}},"ao":0,"t":{"d":{"k":[{"s":{"s":20,"f":"Tahoma","t":"ВАША СИСТЕМА СЕЙЧАС РУССКАЯ","j":2,"tr":0,"lh":24,"ls":0,"fc":[0.89,0.063,0.098]},"t":0}]},"p":{},"m":{"g":1,"a":{"a":0,"k":[0,0],"ix":2}},"a":[]},"ip":0,"op":900.000036657751,"st":0,"bm":0}],"markers":[],"chars":[{"ch":"В","size":20,"style":"Regular","w":58.94,"data":{"shapes":[{"ty":"gr","it":[{"ind":0,"ty":"sh","ix":1,"ks":{"a":0,"k":{"i":[[2.376,3.109],[4.329,1.172],[0,0],[-1.807,2.702],[0,3.418],[1.204,2.263],[2.604,1.4],[2.588,0.342],[5.176,0],[0,0],[0,0],[0,0],[-3.125,0.896],[-2.734,2.148],[-1.367,2.767],[0,3.613]],"o":[[-2.377,-3.108],[0,0],[3.19,-1.53],[1.807,-2.702],[0,-3.059],[-1.205,-2.262],[-2.377,-1.27],[-2.588,-0.342],[0,0],[0,0],[0,0],[4.948,0],[3.125,-0.895],[2.311,-1.79],[1.367,-2.766],[0,-4.655]],"v":[[53.125,-33.96],[43.066,-40.381],[43.066,-40.771],[50.562,-47.119],[53.271,-56.299],[51.465,-64.282],[45.752,-69.775],[38.306,-72.192],[26.66,-72.705],[7.373,-72.705],[7.373,0],[28.223,0],[40.332,-1.343],[49.121,-5.908],[54.639,-12.744],[56.689,-22.314]],"c":true},"ix":2},"nm":"В","mn":"ADBE Vector Shape - Group","hd":false},{"ind":1,"ty":"sh","ix":2,"ks":{"a":0,"k":{"i":[[0.618,-1.53],[1.465,-0.944],[1.432,-0.309],[3.027,0],[0,0],[0,0],[0,0],[-1.921,-0.195],[-1.563,-0.879],[-0.586,-1.286],[0,-1.758]],"o":[[-0.619,1.53],[-1.53,0.977],[-1.433,0.31],[0,0],[0,0],[0,0],[3.385,0],[1.92,0.195],[1.302,0.749],[0.586,1.286],[0,2.246]],"v":[[42.285,-49.268],[39.16,-45.557],[34.717,-43.628],[28.027,-43.164],[17.041,-43.164],[17.041,-64.453],[26.318,-64.453],[34.277,-64.16],[39.502,-62.549],[42.334,-59.497],[43.213,-54.932]],"c":true},"ix":2},"nm":"В","mn":"ADBE Vector Shape - Group","hd":false},{"ind":2,"ty":"sh","ix":3,"ks":{"a":0,"k":{"i":[[0.846,-1.611],[1.823,-1.27],[2.441,-0.391],[4.231,0],[0,0],[0,0],[0,0],[-1.807,-0.227],[-1.53,-0.813],[-0.781,-1.774],[0,-2.734]],"o":[[-0.847,1.611],[-1.855,1.27],[-2.441,0.391],[0,0],[0,0],[0,0],[3.32,0],[1.807,0.228],[2.376,1.237],[0.781,1.775],[0,2.572]],"v":[[45.361,-15.649],[41.357,-11.328],[34.912,-8.838],[24.902,-8.252],[17.041,-8.252],[17.041,-35.107],[28.027,-35.107],[35.718,-34.766],[40.723,-33.203],[45.459,-28.687],[46.631,-21.924]],"c":true},"ix":2},"nm":"В","mn":"ADBE Vector Shape - Group","hd":false}],"nm":"В","np":6,"cix":2,"bm":0,"ix":1,"mn":"ADBE Vector Group","hd":false}]},"fFamily":"Tahoma"},{"ch":"А","size":20,"style":"Regular","w":59.96,"data":{"shapes":[{"ty":"gr","it":[{"ind":0,"ty":"sh","ix":1,"ks":{"a":0,"k":{"i":[[0,0],[0,0],[0,0],[0,0],[0,0],[0,0],[0,0],[0,0]],"o":[[0,0],[0,0],[0,0],[0,0],[0,0],[0,0],[0,0],[0,0]],"v":[[9.277,0],[15.869,-20.313],[43.652,-20.313],[50.244,0],[60.449,0],[35.938,-72.705],[24.023,-72.705],[-0.488,0]],"c":true},"ix":2},"nm":"А","mn":"ADBE Vector Shape - Group","hd":false},{"ind":1,"ty":"sh","ix":2,"ks":{"a":0,"k":{"i":[[0,0],[0,0],[0,0]],"o":[[0,0],[0,0],[0,0]],"v":[[18.555,-28.564],[29.736,-62.842],[40.967,-28.564]],"c":true},"ix":2},"nm":"А","mn":"ADBE Vector Shape - Group","hd":false}],"nm":"А","np":5,"cix":2,"bm":0,"ix":1,"mn":"ADBE Vector Group","hd":false}]},"fFamily":"Tahoma"},{"ch":"Ш","size":20,"style":"Regular","w":94.34,"data":{"shapes":[{"ty":"gr","it":[{"ind":0,"ty":"sh","ix":1,"ks":{"a":0,"k":{"i":[[0,0],[0,0],[0,0],[0,0],[0,0],[0,0],[0,0],[0,0],[0,0],[0,0],[0,0],[0,0]],"o":[[0,0],[0,0],[0,0],[0,0],[0,0],[0,0],[0,0],[0,0],[0,0],[0,0],[0,0],[0,0]],"v":[[86.963,-72.705],[77.295,-72.705],[77.295,-8.398],[52.002,-8.398],[52.002,-72.705],[42.334,-72.705],[42.334,-8.398],[17.041,-8.398],[17.041,-72.705],[7.373,-72.705],[7.373,0],[86.963,0]],"c":true},"ix":2},"nm":"Ш","mn":"ADBE Vector Shape - Group","hd":false}],"nm":"Ш","np":3,"cix":2,"bm":0,"ix":1,"mn":"ADBE Vector Group","hd":false}]},"fFamily":"Tahoma"},{"ch":" ","size":20,"style":"Regular","w":31.15,"data":{},"fFamily":"Tahoma"},{"ch":"С","size":20,"style":"Regular","w":60.06,"data":{"shapes":[{"ty":"gr","it":[{"ind":0,"ty":"sh","ix":1,"ks":{"a":0,"k":{"i":[[-1.807,0.358],[-2.116,0.684],[-1.416,0.684],[-1.595,0.749],[0,0],[0,0],[1.302,-1.057],[1.79,-1.009],[2.376,-0.684],[2.799,0],[2.734,1.221],[2.018,2.409],[1.204,3.597],[0,4.98],[-1.14,3.744],[-2.051,2.474],[-2.767,1.27],[-3.093,0],[-2.181,-0.651],[-1.855,-1.009],[-1.335,-1.106],[-0.847,-0.781],[0,0],[0,0],[1.643,0.732],[1.563,0.488],[2.132,0.359],[2.441,0],[3.971,-1.709],[2.897,-3.255],[1.546,-4.524],[0,-6.087],[-1.595,-4.72],[-2.898,-3.157],[-3.988,-1.595],[-4.753,0]],"o":[[1.807,-0.359],[2.018,-0.651],[1.416,-0.684],[0,0],[0,0],[-0.749,0.749],[-1.302,1.058],[-1.855,1.042],[-2.377,0.684],[-3.06,0],[-2.734,-1.221],[-2.084,-2.473],[-1.205,-3.596],[0,-4.688],[1.139,-3.743],[2.083,-2.473],[2.766,-1.27],[2.864,0],[2.18,0.652],[1.92,1.074],[1.334,1.107],[0,0],[0,0],[-1.595,-0.879],[-1.644,-0.732],[-1.823,-0.553],[-2.132,-0.358],[-4.916,0],[-3.972,1.709],[-2.962,3.353],[-1.546,4.525],[0,6.12],[1.595,4.72],[2.897,3.158],[3.987,1.595],[2.897,0]],"v":[[42.847,0.781],[48.73,-0.781],[53.882,-2.783],[58.398,-4.932],[58.398,-16.455],[57.666,-16.455],[54.59,-13.745],[49.951,-10.645],[43.604,-8.057],[35.84,-7.031],[27.148,-8.862],[20.02,-14.307],[15.088,-23.413],[13.281,-36.279],[14.99,-48.926],[19.775,-58.252],[27.051,-63.867],[35.84,-65.771],[43.408,-64.795],[49.463,-62.305],[54.346,-59.033],[57.617,-56.201],[58.398,-56.201],[58.398,-67.871],[53.54,-70.288],[48.73,-72.119],[42.798,-73.486],[35.938,-74.023],[22.607,-71.46],[12.305,-64.014],[5.542,-52.197],[3.223,-36.279],[5.615,-20.02],[12.354,-8.203],[22.681,-1.074],[35.791,1.318]],"c":true},"ix":2},"nm":"С","mn":"ADBE Vector Shape - Group","hd":false}],"nm":"С","np":3,"cix":2,"bm":0,"ix":1,"mn":"ADBE Vector Group","hd":false}]},"fFamily":"Tahoma"},{"ch":"И","size":20,"style":"Regular","w":66.99,"data":{"shapes":[{"ty":"gr","it":[{"ind":0,"ty":"sh","ix":1,"ks":{"a":0,"k":{"i":[[0,0],[0,0],[0,0],[0,0],[0,0],[0,0],[0,0],[0,0],[0,0],[0,0]],"o":[[0,0],[0,0],[0,0],[0,0],[0,0],[0,0],[0,0],[0,0],[0,0],[0,0]],"v":[[59.619,-72.705],[49.414,-72.705],[16.992,-15.918],[16.992,-72.705],[7.373,-72.705],[7.373,0],[17.139,0],[50,-57.715],[50,0],[59.619,0]],"c":true},"ix":2},"nm":"И","mn":"ADBE Vector Shape - Group","hd":false}],"nm":"И","np":3,"cix":2,"bm":0,"ix":1,"mn":"ADBE Vector Group","hd":false}]},"fFamily":"Tahoma"},{"ch":"Т","size":20,"style":"Regular","w":58.4,"data":{"shapes":[{"ty":"gr","it":[{"ind":0,"ty":"sh","ix":1,"ks":{"a":0,"k":{"i":[[0,0],[0,0],[0,0],[0,0],[0,0],[0,0],[0,0],[0,0]],"o":[[0,0],[0,0],[0,0],[0,0],[0,0],[0,0],[0,0],[0,0]],"v":[[34.033,0],[34.033,-64.111],[58.447,-64.111],[58.447,-72.705],[-0.049,-72.705],[-0.049,-64.111],[24.365,-64.111],[24.365,0]],"c":true},"ix":2},"nm":"Т","mn":"ADBE Vector Shape - Group","hd":false}],"nm":"Т","np":3,"cix":2,"bm":0,"ix":1,"mn":"ADBE Vector Group","hd":false}]},"fFamily":"Tahoma"},{"ch":"Е","size":20,"style":"Regular","w":56.1,"data":{"shapes":[{"ty":"gr","it":[{"ind":0,"ty":"sh","ix":1,"ks":{"a":0,"k":{"i":[[0,0],[0,0],[0,0],[0,0],[0,0],[0,0],[0,0],[0,0],[0,0],[0,0],[0,0],[0,0]],"o":[[0,0],[0,0],[0,0],[0,0],[0,0],[0,0],[0,0],[0,0],[0,0],[0,0],[0,0],[0,0]],"v":[[52.832,0],[52.832,-8.594],[17.041,-8.594],[17.041,-35.596],[50.391,-35.596],[50.391,-44.189],[17.041,-44.189],[17.041,-64.111],[52.832,-64.111],[52.832,-72.705],[7.373,-72.705],[7.373,0]],"c":true},"ix":2},"nm":"Е","mn":"ADBE Vector Shape - Group","hd":false}],"nm":"Е","np":3,"cix":2,"bm":0,"ix":1,"mn":"ADBE Vector Group","hd":false}]},"fFamily":"Tahoma"},{"ch":"М","size":20,"style":"Regular","w":77.05,"data":{"shapes":[{"ty":"gr","it":[{"ind":0,"ty":"sh","ix":1,"ks":{"a":0,"k":{"i":[[0,0],[0,0],[0,0],[0,0],[0,0],[0,0],[0,0],[0,0],[0,0],[0,0],[0,0],[0,0],[0,0]],"o":[[0,0],[0,0],[0,0],[0,0],[0,0],[0,0],[0,0],[0,0],[0,0],[0,0],[0,0],[0,0],[0,0]],"v":[[69.678,-72.705],[56.25,-72.705],[38.721,-32.227],[20.557,-72.705],[7.373,-72.705],[7.373,0],[16.406,0],[16.406,-62.646],[35.205,-20.02],[41.064,-20.02],[60.01,-62.646],[60.01,0],[69.678,0]],"c":true},"ix":2},"nm":"М","mn":"ADBE Vector Shape - Group","hd":false}],"nm":"М","np":3,"cix":2,"bm":0,"ix":1,"mn":"ADBE Vector Group","hd":false}]},"fFamily":"Tahoma"},{"ch":"Й","size":20,"style":"Regular","w":66.99,"data":{"shapes":[{"ty":"gr","it":[{"ind":0,"ty":"sh","ix":1,"ks":{"a":0,"k":{"i":[[0,0],[0,0],[0,0],[0,0],[0,0],[0,0],[0,0],[0,0],[0,0],[0,0]],"o":[[0,0],[0,0],[0,0],[0,0],[0,0],[0,0],[0,0],[0,0],[0,0],[0,0]],"v":[[59.619,-72.705],[49.414,-72.705],[16.992,-15.918],[16.992,-72.705],[7.373,-72.705],[7.373,0],[17.139,0],[50,-57.715],[50,0],[59.619,0]],"c":true},"ix":2},"nm":"Й","mn":"ADBE Vector Shape - Group","hd":false},{"ind":1,"ty":"sh","ix":2,"ks":{"a":0,"k":{"i":[[0,0],[1.546,-1.595],[3.092,0],[1.563,1.611],[0.065,3.646],[0,0],[-2.962,-2.995],[-5.99,0],[-2.962,2.995],[-0.13,4.883]],"o":[[-0.066,3.679],[-1.546,1.595],[-3.06,0],[-1.563,-1.611],[0,0],[0.13,4.883],[2.962,2.995],[5.989,0],[2.962,-2.995],[0,0]],"v":[[43.799,-94.482],[41.382,-86.572],[34.424,-84.18],[27.49,-86.597],[25.049,-94.482],[16.357,-94.482],[20.996,-82.666],[34.424,-78.174],[47.852,-82.666],[52.49,-94.482]],"c":true},"ix":2},"nm":"Й","mn":"ADBE Vector Shape - Group","hd":false}],"nm":"Й","np":5,"cix":2,"bm":0,"ix":1,"mn":"ADBE Vector Group","hd":false}]},"fFamily":"Tahoma"},{"ch":"Ч","size":20,"style":"Regular","w":63.57,"data":{"shapes":[{"ty":"gr","it":[{"ind":0,"ty":"sh","ix":1,"ks":{"a":0,"k":{"i":[[0,0],[0,0],[0,0],[3.483,-0.635],[2.766,0],[1.855,0.765],[0.944,1.433],[0.227,1.775],[0,3.06],[0,0],[0,0],[0,0],[-1.091,-2.669],[-1.953,-1.692],[-2.605,-0.764],[-3.125,0],[-3.093,0.652],[-3.972,1.302],[0,0],[0,0]],"o":[[0,0],[0,0],[-2.539,0.945],[-3.484,0.635],[-3.093,0],[-1.855,-0.764],[-1.074,-1.627],[-0.228,-1.774],[0,0],[0,0],[0,0],[0,3.646],[1.09,2.67],[1.985,1.693],[2.604,0.765],[3.385,0],[3.092,-0.651],[0,0],[0,0],[0,0]],"v":[[56.201,-72.705],[46.533,-72.705],[46.533,-39.063],[37.5,-36.694],[28.125,-35.742],[20.703,-36.89],[16.504,-40.186],[14.551,-45.288],[14.209,-52.539],[14.209,-72.705],[4.541,-72.705],[4.541,-47.705],[6.177,-38.232],[10.742,-31.689],[17.627,-28.003],[26.221,-26.855],[35.938,-27.832],[46.533,-30.762],[46.533,0],[56.201,0]],"c":true},"ix":2},"nm":"Ч","mn":"ADBE Vector Shape - Group","hd":false}],"nm":"Ч","np":3,"cix":2,"bm":0,"ix":1,"mn":"ADBE Vector Group","hd":false}]},"fFamily":"Tahoma"},{"ch":"Р","size":20,"style":"Regular","w":55.13,"data":{"shapes":[{"ty":"gr","it":[{"ind":0,"ty":"sh","ix":1,"ks":{"a":0,"k":{"i":[[1.53,2.849],[2.702,1.855],[3.027,0.716],[4.297,0],[0,0],[0,0],[0,0],[0,0],[0,0],[-3.386,1.27],[-2.507,2.474],[-1.123,2.816],[0,3.158]],"o":[[-1.53,-2.848],[-2.312,-1.595],[-3.027,-0.716],[0,0],[0,0],[0,0],[0,0],[0,0],[5.176,0],[3.385,-1.27],[1.985,-1.985],[1.123,-2.815],[0,-4.036]],"v":[[50.977,-61.108],[44.629,-68.164],[36.621,-71.631],[25.635,-72.705],[7.373,-72.705],[7.373,0],[17.041,0],[17.041,-27.1],[25.244,-27.1],[38.086,-29.004],[46.924,-34.619],[51.587,-41.821],[53.271,-50.781]],"c":true},"ix":2},"nm":"Р","mn":"ADBE Vector Shape - Group","hd":false},{"ind":1,"ty":"sh","ix":2,"ks":{"a":0,"k":{"i":[[0.651,-1.725],[1.432,-1.465],[2.409,-0.635],[3.906,0],[0,0],[0,0],[0,0],[-2.035,-0.423],[-1.53,-1.009],[-0.863,-1.855],[0,-2.506]],"o":[[-0.652,1.726],[-1.595,1.628],[-2.409,0.635],[0,0],[0,0],[0,0],[3.027,0],[2.034,0.423],[1.758,1.172],[0.862,1.855],[0,2.312]],"v":[[42.236,-44.482],[39.111,-39.697],[33.105,-36.304],[23.633,-35.352],[17.041,-35.352],[17.041,-64.404],[25.049,-64.404],[32.642,-63.77],[37.988,-61.621],[41.919,-57.08],[43.213,-50.537]],"c":true},"ix":2},"nm":"Р","mn":"ADBE Vector Shape - Group","hd":false}],"nm":"Р","np":5,"cix":2,"bm":0,"ix":1,"mn":"ADBE Vector Group","hd":false}]},"fFamily":"Tahoma"},{"ch":"У","size":20,"style":"Regular","w":57.52,"data":{"shapes":[{"ty":"gr","it":[{"ind":0,"ty":"sh","ix":1,"ks":{"a":0,"k":{"i":[[0,0],[0,0],[0,0],[0,0],[0,0],[0,0],[0.83,-0.764],[0.944,-0.455],[0.977,-0.081],[0.716,0],[0.993,0.082],[0.488,0.066],[0,0],[0,0],[-1.758,-0.066],[-1.302,0],[-1.449,0.26],[-1.498,0.814],[-1.384,1.563],[-1.107,2.572],[0,0]],"o":[[0,0],[0,0],[0,0],[0,0],[0,0],[-0.684,1.66],[-0.83,0.765],[-0.814,0.391],[-0.977,0.082],[-1.53,0],[-0.993,-0.081],[0,0],[0,0],[0.488,0.032],[1.758,0.065],[1.465,0],[1.448,-0.26],[1.497,-0.781],[1.383,-1.563],[0,0],[0,0]],"v":[[48.193,-72.705],[30.371,-29.932],[10.645,-72.705],[-0.049,-72.705],[25.488,-18.848],[23.828,-14.99],[21.558,-11.353],[18.896,-9.521],[16.211,-8.813],[13.672,-8.691],[9.888,-8.813],[7.666,-9.033],[6.982,-9.033],[6.982,0],[10.352,0.146],[14.941,0.244],[19.312,-0.146],[23.73,-1.758],[28.052,-5.273],[31.787,-11.475],[58.154,-72.705]],"c":true},"ix":2},"nm":"У","mn":"ADBE Vector Shape - Group","hd":false}],"nm":"У","np":3,"cix":2,"bm":0,"ix":1,"mn":"ADBE Vector Group","hd":false}]},"fFamily":"Tahoma"},{"ch":"К","size":20,"style":"Regular","w":60.25,"data":{"shapes":[{"ty":"gr","it":[{"ind":0,"ty":"sh","ix":1,"ks":{"a":0,"k":{"i":[[0,0],[-1.66,2.002],[-1.335,4.297],[-1.595,1.546],[-3.972,0],[0,0],[0,0],[0,0],[3.027,-2.1],[1.953,-5.566],[0.471,-1.318],[0.586,-1.465],[2.229,-1.79],[3.809,-0.13],[0,0],[0,0],[0,0],[0,0],[0,0],[0,0],[0,0],[0,0]],"o":[[2.344,-1.53],[1.66,-2.002],[1.334,-4.297],[1.595,-1.546],[0,0],[0,0],[0,0],[-5.371,0],[-3.027,2.1],[-0.293,0.912],[-0.472,1.318],[-1.4,3.353],[-2.23,1.791],[0,0],[0,0],[0,0],[0,0],[0,0],[0,0],[0,0],[0,0],[0,0]],"v":[[31.641,-38.232],[37.646,-43.53],[42.139,-52.979],[46.533,-61.743],[54.883,-64.063],[57.324,-64.063],[57.324,-72.705],[54.346,-72.705],[41.748,-69.556],[34.277,-58.057],[33.13,-54.712],[31.543,-50.537],[26.099,-42.822],[17.041,-39.941],[17.041,-72.705],[7.373,-72.705],[7.373,0],[17.041,0],[17.041,-33.301],[23.145,-33.301],[48.828,0],[61.133,0]],"c":true},"ix":2},"nm":"К","mn":"ADBE Vector Shape - Group","hd":false}],"nm":"К","np":3,"cix":2,"bm":0,"ix":1,"mn":"ADBE Vector Group","hd":false}]},"fFamily":"Tahoma"},{"ch":"Я","size":20,"style":"Regular","w":61.13,"data":{"shapes":[{"ty":"gr","it":[{"ind":0,"ty":"sh","ix":1,"ks":{"a":0,"k":{"i":[[0,0],[0,0],[3.092,-0.651],[2.311,-1.627],[1.546,-2.686],[0,-3.711],[-2.686,-3.467],[-4.883,-1.66],[0,0],[0,0],[0,0],[0,0],[0,0],[0,0]],"o":[[0,0],[-3.744,0],[-3.093,0.652],[-2.539,1.791],[-1.546,2.686],[0,5.827],[2.686,3.467],[0,0],[0,0],[0,0],[0,0],[0,0],[0,0],[0,0]],"v":[[53.76,-72.705],[34.521,-72.705],[24.268,-71.729],[16.162,-68.311],[10.034,-61.597],[7.715,-52.002],[11.743,-38.062],[23.096,-30.371],[-0.244,0],[11.377,0],[33.105,-28.906],[44.092,-28.906],[44.092,0],[53.76,0]],"c":true},"ix":2},"nm":"Я","mn":"ADBE Vector Shape - Group","hd":false},{"ind":1,"ty":"sh","ix":2,"ks":{"a":0,"k":{"i":[[0,0],[2.116,0.488],[1.465,1.433],[0.602,1.726],[0,2.605],[-0.847,1.823],[-1.498,1.009],[-1.693,0.359],[-2.8,0],[0,0],[0,0]],"o":[[-2.8,0],[-2.116,-0.488],[-1.335,-1.334],[-0.603,-1.725],[0,-2.18],[0.846,-1.823],[1.399,-0.944],[1.692,-0.358],[0,0],[0,0],[0,0]],"v":[[34.424,-36.963],[27.051,-37.695],[21.68,-40.576],[18.774,-45.166],[17.871,-51.66],[19.141,-57.666],[22.656,-61.914],[27.295,-63.867],[34.033,-64.404],[44.092,-64.404],[44.092,-36.963]],"c":true},"ix":2},"nm":"Я","mn":"ADBE Vector Shape - Group","hd":false}],"nm":"Я","np":5,"cix":2,"bm":0,"ix":1,"mn":"ADBE Vector Group","hd":false}]},"fFamily":"Tahoma"},{"ch":"Б","size":16,"style":"Regular","w":58.94,"data":{"shapes":[{"ty":"gr","it":[{"ind":0,"ty":"sh","ix":1,"ks":{"a":0,"k":{"i":[[1.172,2.832],[2.473,1.921],[3.125,0.57],[4.948,0],[0,0],[0,0],[0,0],[0,0],[0,0],[0,0],[0,0],[-3.125,0.912],[-2.734,2.148],[-1.367,2.865],[0,3.516]],"o":[[-1.172,-2.832],[-2.767,-2.148],[-3.125,-0.569],[0,0],[0,0],[0,0],[0,0],[0,0],[0,0],[0,0],[4.948,0],[3.125,-0.911],[2.311,-1.79],[1.367,-2.864],[0,-3.58]],"v":[[55.127,-32.129],[49.658,-39.258],[40.82,-43.335],[28.711,-44.189],[17.041,-44.189],[17.041,-64.111],[51.66,-64.111],[51.66,-72.705],[7.373,-72.705],[7.373,0],[28.418,0],[40.527,-1.367],[49.316,-5.957],[54.834,-12.939],[56.885,-22.51]],"c":true},"ix":2},"nm":"Б","mn":"ADBE Vector Shape - Group","hd":false},{"ind":1,"ty":"sh","ix":2,"ks":{"a":0,"k":{"i":[[0.83,-1.709],[1.823,-1.27],[2.327,-0.423],[4.329,0],[0,0],[0,0],[0,0],[-2.344,-0.26],[-1.791,-1.204],[-0.798,-1.855],[0,-2.441]],"o":[[-0.83,1.709],[-1.758,1.205],[-2.328,0.423],[0,0],[0,0],[0,0],[4.264,0],[2.344,0.261],[1.725,1.14],[0.797,1.855],[0,2.637]],"v":[[45.532,-15.796],[41.553,-11.328],[35.425,-8.887],[25.439,-8.252],[17.041,-8.252],[17.041,-35.84],[25.684,-35.84],[35.596,-35.449],[41.797,-33.252],[45.581,-28.76],[46.777,-22.314]],"c":true},"ix":2},"nm":"Б","mn":"ADBE Vector Shape - Group","hd":false}],"nm":"Б","np":5,"cix":2,"bm":0,"ix":1,"mn":"ADBE Vector Group","hd":false}]},"fFamily":"Tahoma"},{"ch":"Д","size":16,"style":"Regular","w":68.36,"data":{"shapes":[{"ty":"gr","it":[{"ind":0,"ty":"sh","ix":1,"ks":{"a":0,"k":{"i":[[0,0],[0,0],[0,0],[0,0],[2.588,-11.246],[4.231,-6.934],[0,0],[0,0],[0,0],[0,0],[0,0],[0,0],[0,0]],"o":[[0,0],[0,0],[0,0],[0,13.314],[-2.588,11.247],[0,0],[0,0],[0,0],[0,0],[0,0],[0,0],[0,0],[0,0]],"v":[[66.406,-8.594],[59.521,-8.594],[59.521,-72.705],[18.945,-72.705],[15.063,-35.864],[4.834,-8.594],[0.879,-8.594],[0.879,16.455],[10.059,16.455],[10.059,-0.195],[57.227,-0.195],[57.227,16.455],[66.406,16.455]],"c":true},"ix":2},"nm":"Д","mn":"ADBE Vector Shape - Group","hd":false},{"ind":1,"ty":"sh","ix":2,"ks":{"a":0,"k":{"i":[[0,0],[-2.474,9.57],[-0.456,11.752],[0,0],[0,0]],"o":[[3.841,-6.25],[2.473,-9.57],[0,0],[0,0],[0,0]],"v":[[14.16,-8.594],[23.633,-32.324],[28.027,-64.307],[49.854,-64.307],[49.854,-8.594]],"c":true},"ix":2},"nm":"Д","mn":"ADBE Vector Shape - Group","hd":false}],"nm":"Д","np":5,"cix":2,"bm":0,"ix":1,"mn":"ADBE Vector Group","hd":false}]},"fFamily":"Tahoma"},{"ch":"Щ","size":16,"style":"Regular","w":95.8,"data":{"shapes":[{"ty":"gr","it":[{"ind":0,"ty":"sh","ix":1,"ks":{"a":0,"k":{"i":[[0,0],[0,0],[0,0],[0,0],[0,0],[0,0],[0,0],[0,0],[0,0],[0,0],[0,0],[0,0],[0,0],[0,0],[0,0],[0,0]],"o":[[0,0],[0,0],[0,0],[0,0],[0,0],[0,0],[0,0],[0,0],[0,0],[0,0],[0,0],[0,0],[0,0],[0,0],[0,0],[0,0]],"v":[[93.848,-8.398],[86.963,-8.398],[86.963,-72.705],[77.295,-72.705],[77.295,-8.398],[52.002,-8.398],[52.002,-72.705],[42.334,-72.705],[42.334,-8.398],[17.041,-8.398],[17.041,-72.705],[7.373,-72.705],[7.373,0],[84.668,0],[84.668,16.455],[93.848,16.455]],"c":true},"ix":2},"nm":"Щ","mn":"ADBE Vector Shape - Group","hd":false}],"nm":"Щ","np":3,"cix":2,"bm":0,"ix":1,"mn":"ADBE Vector Group","hd":false}]},"fFamily":"Tahoma"},{"ch":"О","size":16,"style":"Regular","w":70.75,"data":{"shapes":[{"ty":"gr","it":[{"ind":0,"ty":"sh","ix":1,"ks":{"a":0,"k":{"i":[[3.971,1.726],[4.948,0],[3.955,-1.676],[2.799,-3.223],[1.514,-4.622],[0,-6.12],[-1.498,-4.72],[-2.8,-3.223],[-3.939,-1.66],[-4.916,0],[-3.955,1.611],[-2.962,3.386],[-1.498,4.753],[0,5.892],[1.53,4.72],[2.766,3.191]],"o":[[-3.972,-1.725],[-4.883,0],[-3.955,1.677],[-2.8,3.32],[-1.514,4.623],[0,5.957],[1.497,4.72],[2.832,3.288],[3.938,1.66],[4.752,0],[3.955,-1.611],[2.832,-3.223],[1.497,-4.752],[0,-6.055],[-1.53,-4.72],[-2.734,-3.125]],"v":[[48.73,-71.631],[35.352,-74.219],[22.095,-71.704],[11.963,-64.355],[5.493,-52.441],[3.223,-36.328],[5.469,-20.313],[11.914,-8.398],[22.07,-0.977],[35.352,1.514],[48.413,-0.903],[58.789,-8.398],[65.283,-20.361],[67.529,-36.328],[65.234,-52.49],[58.789,-64.355]],"c":true},"ix":2},"nm":"О","mn":"ADBE Vector Shape - Group","hd":false},{"ind":1,"ty":"sh","ix":2,"ks":{"a":0,"k":{"i":[[3.987,-5.061],[6.738,0],[4.004,5.062],[0,9.538],[-1.025,3.744],[-1.921,2.474],[-2.621,1.221],[-3.516,0],[-2.718,-1.253],[-1.921,-2.506],[-1.042,-3.711],[0,-4.817]],"o":[[-3.988,5.062],[-6.738,0],[-4.004,-5.061],[0,-4.72],[1.025,-3.743],[2.018,-2.571],[2.62,-1.221],[3.385,0],[2.718,1.254],[1.888,2.441],[1.041,3.711],[0,9.538]],"v":[[51.489,-14.429],[35.4,-6.836],[19.287,-14.429],[13.281,-36.328],[14.819,-49.023],[19.238,-58.35],[26.196,-64.038],[35.4,-65.869],[44.556,-63.989],[51.514,-58.35],[55.908,-49.121],[57.471,-36.328]],"c":true},"ix":2},"nm":"О","mn":"ADBE Vector Shape - Group","hd":false}],"nm":"О","np":5,"cix":2,"bm":0,"ix":1,"mn":"ADBE Vector Group","hd":false}]},"fFamily":"Tahoma"},{"ch":"З","size":16,"style":"Regular","w":53.27,"data":{"shapes":[{"ty":"gr","it":[{"ind":0,"ty":"sh","ix":1,"ks":{"a":0,"k":{"i":[[1.904,0.749],[1.627,0.293],[0,0],[-2.621,2.93],[0,3.939],[1.221,2.165],[2.441,1.595],[2.702,0.635],[3.743,0],[3.809,-0.879],[2.213,-1.041],[0,0],[0,0],[-1.27,0.749],[-1.693,0.684],[-2.019,0.472],[-2.084,0],[-1.677,-0.309],[-1.53,-0.879],[-0.765,-1.286],[0,-1.79],[3.125,-2.051],[5.143,0],[0,0],[0,0],[0,0],[-2.23,-0.439],[-1.595,-1.041],[-0.896,-1.692],[0,-2.473],[0.748,-1.676],[1.595,-1.432],[2.36,-0.635],[2.376,0],[3.727,1.318],[2.604,1.726],[0,0],[0,0],[-3.777,-0.895],[-4.525,0],[-3.451,1.139],[-2.344,2.148],[-1.302,2.783],[0,3.255],[1.057,2.1],[1.627,1.4]],"o":[[-1.904,-0.748],[0,0],[4.231,-0.911],[2.62,-2.93],[0,-2.995],[-1.221,-2.164],[-2.246,-1.432],[-2.702,-0.635],[-3.711,0],[-3.809,0.879],[0,0],[0,0],[0.813,-0.488],[1.27,-0.748],[1.79,-0.684],[2.018,-0.471],[1.985,0],[1.676,0.31],[1.399,0.814],[0.764,1.286],[0,3.939],[-3.125,2.051],[0,0],[0,0],[0,0],[2.539,0],[2.229,0.439],[1.627,1.042],[0.895,1.693],[0,2.539],[-0.749,1.677],[-1.595,1.433],[-2.361,0.635],[-3.744,0],[-3.728,-1.318],[0,0],[0,0],[2.278,0.977],[3.776,0.895],[4.231,0],[3.45,-1.139],[2.278,-2.083],[1.302,-2.783],[0,-3.32],[-1.058,-2.1],[-1.595,-1.367]],"v":[[39.722,-38.232],[34.424,-39.795],[34.424,-40.527],[44.702,-46.289],[48.633,-56.592],[46.802,-64.331],[41.309,-69.971],[33.887,-73.071],[24.219,-74.023],[12.939,-72.705],[3.906,-69.824],[3.906,-59.131],[4.541,-59.131],[7.666,-60.986],[12.109,-63.135],[17.822,-64.868],[23.975,-65.576],[29.468,-65.112],[34.277,-63.33],[37.524,-60.181],[38.672,-55.566],[33.984,-46.582],[21.582,-43.506],[14.941,-43.506],[14.941,-35.4],[22.559,-35.4],[29.712,-34.741],[35.449,-32.52],[39.233,-28.418],[40.576,-22.168],[39.453,-15.845],[35.938,-11.182],[30.005,-8.081],[22.9,-7.129],[11.694,-9.106],[2.197,-13.672],[1.514,-13.672],[1.514,-2.832],[10.596,-0.024],[23.047,1.318],[34.57,-0.391],[43.262,-5.322],[48.633,-12.622],[50.586,-21.68],[48.999,-29.81],[44.971,-35.059]],"c":true},"ix":2},"nm":"З","mn":"ADBE Vector Shape - Group","hd":false}],"nm":"З","np":3,"cix":2,"bm":0,"ix":1,"mn":"ADBE Vector Group","hd":false}]},"fFamily":"Tahoma"},{"ch":"Л","size":16,"style":"Regular","w":67.77,"data":{"shapes":[{"ty":"gr","it":[{"ind":0,"ty":"sh","ix":1,"ks":{"a":0,"k":{"i":[[0,0],[0,0],[0.163,-5.241],[0.163,-3.19],[1.025,-5.582],[2.213,-2.18],[1.009,-0.358],[1.172,0],[0.227,0.033],[0.325,0.033],[0,0],[0,0],[-0.7,-0.049],[-0.684,0],[-1.677,0.668],[-1.465,1.335],[-1.189,1.823],[-0.879,2.962],[-0.57,4.492],[-0.261,6.869],[-0.163,3.5],[-0.098,3.679],[0,0],[0,0],[0,0]],"o":[[0,0],[-0.13,4.395],[-0.163,5.241],[-0.423,9.441],[-1.025,5.583],[-0.716,0.749],[-1.009,0.359],[-0.456,0],[-0.228,-0.032],[0,0],[0,0],[0.391,0],[0.7,0.049],[2.213,0],[1.676,-0.667],[1.399,-1.237],[1.188,-1.823],[0.911,-3.027],[0.569,-4.492],[0.098,-2.766],[0.163,-3.499],[0,0],[0,0],[0,0],[0,0]],"v":[[60.4,-72.705],[17.09,-72.705],[16.65,-58.252],[16.162,-45.605],[13.989,-23.071],[9.131,-11.426],[6.543,-9.766],[3.271,-9.229],[2.246,-9.277],[1.416,-9.375],[0.732,-9.375],[0.732,0],[2.368,0.073],[4.443,0.146],[10.278,-0.854],[14.99,-3.857],[18.872,-8.447],[21.973,-15.625],[24.194,-26.904],[25.439,-43.945],[25.83,-53.345],[26.221,-64.111],[50.732,-64.111],[50.732,0],[60.4,0]],"c":true},"ix":2},"nm":"Л","mn":"ADBE Vector Shape - Group","hd":false}],"nm":"Л","np":3,"cix":2,"bm":0,"ix":1,"mn":"ADBE Vector Group","hd":false}]},"fFamily":"Tahoma"},{"ch":"Ь","size":16,"style":"Regular","w":58.25,"data":{"shapes":[{"ty":"gr","it":[{"ind":0,"ty":"sh","ix":1,"ks":{"a":0,"k":{"i":[[1.172,2.832],[2.473,1.921],[3.125,0.57],[4.948,0],[0,0],[0,0],[0,0],[0,0],[0,0],[-3.125,0.912],[-2.734,2.148],[-1.367,2.865],[0,3.516]],"o":[[-1.172,-2.832],[-2.767,-2.148],[-3.125,-0.569],[0,0],[0,0],[0,0],[0,0],[0,0],[4.948,0],[3.125,-0.911],[2.311,-1.79],[1.367,-2.864],[0,-3.58]],"v":[[54.639,-32.129],[49.17,-39.258],[40.332,-43.335],[28.223,-44.189],[17.041,-44.189],[17.041,-72.705],[7.373,-72.705],[7.373,0],[27.93,0],[40.039,-1.367],[48.828,-5.957],[54.346,-12.939],[56.396,-22.51]],"c":true},"ix":2},"nm":"Ь","mn":"ADBE Vector Shape - Group","hd":false},{"ind":1,"ty":"sh","ix":2,"ks":{"a":0,"k":{"i":[[0.83,-1.709],[1.823,-1.27],[2.327,-0.423],[4.329,0],[0,0],[0,0],[0,0],[-2.344,-0.26],[-1.791,-1.204],[-0.798,-1.855],[0,-2.441]],"o":[[-0.83,1.709],[-1.758,1.205],[-2.328,0.423],[0,0],[0,0],[0,0],[4.264,0],[2.344,0.261],[1.725,1.14],[0.797,1.855],[0,2.637]],"v":[[45.044,-15.796],[41.064,-11.328],[34.937,-8.887],[24.951,-8.252],[17.041,-8.252],[17.041,-35.84],[25.195,-35.84],[35.107,-35.449],[41.309,-33.252],[45.093,-28.76],[46.289,-22.314]],"c":true},"ix":2},"nm":"Ь","mn":"ADBE Vector Shape - Group","hd":false}],"nm":"Ь","np":5,"cix":2,"bm":0,"ix":1,"mn":"ADBE Vector Group","hd":false}]},"fFamily":"Tahoma"},{"ch":"Н","size":16,"style":"Regular","w":67.53,"data":{"shapes":[{"ty":"gr","it":[{"ind":0,"ty":"sh","ix":1,"ks":{"a":0,"k":{"i":[[0,0],[0,0],[0,0],[0,0],[0,0],[0,0],[0,0],[0,0],[0,0],[0,0],[0,0],[0,0]],"o":[[0,0],[0,0],[0,0],[0,0],[0,0],[0,0],[0,0],[0,0],[0,0],[0,0],[0,0],[0,0]],"v":[[60.156,-72.705],[50.488,-72.705],[50.488,-44.189],[17.041,-44.189],[17.041,-72.705],[7.373,-72.705],[7.373,0],[17.041,0],[17.041,-35.596],[50.488,-35.596],[50.488,0],[60.156,0]],"c":true},"ix":2},"nm":"Н","mn":"ADBE Vector Shape - Group","hd":false}],"nm":"Н","np":3,"cix":2,"bm":0,"ix":1,"mn":"ADBE Vector Group","hd":false}]},"fFamily":"Tahoma"},{"ch":"\r","size":16,"style":"Regular","w":0,"fFamily":"Tahoma"},{"ch":"П","size":16,"style":"Regular","w":67.53,"data":{"shapes":[{"ty":"gr","it":[{"ind":0,"ty":"sh","ix":1,"ks":{"a":0,"k":{"i":[[0,0],[0,0],[0,0],[0,0],[0,0],[0,0],[0,0],[0,0]],"o":[[0,0],[0,0],[0,0],[0,0],[0,0],[0,0],[0,0],[0,0]],"v":[[60.156,-72.705],[7.373,-72.705],[7.373,0],[17.041,0],[17.041,-64.111],[50.488,-64.111],[50.488,0],[60.156,0]],"c":true},"ix":2},"nm":"П","mn":"ADBE Vector Shape - Group","hd":false}],"nm":"П","np":3,"cix":2,"bm":0,"ix":1,"mn":"ADBE Vector Group","hd":false}]},"fFamily":"Tahoma"},{"ch":"Ы","size":16,"style":"Regular","w":78.86,"data":{"shapes":[{"ty":"gr","it":[{"ind":0,"ty":"sh","ix":1,"ks":{"a":0,"k":{"i":[[1.172,2.832],[2.473,1.921],[3.125,0.57],[4.948,0],[0,0],[0,0],[0,0],[0,0],[0,0],[-3.125,0.912],[-2.734,2.148],[-1.367,2.865],[0,3.516]],"o":[[-1.172,-2.832],[-2.767,-2.148],[-3.125,-0.569],[0,0],[0,0],[0,0],[0,0],[0,0],[4.948,0],[3.125,-0.911],[2.311,-1.79],[1.367,-2.864],[0,-3.58]],"v":[[53.564,-32.129],[48.096,-39.258],[39.258,-43.335],[27.148,-44.189],[17.041,-44.189],[17.041,-72.705],[7.373,-72.705],[7.373,0],[26.855,0],[38.965,-1.367],[47.754,-5.957],[53.271,-12.939],[55.322,-22.51]],"c":true},"ix":2},"nm":"Ы","mn":"ADBE Vector Shape - Group","hd":false},{"ind":1,"ty":"sh","ix":2,"ks":{"a":0,"k":{"i":[[0.83,-1.709],[1.823,-1.27],[2.327,-0.423],[4.329,0],[0,0],[0,0],[0,0],[-2.344,-0.26],[-1.791,-1.204],[-0.798,-1.855],[0,-2.441]],"o":[[-0.83,1.709],[-1.758,1.205],[-2.328,0.423],[0,0],[0,0],[0,0],[4.264,0],[2.344,0.261],[1.725,1.14],[0.797,1.855],[0,2.637]],"v":[[43.97,-15.796],[39.99,-11.328],[33.862,-8.887],[23.877,-8.252],[17.041,-8.252],[17.041,-35.84],[24.121,-35.84],[34.033,-35.449],[40.234,-33.252],[44.019,-28.76],[45.215,-22.314]],"c":true},"ix":2},"nm":"Ы","mn":"ADBE Vector Shape - Group","hd":false},{"ind":2,"ty":"sh","ix":3,"ks":{"a":0,"k":{"i":[[0,0],[0,0],[0,0],[0,0]],"o":[[0,0],[0,0],[0,0],[0,0]],"v":[[71.484,-72.705],[61.816,-72.705],[61.816,0],[71.484,0]],"c":true},"ix":2},"nm":"Ы","mn":"ADBE Vector Shape - Group","hd":false}],"nm":"Ы","np":6,"cix":2,"bm":0,"ix":1,"mn":"ADBE Vector Group","hd":false}]},"fFamily":"Tahoma"},{"ch":"Г","size":16,"style":"Regular","w":50.73,"data":{"shapes":[{"ty":"gr","it":[{"ind":0,"ty":"sh","ix":1,"ks":{"a":0,"k":{"i":[[0,0],[0,0],[0,0],[0,0],[0,0],[0,0]],"o":[[0,0],[0,0],[0,0],[0,0],[0,0],[0,0]],"v":[[50.488,-72.705],[7.373,-72.705],[7.373,0],[17.041,0],[17.041,-64.111],[50.488,-64.111]],"c":true},"ix":2},"nm":"Г","mn":"ADBE Vector Shape - Group","hd":false}],"nm":"Г","np":3,"cix":2,"bm":0,"ix":1,"mn":"ADBE Vector Group","hd":false}]},"fFamily":"Tahoma"}]}