{"v":"5.5.2","fr":60,"ip":0,"op":105,"w":350,"h":180,"nm":"virus_message","ddd":0,"assets":[],"fonts":{"list":[{"fName":"BebasNeueBold","fFamily":"Bebas Neue","fStyle":"Bold","ascent":69.9996948242188},{"fName":"BebasNeue","fFamily":"Bebas Neue","fStyle":"Regular","ascent":69.9996948242188}]},"layers":[{"ddd":0,"ind":1,"ty":5,"nm":"english_title","sr":1,"ks":{"o":{"a":1,"k":[{"i":{"x":[0.667],"y":[1]},"o":{"x":[0.333],"y":[0]},"t":25,"s":[0]},{"t":45,"s":[100]}],"ix":11},"r":{"a":0,"k":0,"ix":10},"p":{"a":1,"k":[{"i":{"x":0.667,"y":1},"o":{"x":0.333,"y":0},"t":25,"s":[-299.5,47.5,0],"to":[53.667,0,0],"ti":[-53.667,0,0]},{"t":45,"s":[22.5,47.5,0]}],"ix":2},"a":{"a":0,"k":[0,0,0],"ix":1},"s":{"a":0,"k":[100,100,100],"ix":6}},"ao":0,"t":{"d":{"k":[{"s":{"s":29,"f":"BebasNeue","t":"your phone is now in russian","j":0,"tr":30,"lh":34.8,"ls":0,"fc":[0.89,0.063,0.098]},"t":0}]},"p":{},"m":{"g":1,"a":{"a":0,"k":[0,0],"ix":2}},"a":[]},"ip":0,"op":1801.8018018018,"st":0,"bm":0},{"ddd":0,"ind":2,"ty":5,"nm":"english_text","sr":1,"ks":{"o":{"a":1,"k":[{"i":{"x":[0.667],"y":[1]},"o":{"x":[0.333],"y":[0]},"t":25,"s":[0]},{"t":45,"s":[100]}],"ix":11},"r":{"a":0,"k":0,"ix":10},"p":{"a":1,"k":[{"i":{"x":0.667,"y":1},"o":{"x":0.333,"y":0},"t":25,"s":[-299.5,78,0],"to":[53.667,0,0],"ti":[-53.667,0,0]},{"t":45,"s":[22.5,78,0]}],"ix":2},"a":{"a":0,"k":[0,0,0],"ix":1},"s":{"a":0,"k":[100,100,100],"ix":6}},"ao":0,"t":{"d":{"k":[{"s":{"s":20,"f":"BebasNeue","t":"IN FUTURE, PLEASE MAKE SURE\rTHAT YOU INSTALL ONLY SAFE\rAND VERIFIED PROGRAMS FROM \rTRUSTED SOURCES!","j":0,"tr":0,"lh":24,"ls":0,"fc":[1,1,1]},"t":0}]},"p":{},"m":{"g":1,"a":{"a":0,"k":[0,0],"ix":2}},"a":[]},"ip":0,"op":1801.8018018018,"st":0,"bm":0},{"ddd":0,"ind":3,"ty":5,"nm":"russian_text","sr":1,"ks":{"o":{"a":1,"k":[{"i":{"x":[0.667],"y":[1]},"o":{"x":[0.333],"y":[0]},"t":0,"s":[50]},{"i":{"x":[0.833],"y":[1]},"o":{"x":[0.333],"y":[0]},"t":20,"s":[100]},{"i":{"x":[0.833],"y":[1]},"o":{"x":[0.167],"y":[0]},"t":25,"s":[100]},{"t":45,"s":[0]}],"ix":11},"r":{"a":0,"k":0,"ix":10},"p":{"a":1,"k":[{"i":{"x":0.667,"y":1},"o":{"x":0.333,"y":0},"t":0,"s":[23.314,200.5,0],"to":[0,-20.5,0],"ti":[0,20.5,0]},{"i":{"x":0.667,"y":0.667},"o":{"x":0.333,"y":0.333},"t":20,"s":[23.314,77.5,0],"to":[0,0,0],"ti":[0,0,0]},{"i":{"x":0.667,"y":1},"o":{"x":0.333,"y":0},"t":25,"s":[23.314,77.5,0],"to":[56.114,0,0],"ti":[-56.114,0,0]},{"t":45,"s":[360,77.5,0]}],"ix":2},"a":{"a":0,"k":[0,0,0],"ix":1},"s":{"a":0,"k":[100,100,100],"ix":6}},"ao":0,"t":{"d":{"k":[{"s":{"s":20,"f":"BebasNeueBold","t":"В БУДУЩЕМ ОБЯЗАТЕЛЬНО \rУСТАНАВЛИВАЙТЕ \rТОЛЬКО ПРОВЕРЕННЫЕ \rИ БЕЗОПАСНЫЕ ПРОГРАММЫ","j":0,"tr":0,"lh":24,"ls":0,"fc":[1,1,1]},"t":0}]},"p":{},"m":{"g":1,"a":{"a":0,"k":[0,0],"ix":2}},"a":[]},"ip":0,"op":1801.8018018018,"st":0,"bm":0},{"ddd":0,"ind":4,"ty":5,"nm":"russian_title","sr":1,"ks":{"o":{"a":1,"k":[{"i":{"x":[0.667],"y":[1]},"o":{"x":[0.333],"y":[0]},"t":0,"s":[50]},{"i":{"x":[0.833],"y":[1]},"o":{"x":[0.167],"y":[0]},"t":20,"s":[100]},{"i":{"x":[0.833],"y":[1]},"o":{"x":[0.167],"y":[0]},"t":25,"s":[100]},{"t":45,"s":[0]}],"ix":11},"r":{"a":0,"k":0,"ix":10},"p":{"a":1,"k":[{"i":{"x":0.667,"y":1},"o":{"x":0.333,"y":0},"t":0,"s":[172.045,-4.5,0],"to":[0,8.667,0],"ti":[0,-8.667,0]},{"i":{"x":0.667,"y":0.667},"o":{"x":0.333,"y":0.333},"t":20,"s":[172.045,47.5,0],"to":[0,0,0],"ti":[0,0,0]},{"i":{"x":0.667,"y":1},"o":{"x":0.333,"y":0},"t":25,"s":[172.045,47.5,0],"to":[56,0,0],"ti":[-56,0,0]},{"t":45,"s":[508.045,47.5,0]}],"ix":2},"a":{"a":0,"k":[0,0,0],"ix":1},"s":{"a":0,"k":[100,100,100],"ix":6}},"ao":0,"t":{"d":{"k":[{"s":{"s":29,"f":"BebasNeueBold","t":"ВАША СИСТЕМА СЕЙЧАС РУССКАЯ","j":2,"tr":0,"lh":34.8,"ls":0,"fc":[0.89,0.063,0.098]},"t":0}]},"p":{},"m":{"g":1,"a":{"a":0,"k":[0,0],"ix":2}},"a":[]},"ip":0,"op":1801.8018018018,"st":0,"bm":0}],"markers":[],"chars":[{"ch":"В","size":29,"style":"Bold","w":40.6,"data":{"shapes":[{"ty":"gr","it":[{"ind":0,"ty":"sh","ix":1,"ks":{"a":0,"k":{"i":[[11.481,0],[0,0],[0,0],[0,0],[0,10.876],[0,0],[5.942,2.316],[0,7.251],[0,0]],"o":[[0,0],[0,0],[0,0],[11.078,0],[0,0],[0,-7.452],[4.935,-2.316],[0,0],[0,-10.876]],"v":[[20.746,-70.496],[4.028,-70.496],[4.028,0],[21.451,0],[38.269,-16.718],[38.269,-22.458],[30.011,-37.564],[37.161,-51.764],[37.161,-54.282]],"c":true},"ix":2},"nm":"В","mn":"ADBE Vector Shape - Group","hd":false},{"ind":1,"ty":"sh","ix":2,"ks":{"a":0,"k":{"i":[[0,0],[0,-6.546],[0,0],[3.726,0],[0,0],[0,0]],"o":[[5.035,0],[0,0],[0,5.237],[0,0],[0,0],[0,0]],"v":[[20.041,-31.723],[27.191,-23.163],[27.191,-17.02],[21.451,-10.071],[15.106,-10.071],[15.106,-31.723]],"c":true},"ix":2},"nm":"В","mn":"ADBE Vector Shape - Group","hd":false},{"ind":2,"ty":"sh","ix":3,"ks":{"a":0,"k":{"i":[[0,0],[0,-5.035],[0,0],[4.129,0],[0,0],[0,0]],"o":[[3.928,0],[0,0],[0,5.64],[0,0],[0,0],[0,0]],"v":[[20.444,-60.425],[26.083,-53.174],[26.083,-49.246],[19.437,-41.794],[15.106,-41.794],[15.106,-60.425]],"c":true},"ix":2},"nm":"В","mn":"ADBE Vector Shape - Group","hd":false}],"nm":"В","np":6,"cix":2,"bm":0,"ix":1,"mn":"ADBE Vector Group","hd":false}]},"fFamily":"Bebas Neue"},{"ch":"А","size":29,"style":"Bold","w":40.7,"data":{"shapes":[{"ty":"gr","it":[{"ind":0,"ty":"sh","ix":1,"ks":{"a":0,"k":{"i":[[0,0],[0,0],[0,0],[0,0],[0,0],[0,0],[0,0],[0,0]],"o":[[0,0],[0,0],[0,0],[0,0],[0,0],[0,0],[0,0],[0,0]],"v":[[28.601,-70.496],[12.387,-70.496],[1.108,0],[11.279,0],[13.193,-12.79],[26.788,-12.79],[28.702,0],[39.88,0]],"c":true},"ix":2},"nm":"А","mn":"ADBE Vector Shape - Group","hd":false},{"ind":1,"ty":"sh","ix":2,"ks":{"a":0,"k":{"i":[[0,0],[0,0],[0,0]],"o":[[0,0],[0,0],[0,0]],"v":[[19.94,-58.008],[25.278,-22.357],[14.603,-22.357]],"c":true},"ix":2},"nm":"А","mn":"ADBE Vector Shape - Group","hd":false}],"nm":"А","np":5,"cix":2,"bm":0,"ix":1,"mn":"ADBE Vector Group","hd":false}]},"fFamily":"Bebas Neue"},{"ch":"Ш","size":29,"style":"Bold","w":60,"data":{"shapes":[{"ty":"gr","it":[{"ind":0,"ty":"sh","ix":1,"ks":{"a":0,"k":{"i":[[0,0],[0,0],[0,0],[0,0],[0,0],[0,0],[0,0],[0,0],[0,0],[0,0],[0,0],[0,0]],"o":[[0,0],[0,0],[0,0],[0,0],[0,0],[0,0],[0,0],[0,0],[0,0],[0,0],[0,0],[0,0]],"v":[[56.396,0],[56.396,-70.496],[45.319,-70.496],[45.319,-10.071],[35.751,-10.071],[35.751,-70.496],[24.673,-70.496],[24.673,-10.071],[15.106,-10.071],[15.106,-70.496],[4.028,-70.496],[4.028,0]],"c":true},"ix":2},"nm":"Ш","mn":"ADBE Vector Shape - Group","hd":false}],"nm":"Ш","np":3,"cix":2,"bm":0,"ix":1,"mn":"ADBE Vector Group","hd":false}]},"fFamily":"Bebas Neue"},{"ch":" ","size":29,"style":"Bold","w":15.5,"data":{},"fFamily":"Bebas Neue"},{"ch":"С","size":29,"style":"Bold","w":38.6,"data":{"shapes":[{"ty":"gr","it":[{"ind":0,"ty":"sh","ix":1,"ks":{"a":0,"k":{"i":[[0,0],[0,0],[3.525,0],[0,5.035],[0,0],[-3.525,0],[0,-5.035],[0,0],[0,0],[0,0],[10.876,0],[0,-11.279],[0,0],[-10.876,0],[0,11.279],[0,0]],"o":[[0,0],[0,5.035],[-3.525,0],[0,0],[0,-5.035],[3.525,0],[0,0],[0,0],[0,0],[0,-11.279],[-10.876,0],[0,0],[0,11.279],[10.876,0],[0,0],[0,0]],"v":[[25.681,-26.285],[25.681,-16.214],[19.94,-9.366],[14.2,-16.214],[14.2,-54.282],[19.94,-61.23],[25.681,-54.282],[25.681,-46.729],[36.154,-46.729],[36.154,-53.577],[19.638,-71.301],[3.122,-53.577],[3.122,-16.919],[19.638,0.806],[36.154,-16.919],[36.154,-26.285]],"c":true},"ix":2},"nm":"С","mn":"ADBE Vector Shape - Group","hd":false}],"nm":"С","np":3,"cix":2,"bm":0,"ix":1,"mn":"ADBE Vector Group","hd":false}]},"fFamily":"Bebas Neue"},{"ch":"И","size":29,"style":"Bold","w":42.7,"data":{"shapes":[{"ty":"gr","it":[{"ind":0,"ty":"sh","ix":1,"ks":{"a":0,"k":{"i":[[0,0],[0,0],[0,0],[0,0],[0,0],[0,0],[0,0],[0,0],[0,0],[0,0],[0,0],[0,0]],"o":[[0,0],[0,0],[0,0],[0,0],[0,0],[0,0],[0,0],[0,0],[0,0],[0,0],[0,0],[0,0]],"v":[[24.673,-32.327],[29.205,-49.649],[29.205,0],[39.175,0],[39.175,-70.496],[26.99,-70.496],[17.926,-41.391],[13.898,-25.882],[13.898,-70.496],[4.028,-70.496],[4.028,0],[15.408,0]],"c":true},"ix":2},"nm":"И","mn":"ADBE Vector Shape - Group","hd":false}],"nm":"И","np":3,"cix":2,"bm":0,"ix":1,"mn":"ADBE Vector Group","hd":false}]},"fFamily":"Bebas Neue"},{"ch":"Т","size":29,"style":"Bold","w":35.6,"data":{"shapes":[{"ty":"gr","it":[{"ind":0,"ty":"sh","ix":1,"ks":{"a":0,"k":{"i":[[0,0],[0,0],[0,0],[0,0],[0,0],[0,0],[0,0],[0,0]],"o":[[0,0],[0,0],[0,0],[0,0],[0,0],[0,0],[0,0],[0,0]],"v":[[0.806,-60.425],[12.387,-60.425],[12.387,0],[23.465,0],[23.465,-60.425],[35.046,-60.425],[35.046,-70.496],[0.806,-70.496]],"c":true},"ix":2},"nm":"Т","mn":"ADBE Vector Shape - Group","hd":false}],"nm":"Т","np":3,"cix":2,"bm":0,"ix":1,"mn":"ADBE Vector Group","hd":false}]},"fFamily":"Bebas Neue"},{"ch":"Е","size":29,"style":"Bold","w":36.8,"data":{"shapes":[{"ty":"gr","it":[{"ind":0,"ty":"sh","ix":1,"ks":{"a":0,"k":{"i":[[0,0],[0,0],[0,0],[0,0],[0,0],[0,0],[0,0],[0,0],[0,0],[0,0],[0,0],[0,0]],"o":[[0,0],[0,0],[0,0],[0,0],[0,0],[0,0],[0,0],[0,0],[0,0],[0,0],[0,0],[0,0]],"v":[[15.106,-60.425],[34.241,-60.425],[34.241,-70.496],[4.028,-70.496],[4.028,0],[34.241,0],[34.241,-10.071],[15.106,-10.071],[15.106,-30.716],[30.313,-30.716],[30.313,-40.787],[15.106,-40.787]],"c":true},"ix":2},"nm":"Е","mn":"ADBE Vector Shape - Group","hd":false}],"nm":"Е","np":3,"cix":2,"bm":0,"ix":1,"mn":"ADBE Vector Group","hd":false}]},"fFamily":"Bebas Neue"},{"ch":"М","size":29,"style":"Bold","w":54.1,"data":{"shapes":[{"ty":"gr","it":[{"ind":0,"ty":"sh","ix":1,"ks":{"a":0,"k":{"i":[[0,0],[0,0],[0,0],[0,0],[0,0],[0,0],[0,0],[0,0],[0,0],[0,0],[0,0],[0,0],[0,0]],"o":[[0,0],[0,0],[0,0],[0,0],[0,0],[0,0],[0,0],[0,0],[0,0],[0,0],[0,0],[0,0],[0,0]],"v":[[19.336,-70.496],[3.928,-70.496],[3.928,0],[13.596,0],[13.596,-49.85],[21.854,0],[32.327,0],[39.981,-50.555],[39.981,0],[50.455,0],[50.455,-70.496],[35.046,-70.496],[27.493,-20.444]],"c":true},"ix":2},"nm":"М","mn":"ADBE Vector Shape - Group","hd":false}],"nm":"М","np":3,"cix":2,"bm":0,"ix":1,"mn":"ADBE Vector Group","hd":false}]},"fFamily":"Bebas Neue"},{"ch":"Й","size":29,"style":"Bold","w":42.9,"data":{"shapes":[{"ty":"gr","it":[{"ind":0,"ty":"sh","ix":1,"ks":{"a":0,"k":{"i":[[0,0],[0,0],[0,0],[0,0],[0,0],[0,0],[0,0],[0,0],[0,0],[0,0],[0,0],[0,0]],"o":[[0,0],[0,0],[0,0],[0,0],[0,0],[0,0],[0,0],[0,0],[0,0],[0,0],[0,0],[0,0]],"v":[[15.408,0],[4.028,0],[4.028,-70.496],[13.898,-70.496],[13.898,-25.882],[17.926,-41.391],[26.99,-70.496],[39.175,-70.496],[39.175,0],[29.205,0],[29.205,-49.649],[24.673,-32.327]],"c":true},"ix":2},"nm":"Й","mn":"ADBE Vector Shape - Group","hd":false},{"ind":1,"ty":"sh","ix":2,"ks":{"a":0,"k":{"i":[[0,0],[3.021,0],[0.302,3.726],[0,0],[-7.755,0],[0,6.848]],"o":[[-0.302,3.726],[-2.921,0],[0,0],[0.201,6.848],[7.855,0],[0,0]],"v":[[26.788,-86.206],[21.753,-81.573],[17.02,-86.206],[10.172,-86.206],[21.753,-75.027],[33.536,-86.206]],"c":true},"ix":2},"nm":"Й","mn":"ADBE Vector Shape - Group","hd":false}],"nm":"Й","np":5,"cix":2,"bm":0,"ix":1,"mn":"ADBE Vector Group","hd":false}]},"fFamily":"Bebas Neue"},{"ch":"Ч","size":29,"style":"Bold","w":41.5,"data":{"shapes":[{"ty":"gr","it":[{"ind":0,"ty":"sh","ix":1,"ks":{"a":0,"k":{"i":[[0,0],[0,0],[3.525,0],[0,4.733],[0,0],[0,0],[0,0],[-9.064,0],[-2.417,2.618],[0,0],[0,0],[0,0]],"o":[[0,0],[0,4.733],[-3.525,0],[0,0],[0,0],[0,0],[0,9.668],[3.021,0],[0,0],[0,0],[0,0],[0,0]],"v":[[26.587,-70.496],[26.587,-41.895],[20.847,-34.644],[14.401,-41.592],[14.401,-70.496],[3.323,-70.496],[3.323,-40.686],[17.12,-24.472],[26.587,-28.4],[26.587,0],[37.665,0],[37.665,-70.496]],"c":true},"ix":2},"nm":"Ч","mn":"ADBE Vector Shape - Group","hd":false}],"nm":"Ч","np":3,"cix":2,"bm":0,"ix":1,"mn":"ADBE Vector Group","hd":false}]},"fFamily":"Bebas Neue"},{"ch":"Р","size":29,"style":"Bold","w":37.7,"data":{"shapes":[{"ty":"gr","it":[{"ind":0,"ty":"sh","ix":1,"ks":{"a":0,"k":{"i":[[11.078,0],[0,0],[0,0],[0,0],[0,0],[0,0],[0,11.279],[0,0]],"o":[[0,0],[0,0],[0,0],[0,0],[0,0],[11.078,0],[0,0],[0,-11.279]],"v":[[20.343,-70.496],[4.028,-70.496],[4.028,0],[15.106,0],[15.106,-26.486],[20.343,-26.486],[36.859,-43.909],[36.859,-53.073]],"c":true},"ix":2},"nm":"Р","mn":"ADBE Vector Shape - Group","hd":false},{"ind":1,"ty":"sh","ix":2,"ks":{"a":0,"k":{"i":[[0,0],[0,-5.035],[0,0],[3.525,0],[0,0],[0,0]],"o":[[3.525,0],[0,0],[0,5.035],[0,0],[0,0],[0,0]],"v":[[20.343,-60.425],[25.781,-53.778],[25.781,-43.204],[20.343,-36.557],[15.106,-36.557],[15.106,-60.425]],"c":true},"ix":2},"nm":"Р","mn":"ADBE Vector Shape - Group","hd":false}],"nm":"Р","np":5,"cix":2,"bm":0,"ix":1,"mn":"ADBE Vector Group","hd":false}]},"fFamily":"Bebas Neue"},{"ch":"У","size":29,"style":"Bold","w":40.8,"data":{"shapes":[{"ty":"gr","it":[{"ind":0,"ty":"sh","ix":1,"ks":{"a":0,"k":{"i":[[0,0],[0,0],[0,0],[0,0],[0,0],[0,0],[0,0],[0,0],[0,0],[5.64,0.403],[0,0],[-2.618,12.689]],"o":[[0,0],[0,0],[0,0],[0,0],[0,0],[0,0],[0,0],[0,0],[-0.906,5.136],[0,0],[15.408,1.007],[0,0]],"v":[[40.485,-70.496],[28.903,-70.496],[23.868,-46.326],[21.249,-29.91],[17.825,-46.426],[11.783,-70.496],[0.806,-70.496],[16.113,-16.113],[16.013,-15.509],[6.244,-9.769],[6.244,0.101],[28.601,-17.926]],"c":true},"ix":2},"nm":"У","mn":"ADBE Vector Shape - Group","hd":false}],"nm":"У","np":3,"cix":2,"bm":0,"ix":1,"mn":"ADBE Vector Group","hd":false}]},"fFamily":"Bebas Neue"},{"ch":"К","size":29,"style":"Bold","w":41.4,"data":{"shapes":[{"ty":"gr","it":[{"ind":0,"ty":"sh","ix":1,"ks":{"a":0,"k":{"i":[[0,0],[0,0],[0,0],[0,0],[0,0],[0,0],[0,0],[0,0],[0,0],[0,0],[0,0],[0,0]],"o":[[0,0],[0,0],[0,0],[0,0],[0,0],[0,0],[0,0],[0,0],[0,0],[0,0],[0,0],[0,0]],"v":[[29.306,0],[40.686,0],[25.278,-39.075],[40.686,-70.496],[29.608,-70.496],[15.106,-39.78],[15.106,-70.496],[4.028,-70.496],[4.028,0],[15.106,0],[15.106,-21.652],[18.53,-28.098]],"c":true},"ix":2},"nm":"К","mn":"ADBE Vector Shape - Group","hd":false}],"nm":"К","np":3,"cix":2,"bm":0,"ix":1,"mn":"ADBE Vector Group","hd":false}]},"fFamily":"Bebas Neue"},{"ch":"Я","size":29,"style":"Bold","w":40.2,"data":{"shapes":[{"ty":"gr","it":[{"ind":0,"ty":"sh","ix":1,"ks":{"a":0,"k":{"i":[[0,0],[0,5.74],[0,0],[-5.035,0],[0,0],[0,0],[0,0],[0,0],[0,0],[0,-10.876],[0,0],[-4.935,-2.316],[0,-7.352],[0,0],[1.108,-2.618]],"o":[[0.604,-1.813],[0,0],[0,-6.546],[0,0],[0,0],[0,0],[0,0],[0,0],[-11.481,0],[0,0],[0,7.251],[-5.539,2.316],[0,0],[0,3.424],[0,0]],"v":[[13.293,0],[14.301,-8.661],[14.301,-19.739],[21.552,-28.702],[25.378,-28.702],[25.378,0],[36.456,0],[36.456,-70.496],[19.739,-70.496],[3.323,-54.282],[3.323,-48.743],[10.574,-34.442],[3.223,-19.437],[3.223,-8.56],[2.014,0]],"c":true},"ix":2},"nm":"Я","mn":"ADBE Vector Shape - Group","hd":false},{"ind":1,"ty":"sh","ix":2,"ks":{"a":0,"k":{"i":[[0,0],[0,0],[0,0],[0,5.64],[0,0],[-3.928,0]],"o":[[0,0],[0,0],[-4.129,0],[0,0],[0,-5.035],[0,0]],"v":[[25.378,-60.425],[25.378,-38.773],[21.048,-38.773],[14.401,-46.225],[14.401,-53.174],[20.041,-60.425]],"c":true},"ix":2},"nm":"Я","mn":"ADBE Vector Shape - Group","hd":false}],"nm":"Я","np":5,"cix":2,"bm":0,"ix":1,"mn":"ADBE Vector Group","hd":false}]},"fFamily":"Bebas Neue"},{"ch":"Б","size":20,"style":"Bold","w":41.5,"data":{"shapes":[{"ty":"gr","it":[{"ind":0,"ty":"sh","ix":1,"ks":{"a":0,"k":{"i":[[0,0],[0,11.279],[0,0],[11.078,0],[0,0],[0,0],[0,0],[0,0],[0,0],[0,0]],"o":[[11.078,0],[0,0],[0,-11.279],[0,0],[0,0],[0,0],[0,0],[0,0],[0,0],[0,0]],"v":[[21.652,0],[38.37,-17.422],[38.37,-24.976],[21.652,-42.398],[15.207,-42.398],[15.207,-60.425],[35.147,-60.425],[35.147,-70.496],[4.129,-70.496],[4.129,0]],"c":true},"ix":2},"nm":"Б","mn":"ADBE Vector Shape - Group","hd":false},{"ind":1,"ty":"sh","ix":2,"ks":{"a":0,"k":{"i":[[0,0],[0,0],[0,0],[0,-5.035],[0,0],[3.525,0]],"o":[[0,0],[0,0],[3.525,0],[0,0],[0,5.035],[0,0]],"v":[[15.207,-10.071],[15.207,-32.327],[21.652,-32.327],[27.292,-25.681],[27.292,-16.718],[21.652,-10.071]],"c":true},"ix":2},"nm":"Б","mn":"ADBE Vector Shape - Group","hd":false}],"nm":"Б","np":5,"cix":2,"bm":0,"ix":1,"mn":"ADBE Vector Group","hd":false}]},"fFamily":"Bebas Neue"},{"ch":"Д","size":20,"style":"Bold","w":48.8,"data":{"shapes":[{"ty":"gr","it":[{"ind":0,"ty":"sh","ix":1,"ks":{"a":0,"k":{"i":[[0,0],[0,0],[0,0],[0,0],[0,0],[0,0],[1.913,-2.417],[0,0],[0,0],[0,0],[0,0],[0,0],[0,0]],"o":[[0,0],[0,0],[0,0],[0,0],[0,0],[-0.201,4.129],[0,0],[0,0],[0,0],[0,0],[0,0],[0,0],[0,0]],"v":[[47.031,9.467],[47.031,-9.869],[42.197,-9.869],[42.197,-70.496],[11.179,-70.496],[8.661,-19.034],[5.942,-9.869],[1.611,-9.869],[1.611,9.467],[12.387,9.467],[12.387,0],[36.053,0],[36.053,9.467]],"c":true},"ix":2},"nm":"Д","mn":"ADBE Vector Shape - Group","hd":false},{"ind":1,"ty":"sh","ix":2,"ks":{"a":0,"k":{"i":[[0,0],[0,0],[0,0],[0,0],[-0.302,5.338]],"o":[[0,0],[0,0],[0,0],[1.813,-1.712],[0,0]],"v":[[21.552,-60.425],[30.917,-60.425],[30.917,-9.869],[16.415,-9.869],[19.537,-19.235]],"c":true},"ix":2},"nm":"Д","mn":"ADBE Vector Shape - Group","hd":false}],"nm":"Д","np":5,"cix":2,"bm":0,"ix":1,"mn":"ADBE Vector Group","hd":false}]},"fFamily":"Bebas Neue"},{"ch":"Щ","size":20,"style":"Bold","w":62.9,"data":{"shapes":[{"ty":"gr","it":[{"ind":0,"ty":"sh","ix":1,"ks":{"a":0,"k":{"i":[[0,0],[0,0],[0,0],[0,0],[0,0],[0,0],[0,0],[0,0],[0,0],[0,0],[0,0],[0,0],[0,0],[0,0],[0,0],[0,0]],"o":[[0,0],[0,0],[0,0],[0,0],[0,0],[0,0],[0,0],[0,0],[0,0],[0,0],[0,0],[0,0],[0,0],[0,0],[0,0],[0,0]],"v":[[56.396,-70.496],[45.319,-70.496],[45.319,-10.071],[35.751,-10.071],[35.751,-70.496],[24.673,-70.496],[24.673,-10.071],[15.106,-10.071],[15.106,-70.496],[4.028,-70.496],[4.028,0],[50.555,0],[50.555,9.467],[61.331,9.467],[61.331,-9.869],[56.396,-9.869]],"c":true},"ix":2},"nm":"Щ","mn":"ADBE Vector Shape - Group","hd":false}],"nm":"Щ","np":3,"cix":2,"bm":0,"ix":1,"mn":"ADBE Vector Group","hd":false}]},"fFamily":"Bebas Neue"},{"ch":"О","size":20,"style":"Bold","w":39.6,"data":{"shapes":[{"ty":"gr","it":[{"ind":0,"ty":"sh","ix":1,"ks":{"a":0,"k":{"i":[[0,0],[-3.525,0],[0,-5.035],[0,0],[3.525,0],[0,5.035]],"o":[[0,-5.035],[3.525,0],[0,0],[0,5.035],[-3.525,0],[0,0]],"v":[[14.2,-54.282],[19.94,-61.23],[25.681,-54.282],[25.681,-16.214],[19.94,-9.265],[14.2,-16.214]],"c":true},"ix":2},"nm":"О","mn":"ADBE Vector Shape - Group","hd":false},{"ind":1,"ty":"sh","ix":2,"ks":{"a":0,"k":{"i":[[0,0],[-10.876,0],[0,11.279],[0,0],[10.876,0],[0,-11.279]],"o":[[0,11.279],[10.876,0],[0,0],[0,-11.279],[-10.876,0],[0,0]],"v":[[3.122,-16.919],[19.94,0.806],[36.758,-16.919],[36.758,-53.577],[19.94,-71.301],[3.122,-53.577]],"c":true},"ix":2},"nm":"О","mn":"ADBE Vector Shape - Group","hd":false}],"nm":"О","np":5,"cix":2,"bm":0,"ix":1,"mn":"ADBE Vector Group","hd":false}]},"fFamily":"Bebas Neue"},{"ch":"З","size":20,"style":"Bold","w":39.6,"data":{"shapes":[{"ty":"gr","it":[{"ind":0,"ty":"sh","ix":1,"ks":{"a":0,"k":{"i":[[0,0],[4.129,0],[0,0],[0,0],[0,0],[0,-6.546],[0,0],[3.525,0],[0,5.035],[0,0],[0,0],[0,0],[-10.876,0],[0,11.279],[0,0],[5.539,2.417],[0,7.553],[0,0],[10.876,0],[0,-11.279],[0,0],[0,0],[0,0],[-3.525,0],[0,-6.345]],"o":[[0,5.64],[0,0],[0,0],[0,0],[5.035,0],[0,0],[0,6.244],[-3.525,0],[0,0],[0,0],[0,0],[0,11.279],[10.876,0],[0,0],[0,-7.15],[5.338,-2.216],[0,0],[0,-11.279],[-10.876,0],[0,0],[0,0],[0,0],[0,-5.035],[3.525,0],[0,0]],"v":[[25.378,-49.246],[18.732,-41.794],[15.408,-41.794],[15.408,-31.723],[18.127,-31.723],[25.378,-22.76],[25.378,-17.221],[19.638,-9.265],[13.898,-16.214],[13.898,-24.673],[3.424,-24.673],[3.424,-16.919],[19.94,0.806],[36.456,-16.919],[36.456,-22.458],[28.702,-37.262],[36.456,-51.764],[36.456,-53.577],[19.94,-71.301],[3.625,-53.778],[3.625,-48.541],[13.797,-48.541],[13.797,-54.282],[19.638,-61.23],[25.378,-53.174]],"c":true},"ix":2},"nm":"З","mn":"ADBE Vector Shape - Group","hd":false}],"nm":"З","np":3,"cix":2,"bm":0,"ix":1,"mn":"ADBE Vector Group","hd":false}]},"fFamily":"Bebas Neue"},{"ch":"Л","size":20,"style":"Bold","w":45,"data":{"shapes":[{"ty":"gr","it":[{"ind":0,"ty":"sh","ix":1,"ks":{"a":0,"k":{"i":[[0,0],[0,0],[-0.403,12.891],[0,0],[0,0],[0,0],[0,0],[0,0],[0,0],[0,0],[5.035,0]],"o":[[0,0],[11.078,0],[0,0],[0,0],[0,0],[0,0],[0,0],[0,0],[0,0],[-0.201,6.546],[0,0]],"v":[[0.906,0.101],[2.618,0.101],[18.732,-17.825],[19.94,-60.425],[29.608,-60.425],[29.608,0],[40.887,0],[40.887,-70.496],[9.567,-70.496],[7.755,-17.221],[0.906,-9.97]],"c":true},"ix":2},"nm":"Л","mn":"ADBE Vector Shape - Group","hd":false}],"nm":"Л","np":3,"cix":2,"bm":0,"ix":1,"mn":"ADBE Vector Group","hd":false}]},"fFamily":"Bebas Neue"},{"ch":"Ь","size":20,"style":"Bold","w":39.2,"data":{"shapes":[{"ty":"gr","it":[{"ind":0,"ty":"sh","ix":1,"ks":{"a":0,"k":{"i":[[0,0],[0,11.279],[0,0],[11.078,0],[0,0],[0,0],[0,0],[0,0]],"o":[[11.078,0],[0,0],[0,-11.279],[0,0],[0,0],[0,0],[0,0],[0,0]],"v":[[20.343,0],[36.859,-17.422],[36.859,-26.587],[20.343,-44.009],[15.106,-44.009],[15.106,-70.496],[4.028,-70.496],[4.028,0]],"c":true},"ix":2},"nm":"Ь","mn":"ADBE Vector Shape - Group","hd":false},{"ind":1,"ty":"sh","ix":2,"ks":{"a":0,"k":{"i":[[0,0],[0,0],[0,0],[0,-5.035],[0,0],[3.525,0]],"o":[[0,0],[0,0],[3.525,0],[0,0],[0,5.035],[0,0]],"v":[[15.106,-10.071],[15.106,-33.939],[20.343,-33.939],[25.781,-27.292],[25.781,-16.718],[20.343,-10.071]],"c":true},"ix":2},"nm":"Ь","mn":"ADBE Vector Shape - Group","hd":false}],"nm":"Ь","np":5,"cix":2,"bm":0,"ix":1,"mn":"ADBE Vector Group","hd":false}]},"fFamily":"Bebas Neue"},{"ch":"Н","size":20,"style":"Bold","w":42.7,"data":{"shapes":[{"ty":"gr","it":[{"ind":0,"ty":"sh","ix":1,"ks":{"a":0,"k":{"i":[[0,0],[0,0],[0,0],[0,0],[0,0],[0,0],[0,0],[0,0],[0,0],[0,0],[0,0],[0,0]],"o":[[0,0],[0,0],[0,0],[0,0],[0,0],[0,0],[0,0],[0,0],[0,0],[0,0],[0,0],[0,0]],"v":[[15.106,-30.212],[27.695,-30.212],[27.695,0],[38.974,0],[38.974,-70.496],[27.695,-70.496],[27.695,-40.283],[15.106,-40.283],[15.106,-70.496],[4.028,-70.496],[4.028,0],[15.106,0]],"c":true},"ix":2},"nm":"Н","mn":"ADBE Vector Shape - Group","hd":false}],"nm":"Н","np":3,"cix":2,"bm":0,"ix":1,"mn":"ADBE Vector Group","hd":false}]},"fFamily":"Bebas Neue"},{"ch":"\r","size":20,"style":"Bold","w":0,"fFamily":"Bebas Neue"},{"ch":"П","size":20,"style":"Bold","w":42.7,"data":{"shapes":[{"ty":"gr","it":[{"ind":0,"ty":"sh","ix":1,"ks":{"a":0,"k":{"i":[[0,0],[0,0],[0,0],[0,0],[0,0],[0,0],[0,0],[0,0]],"o":[[0,0],[0,0],[0,0],[0,0],[0,0],[0,0],[0,0],[0,0]],"v":[[15.106,-60.425],[27.695,-60.425],[27.695,0],[38.974,0],[38.974,-70.496],[4.028,-70.496],[4.028,0],[15.106,0]],"c":true},"ix":2},"nm":"П","mn":"ADBE Vector Shape - Group","hd":false}],"nm":"П","np":3,"cix":2,"bm":0,"ix":1,"mn":"ADBE Vector Group","hd":false}]},"fFamily":"Bebas Neue"},{"ch":"Ы","size":20,"style":"Bold","w":57.9,"data":{"shapes":[{"ty":"gr","it":[{"ind":0,"ty":"sh","ix":1,"ks":{"a":0,"k":{"i":[[0,0],[0,11.279],[0,0],[11.078,0],[0,0],[0,0],[0,0],[0,0]],"o":[[11.078,0],[0,0],[0,-11.279],[0,0],[0,0],[0,0],[0,0],[0,0]],"v":[[20.343,0],[36.859,-17.422],[36.859,-26.587],[20.343,-44.009],[15.106,-44.009],[15.106,-70.496],[4.028,-70.496],[4.028,0]],"c":true},"ix":2},"nm":"Ы","mn":"ADBE Vector Shape - Group","hd":false},{"ind":1,"ty":"sh","ix":2,"ks":{"a":0,"k":{"i":[[0,0],[0,0],[0,0],[0,-5.035],[0,0],[3.525,0]],"o":[[0,0],[0,0],[3.525,0],[0,0],[0,5.035],[0,0]],"v":[[15.106,-10.071],[15.106,-33.939],[20.343,-33.939],[25.781,-27.292],[25.781,-16.718],[20.343,-10.071]],"c":true},"ix":2},"nm":"Ы","mn":"ADBE Vector Shape - Group","hd":false},{"ind":2,"ty":"sh","ix":3,"ks":{"a":0,"k":{"i":[[0,0],[0,0],[0,0],[0,0]],"o":[[0,0],[0,0],[0,0],[0,0]],"v":[[54.282,0],[54.282,-70.496],[43.204,-70.496],[43.204,0]],"c":true},"ix":2},"nm":"Ы","mn":"ADBE Vector Shape - Group","hd":false}],"nm":"Ы","np":6,"cix":2,"bm":0,"ix":1,"mn":"ADBE Vector Group","hd":false}]},"fFamily":"Bebas Neue"},{"ch":"Г","size":20,"style":"Bold","w":36.5,"data":{"shapes":[{"ty":"gr","it":[{"ind":0,"ty":"sh","ix":1,"ks":{"a":0,"k":{"i":[[0,0],[0,0],[0,0],[0,0],[0,0],[0,0]],"o":[[0,0],[0,0],[0,0],[0,0],[0,0],[0,0]],"v":[[15.207,0],[15.207,-60.425],[33.334,-60.425],[33.334,-70.496],[4.129,-70.496],[4.129,0]],"c":true},"ix":2},"nm":"Г","mn":"ADBE Vector Shape - Group","hd":false}],"nm":"Г","np":3,"cix":2,"bm":0,"ix":1,"mn":"ADBE Vector Group","hd":false}]},"fFamily":"Bebas Neue"},{"ch":"I","size":20,"style":"Regular","w":19,"data":{"shapes":[{"ty":"gr","it":[{"ind":0,"ty":"sh","ix":1,"ks":{"a":0,"k":{"i":[[0,0],[0,0],[0,0],[0,0]],"o":[[0,0],[0,0],[0,0],[0,0]],"v":[[4.028,0],[15.106,0],[15.106,-70.496],[4.028,-70.496]],"c":true},"ix":2},"nm":"I","mn":"ADBE Vector Shape - Group","hd":false}],"nm":"I","np":3,"cix":2,"bm":0,"ix":1,"mn":"ADBE Vector Group","hd":false}]},"fFamily":"Bebas Neue"},{"ch":"N","size":20,"style":"Regular","w":42.7,"data":{"shapes":[{"ty":"gr","it":[{"ind":0,"ty":"sh","ix":1,"ks":{"a":0,"k":{"i":[[0,0],[0,0],[0,0],[0,0],[0,0],[0,0],[0,0],[0,0],[0,0],[0,0],[0,0],[0,0]],"o":[[0,0],[0,0],[0,0],[0,0],[0,0],[0,0],[0,0],[0,0],[0,0],[0,0],[0,0],[0,0]],"v":[[27.695,0],[39.075,0],[39.075,-70.496],[29.205,-70.496],[29.205,-28.299],[29.004,-28.299],[17.825,-70.496],[3.928,-70.496],[3.928,0],[13.898,0],[13.898,-51.059],[14.099,-51.059]],"c":true},"ix":2},"nm":"N","mn":"ADBE Vector Shape - Group","hd":false}],"nm":"N","np":3,"cix":2,"bm":0,"ix":1,"mn":"ADBE Vector Group","hd":false}]},"fFamily":"Bebas Neue"},{"ch":" ","size":20,"style":"Regular","w":15.5,"data":{},"fFamily":"Bebas Neue"},{"ch":"F","size":20,"style":"Regular","w":34.4,"data":{"shapes":[{"ty":"gr","it":[{"ind":0,"ty":"sh","ix":1,"ks":{"a":0,"k":{"i":[[0,0],[0,0],[0,0],[0,0],[0,0],[0,0],[0,0],[0,0],[0,0],[0,0]],"o":[[0,0],[0,0],[0,0],[0,0],[0,0],[0,0],[0,0],[0,0],[0,0],[0,0]],"v":[[15.106,-60.425],[33.334,-60.425],[33.334,-70.496],[4.028,-70.496],[4.028,0],[15.106,0],[15.106,-29.105],[29.407,-29.105],[29.407,-39.175],[15.106,-39.175]],"c":true},"ix":2},"nm":"F","mn":"ADBE Vector Shape - Group","hd":false}],"nm":"F","np":3,"cix":2,"bm":0,"ix":1,"mn":"ADBE Vector Group","hd":false}]},"fFamily":"Bebas Neue"},{"ch":"U","size":20,"style":"Regular","w":39.8,"data":{"shapes":[{"ty":"gr","it":[{"ind":0,"ty":"sh","ix":1,"ks":{"a":0,"k":{"i":[[0,0],[0,0],[-10.876,0],[0,11.279],[0,0],[0,0],[0,0],[3.525,0],[0,5.035],[0,0]],"o":[[0,0],[0,11.279],[10.876,0],[0,0],[0,0],[0,0],[0,5.035],[-3.525,0],[0,0],[0,0]],"v":[[3.525,-70.496],[3.525,-16.818],[20.041,0.906],[36.557,-16.818],[36.557,-70.496],[26.083,-70.496],[26.083,-16.113],[20.343,-9.265],[14.603,-16.113],[14.603,-70.496]],"c":true},"ix":2},"nm":"U","mn":"ADBE Vector Shape - Group","hd":false}],"nm":"U","np":3,"cix":2,"bm":0,"ix":1,"mn":"ADBE Vector Group","hd":false}]},"fFamily":"Bebas Neue"},{"ch":"T","size":20,"style":"Regular","w":35.6,"data":{"shapes":[{"ty":"gr","it":[{"ind":0,"ty":"sh","ix":1,"ks":{"a":0,"k":{"i":[[0,0],[0,0],[0,0],[0,0],[0,0],[0,0],[0,0],[0,0]],"o":[[0,0],[0,0],[0,0],[0,0],[0,0],[0,0],[0,0],[0,0]],"v":[[0.806,-60.425],[12.387,-60.425],[12.387,0],[23.465,0],[23.465,-60.425],[35.046,-60.425],[35.046,-70.496],[0.806,-70.496]],"c":true},"ix":2},"nm":"T","mn":"ADBE Vector Shape - Group","hd":false}],"nm":"T","np":3,"cix":2,"bm":0,"ix":1,"mn":"ADBE Vector Group","hd":false}]},"fFamily":"Bebas Neue"},{"ch":"R","size":20,"style":"Regular","w":40.2,"data":{"shapes":[{"ty":"gr","it":[{"ind":0,"ty":"sh","ix":1,"ks":{"a":0,"k":{"i":[[0,0],[0,3.424],[0,0],[5.539,2.316],[0,0],[0,7.251],[0,0],[11.481,0],[0,0],[0,0],[0,0],[0,0],[0,0],[0,-6.546],[0,0],[-0.604,-1.813]],"o":[[-1.108,-2.618],[0,0],[0,-7.352],[0,0],[4.935,-2.316],[0,0],[0,-10.876],[0,0],[0,0],[0,0],[0,0],[0,0],[5.035,0],[0,0],[0,5.74],[0,0]],"v":[[38.47,0],[37.262,-8.56],[37.262,-19.437],[29.91,-34.341],[29.91,-34.543],[37.161,-48.743],[37.161,-54.282],[20.746,-70.496],[4.028,-70.496],[4.028,0],[15.106,0],[15.106,-28.702],[18.933,-28.702],[26.184,-19.739],[26.184,-8.661],[27.191,0]],"c":true},"ix":2},"nm":"R","mn":"ADBE Vector Shape - Group","hd":false},{"ind":1,"ty":"sh","ix":2,"ks":{"a":0,"k":{"i":[[0,0],[0,-5.035],[0,0],[4.129,0],[0,0],[0,0]],"o":[[3.928,0],[0,0],[0,5.64],[0,0],[0,0],[0,0]],"v":[[20.444,-60.425],[26.083,-53.174],[26.083,-46.225],[19.437,-38.773],[15.106,-38.773],[15.106,-60.425]],"c":true},"ix":2},"nm":"R","mn":"ADBE Vector Shape - Group","hd":false}],"nm":"R","np":5,"cix":2,"bm":0,"ix":1,"mn":"ADBE Vector Group","hd":false}]},"fFamily":"Bebas Neue"},{"ch":"E","size":20,"style":"Regular","w":36.8,"data":{"shapes":[{"ty":"gr","it":[{"ind":0,"ty":"sh","ix":1,"ks":{"a":0,"k":{"i":[[0,0],[0,0],[0,0],[0,0],[0,0],[0,0],[0,0],[0,0],[0,0],[0,0],[0,0],[0,0]],"o":[[0,0],[0,0],[0,0],[0,0],[0,0],[0,0],[0,0],[0,0],[0,0],[0,0],[0,0],[0,0]],"v":[[15.106,-60.425],[34.241,-60.425],[34.241,-70.496],[4.028,-70.496],[4.028,0],[34.241,0],[34.241,-10.071],[15.106,-10.071],[15.106,-30.716],[30.313,-30.716],[30.313,-40.787],[15.106,-40.787]],"c":true},"ix":2},"nm":"E","mn":"ADBE Vector Shape - Group","hd":false}],"nm":"E","np":3,"cix":2,"bm":0,"ix":1,"mn":"ADBE Vector Group","hd":false}]},"fFamily":"Bebas Neue"},{"ch":",","size":20,"style":"Regular","w":18.6,"data":{"shapes":[{"ty":"gr","it":[{"ind":0,"ty":"sh","ix":1,"ks":{"a":0,"k":{"i":[[0,0],[0,0],[0,0],[0,0],[0,0],[0,0],[0,0]],"o":[[0,0],[0,0],[0,0],[0,0],[0,0],[0,0],[0,0]],"v":[[8.258,0],[5.338,10.071],[9.869,10.071],[14.703,-1.108],[14.703,-10.675],[4.028,-10.675],[4.028,0]],"c":true},"ix":2},"nm":",","mn":"ADBE Vector Shape - Group","hd":false}],"nm":",","np":3,"cix":2,"bm":0,"ix":1,"mn":"ADBE Vector Group","hd":false}]},"fFamily":"Bebas Neue"},{"ch":"P","size":20,"style":"Regular","w":37.7,"data":{"shapes":[{"ty":"gr","it":[{"ind":0,"ty":"sh","ix":1,"ks":{"a":0,"k":{"i":[[11.078,0],[0,0],[0,0],[0,0],[0,0],[0,0],[0,11.279],[0,0]],"o":[[0,0],[0,0],[0,0],[0,0],[0,0],[11.078,0],[0,0],[0,-11.279]],"v":[[20.343,-70.496],[4.028,-70.496],[4.028,0],[15.106,0],[15.106,-26.486],[20.343,-26.486],[36.859,-43.909],[36.859,-53.073]],"c":true},"ix":2},"nm":"P","mn":"ADBE Vector Shape - Group","hd":false},{"ind":1,"ty":"sh","ix":2,"ks":{"a":0,"k":{"i":[[0,0],[0,-5.035],[0,0],[3.525,0],[0,0],[0,0]],"o":[[3.525,0],[0,0],[0,5.035],[0,0],[0,0],[0,0]],"v":[[20.343,-60.425],[25.781,-53.778],[25.781,-43.204],[20.343,-36.557],[15.106,-36.557],[15.106,-60.425]],"c":true},"ix":2},"nm":"P","mn":"ADBE Vector Shape - Group","hd":false}],"nm":"P","np":5,"cix":2,"bm":0,"ix":1,"mn":"ADBE Vector Group","hd":false}]},"fFamily":"Bebas Neue"},{"ch":"L","size":20,"style":"Regular","w":33.9,"data":{"shapes":[{"ty":"gr","it":[{"ind":0,"ty":"sh","ix":1,"ks":{"a":0,"k":{"i":[[0,0],[0,0],[0,0],[0,0],[0,0],[0,0]],"o":[[0,0],[0,0],[0,0],[0,0],[0,0],[0,0]],"v":[[4.028,0],[33.334,0],[33.334,-10.071],[15.106,-10.071],[15.106,-70.496],[4.028,-70.496]],"c":true},"ix":2},"nm":"L","mn":"ADBE Vector Shape - Group","hd":false}],"nm":"L","np":3,"cix":2,"bm":0,"ix":1,"mn":"ADBE Vector Group","hd":false}]},"fFamily":"Bebas Neue"},{"ch":"A","size":20,"style":"Regular","w":40.7,"data":{"shapes":[{"ty":"gr","it":[{"ind":0,"ty":"sh","ix":1,"ks":{"a":0,"k":{"i":[[0,0],[0,0],[0,0],[0,0],[0,0],[0,0],[0,0],[0,0]],"o":[[0,0],[0,0],[0,0],[0,0],[0,0],[0,0],[0,0],[0,0]],"v":[[28.601,-70.496],[12.387,-70.496],[1.108,0],[11.279,0],[13.193,-12.79],[26.788,-12.79],[28.702,0],[39.88,0]],"c":true},"ix":2},"nm":"A","mn":"ADBE Vector Shape - Group","hd":false},{"ind":1,"ty":"sh","ix":2,"ks":{"a":0,"k":{"i":[[0,0],[0,0],[0,0],[0,0]],"o":[[0,0],[0,0],[0,0],[0,0]],"v":[[19.839,-58.008],[20.041,-58.008],[25.278,-22.357],[14.603,-22.357]],"c":true},"ix":2},"nm":"A","mn":"ADBE Vector Shape - Group","hd":false}],"nm":"A","np":5,"cix":2,"bm":0,"ix":1,"mn":"ADBE Vector Group","hd":false}]},"fFamily":"Bebas Neue"},{"ch":"S","size":20,"style":"Regular","w":37.4,"data":{"shapes":[{"ty":"gr","it":[{"ind":0,"ty":"sh","ix":1,"ks":{"a":0,"k":{"i":[[0,-11.279],[-9.265,-8.157],[0,-5.136],[3.525,0],[0,5.035],[0,0],[0,0],[0,0],[-10.876,0],[0,11.279],[9.265,8.157],[0,5.136],[-3.525,0],[0,-5.035],[0,0],[0,0],[0,0],[10.776,0]],"o":[[0,8.057],[7.251,6.345],[0,5.035],[-3.525,0],[0,0],[0,0],[0,0],[0,11.279],[10.876,0],[0,-8.057],[-7.251,-6.345],[0,-5.035],[3.525,0],[0,0],[0,0],[0,0],[0,-11.279],[-10.776,0]],"v":[[2.618,-53.577],[14.804,-31.522],[24.271,-16.214],[18.53,-9.366],[12.79,-16.214],[12.79,-21.249],[2.316,-21.249],[2.316,-16.919],[18.832,0.806],[35.349,-16.919],[23.163,-38.974],[13.696,-54.282],[19.235,-61.23],[24.774,-54.282],[24.774,-51.361],[35.248,-51.361],[35.248,-53.577],[18.933,-71.301]],"c":true},"ix":2},"nm":"S","mn":"ADBE Vector Shape - Group","hd":false}],"nm":"S","np":3,"cix":2,"bm":0,"ix":1,"mn":"ADBE Vector Group","hd":false}]},"fFamily":"Bebas Neue"},{"ch":"M","size":20,"style":"Regular","w":54.1,"data":{"shapes":[{"ty":"gr","it":[{"ind":0,"ty":"sh","ix":1,"ks":{"a":0,"k":{"i":[[0,0],[0,0],[0,0],[0,0],[0,0],[0,0],[0,0],[0,0],[0,0],[0,0],[0,0],[0,0],[0,0],[0,0],[0,0],[0,0]],"o":[[0,0],[0,0],[0,0],[0,0],[0,0],[0,0],[0,0],[0,0],[0,0],[0,0],[0,0],[0,0],[0,0],[0,0],[0,0],[0,0]],"v":[[19.336,-70.496],[3.928,-70.496],[3.928,0],[13.596,0],[13.596,-49.85],[13.797,-49.85],[21.854,0],[32.327,0],[39.78,-50.555],[39.981,-50.555],[39.981,0],[50.455,0],[50.455,-70.496],[35.046,-70.496],[27.594,-20.444],[27.393,-20.444]],"c":true},"ix":2},"nm":"M","mn":"ADBE Vector Shape - Group","hd":false}],"nm":"M","np":3,"cix":2,"bm":0,"ix":1,"mn":"ADBE Vector Group","hd":false}]},"fFamily":"Bebas Neue"},{"ch":"K","size":20,"style":"Regular","w":41.4,"data":{"shapes":[{"ty":"gr","it":[{"ind":0,"ty":"sh","ix":1,"ks":{"a":0,"k":{"i":[[0,0],[0,0],[0,0],[0,0],[0,0],[0,0],[0,0],[0,0],[0,0],[0,0],[0,0],[0,0],[0,0]],"o":[[0,0],[0,0],[0,0],[0,0],[0,0],[0,0],[0,0],[0,0],[0,0],[0,0],[0,0],[0,0],[0,0]],"v":[[29.306,0],[40.686,0],[25.278,-39.075],[40.686,-70.496],[29.608,-70.496],[15.308,-39.981],[15.106,-39.981],[15.106,-70.496],[4.028,-70.496],[4.028,0],[15.106,0],[15.106,-21.652],[18.53,-28.098]],"c":true},"ix":2},"nm":"K","mn":"ADBE Vector Shape - Group","hd":false}],"nm":"K","np":3,"cix":2,"bm":0,"ix":1,"mn":"ADBE Vector Group","hd":false}]},"fFamily":"Bebas Neue"},{"ch":"\r","size":20,"style":"Regular","w":0,"fFamily":"Bebas Neue"},{"ch":"H","size":20,"style":"Regular","w":42.7,"data":{"shapes":[{"ty":"gr","it":[{"ind":0,"ty":"sh","ix":1,"ks":{"a":0,"k":{"i":[[0,0],[0,0],[0,0],[0,0],[0,0],[0,0],[0,0],[0,0],[0,0],[0,0],[0,0],[0,0]],"o":[[0,0],[0,0],[0,0],[0,0],[0,0],[0,0],[0,0],[0,0],[0,0],[0,0],[0,0],[0,0]],"v":[[15.106,-30.212],[27.695,-30.212],[27.695,0],[38.974,0],[38.974,-70.496],[27.695,-70.496],[27.695,-40.283],[15.106,-40.283],[15.106,-70.496],[4.028,-70.496],[4.028,0],[15.106,0]],"c":true},"ix":2},"nm":"H","mn":"ADBE Vector Shape - Group","hd":false}],"nm":"H","np":3,"cix":2,"bm":0,"ix":1,"mn":"ADBE Vector Group","hd":false}]},"fFamily":"Bebas Neue"},{"ch":"Y","size":20,"style":"Regular","w":39.6,"data":{"shapes":[{"ty":"gr","it":[{"ind":0,"ty":"sh","ix":1,"ks":{"a":0,"k":{"i":[[0,0],[0,0],[0,0],[0,0],[0,0],[0,0],[0,0],[0,0],[0,0],[0,0]],"o":[[0,0],[0,0],[0,0],[0,0],[0,0],[0,0],[0,0],[0,0],[0,0],[0,0]],"v":[[14.401,0],[25.479,0],[25.479,-23.364],[39.478,-70.496],[28.903,-70.496],[20.544,-38.37],[20.343,-38.37],[11.984,-70.496],[0.403,-70.496],[14.401,-23.364]],"c":true},"ix":2},"nm":"Y","mn":"ADBE Vector Shape - Group","hd":false}],"nm":"Y","np":3,"cix":2,"bm":0,"ix":1,"mn":"ADBE Vector Group","hd":false}]},"fFamily":"Bebas Neue"},{"ch":"O","size":20,"style":"Regular","w":39.6,"data":{"shapes":[{"ty":"gr","it":[{"ind":0,"ty":"sh","ix":1,"ks":{"a":0,"k":{"i":[[0,0],[-3.525,0],[0,-5.035],[0,0],[3.525,0],[0,5.035]],"o":[[0,-5.035],[3.525,0],[0,0],[0,5.035],[-3.525,0],[0,0]],"v":[[14.2,-54.282],[19.94,-61.23],[25.681,-54.282],[25.681,-16.214],[19.94,-9.265],[14.2,-16.214]],"c":true},"ix":2},"nm":"O","mn":"ADBE Vector Shape - Group","hd":false},{"ind":1,"ty":"sh","ix":2,"ks":{"a":0,"k":{"i":[[0,0],[-10.876,0],[0,11.279],[0,0],[10.876,0],[0,-11.279]],"o":[[0,11.279],[10.876,0],[0,0],[0,-11.279],[-10.876,0],[0,0]],"v":[[3.122,-16.919],[19.94,0.806],[36.758,-16.919],[36.758,-53.577],[19.94,-71.301],[3.122,-53.577]],"c":true},"ix":2},"nm":"O","mn":"ADBE Vector Shape - Group","hd":false}],"nm":"O","np":5,"cix":2,"bm":0,"ix":1,"mn":"ADBE Vector Group","hd":false}]},"fFamily":"Bebas Neue"},{"ch":"D","size":20,"style":"Regular","w":40.8,"data":{"shapes":[{"ty":"gr","it":[{"ind":0,"ty":"sh","ix":1,"ks":{"a":0,"k":{"i":[[0,0],[0,0],[0,11.279],[0,0],[11.078,0],[0,0]],"o":[[0,0],[11.078,0],[0,0],[0,-11.279],[0,0],[0,0]],"v":[[4.028,0],[21.552,0],[38.068,-17.422],[38.068,-53.073],[21.552,-70.496],[4.028,-70.496]],"c":true},"ix":2},"nm":"D","mn":"ADBE Vector Shape - Group","hd":false},{"ind":1,"ty":"sh","ix":2,"ks":{"a":0,"k":{"i":[[0,0],[0,-5.035],[0,0],[3.525,0],[0,0],[0,0]],"o":[[3.525,0],[0,0],[0,5.035],[0,0],[0,0],[0,0]],"v":[[21.35,-60.425],[26.99,-53.577],[26.99,-16.919],[21.35,-10.071],[15.106,-10.071],[15.106,-60.425]],"c":true},"ix":2},"nm":"D","mn":"ADBE Vector Shape - Group","hd":false}],"nm":"D","np":5,"cix":2,"bm":0,"ix":1,"mn":"ADBE Vector Group","hd":false}]},"fFamily":"Bebas Neue"},{"ch":"V","size":20,"style":"Regular","w":40.2,"data":{"shapes":[{"ty":"gr","it":[{"ind":0,"ty":"sh","ix":1,"ks":{"a":0,"k":{"i":[[0,0],[0,0],[0,0],[0,0],[0,0],[0,0],[0,0],[0,0]],"o":[[0,0],[0,0],[0,0],[0,0],[0,0],[0,0],[0,0],[0,0]],"v":[[12.286,-70.496],[1.108,-70.496],[11.984,0],[28.5,0],[39.377,-70.496],[29.205,-70.496],[20.847,-12.991],[20.645,-12.991]],"c":true},"ix":2},"nm":"V","mn":"ADBE Vector Shape - Group","hd":false}],"nm":"V","np":3,"cix":2,"bm":0,"ix":1,"mn":"ADBE Vector Group","hd":false}]},"fFamily":"Bebas Neue"},{"ch":"G","size":20,"style":"Regular","w":39,"data":{"shapes":[{"ty":"gr","it":[{"ind":0,"ty":"sh","ix":1,"ks":{"a":0,"k":{"i":[[0,0],[0,0],[0,0],[3.525,0],[0,5.035],[0,0],[-3.525,0],[0,-5.035],[0,0],[0,0],[0,0],[10.876,0],[0,-11.279],[0,0],[-10.876,0],[0,11.279],[0,0],[0,0]],"o":[[0,0],[0,0],[0,5.035],[-3.525,0],[0,0],[0,-5.035],[3.525,0],[0,0],[0,0],[0,0],[0,-11.279],[-10.876,0],[0,0],[0,11.279],[10.876,0],[0,0],[0,0],[0,0]],"v":[[20.645,-29.205],[25.681,-29.205],[25.681,-16.214],[19.94,-9.366],[14.2,-16.214],[14.2,-54.282],[19.94,-61.23],[25.681,-54.282],[25.681,-46.729],[36.154,-46.729],[36.154,-53.577],[19.638,-71.301],[3.122,-53.577],[3.122,-16.919],[19.638,0.806],[36.154,-16.919],[36.154,-39.276],[20.645,-39.276]],"c":true},"ix":2},"nm":"G","mn":"ADBE Vector Shape - Group","hd":false}],"nm":"G","np":3,"cix":2,"bm":0,"ix":1,"mn":"ADBE Vector Group","hd":false}]},"fFamily":"Bebas Neue"},{"ch":"C","size":20,"style":"Regular","w":38.6,"data":{"shapes":[{"ty":"gr","it":[{"ind":0,"ty":"sh","ix":1,"ks":{"a":0,"k":{"i":[[0,0],[0,0],[3.525,0],[0,5.035],[0,0],[-3.525,0],[0,-5.035],[0,0],[0,0],[0,0],[10.876,0],[0,-11.279],[0,0],[-10.876,0],[0,11.279],[0,0]],"o":[[0,0],[0,5.035],[-3.525,0],[0,0],[0,-5.035],[3.525,0],[0,0],[0,0],[0,0],[0,-11.279],[-10.876,0],[0,0],[0,11.279],[10.876,0],[0,0],[0,0]],"v":[[25.681,-26.285],[25.681,-16.214],[19.94,-9.366],[14.2,-16.214],[14.2,-54.282],[19.94,-61.23],[25.681,-54.282],[25.681,-46.729],[36.154,-46.729],[36.154,-53.577],[19.638,-71.301],[3.122,-53.577],[3.122,-16.919],[19.638,0.806],[36.154,-16.919],[36.154,-26.285]],"c":true},"ix":2},"nm":"C","mn":"ADBE Vector Shape - Group","hd":false}],"nm":"C","np":3,"cix":2,"bm":0,"ix":1,"mn":"ADBE Vector Group","hd":false}]},"fFamily":"Bebas Neue"},{"ch":"!","size":20,"style":"Regular","w":19,"data":{"shapes":[{"ty":"gr","it":[{"ind":0,"ty":"sh","ix":1,"ks":{"a":0,"k":{"i":[[0,0],[0,0],[0,0],[0,0],[0,0],[0,0]],"o":[[0,0],[0,0],[0,0],[0,0],[0,0],[0,0]],"v":[[13.696,-15.61],[15.106,-41.089],[15.106,-70.496],[4.028,-70.496],[4.028,-41.089],[5.438,-15.61]],"c":true},"ix":2},"nm":"!","mn":"ADBE Vector Shape - Group","hd":false},{"ind":1,"ty":"sh","ix":2,"ks":{"a":0,"k":{"i":[[0,0],[0,0],[0,0],[0,0]],"o":[[0,0],[0,0],[0,0],[0,0]],"v":[[4.23,-10.675],[4.23,0],[14.905,0],[14.905,-10.675]],"c":true},"ix":2},"nm":"!","mn":"ADBE Vector Shape - Group","hd":false}],"nm":"!","np":5,"cix":2,"bm":0,"ix":1,"mn":"ADBE Vector Group","hd":false}]},"fFamily":"Bebas Neue"},{"ch":"y","size":29,"style":"Regular","w":39.6,"data":{"shapes":[{"ty":"gr","it":[{"ind":0,"ty":"sh","ix":1,"ks":{"a":0,"k":{"i":[[0,0],[0,0],[0,0],[0,0],[0,0],[0,0],[0,0],[0,0],[0,0],[0,0]],"o":[[0,0],[0,0],[0,0],[0,0],[0,0],[0,0],[0,0],[0,0],[0,0],[0,0]],"v":[[14.401,0],[25.479,0],[25.479,-23.364],[39.478,-70.496],[28.903,-70.496],[20.544,-38.37],[20.343,-38.37],[11.984,-70.496],[0.403,-70.496],[14.401,-23.364]],"c":true},"ix":2},"nm":"y","mn":"ADBE Vector Shape - Group","hd":false}],"nm":"y","np":3,"cix":2,"bm":0,"ix":1,"mn":"ADBE Vector Group","hd":false}]},"fFamily":"Bebas Neue"},{"ch":"o","size":29,"style":"Regular","w":39.6,"data":{"shapes":[{"ty":"gr","it":[{"ind":0,"ty":"sh","ix":1,"ks":{"a":0,"k":{"i":[[0,0],[-3.525,0],[0,-5.035],[0,0],[3.525,0],[0,5.035]],"o":[[0,-5.035],[3.525,0],[0,0],[0,5.035],[-3.525,0],[0,0]],"v":[[14.2,-54.282],[19.94,-61.23],[25.681,-54.282],[25.681,-16.214],[19.94,-9.265],[14.2,-16.214]],"c":true},"ix":2},"nm":"o","mn":"ADBE Vector Shape - Group","hd":false},{"ind":1,"ty":"sh","ix":2,"ks":{"a":0,"k":{"i":[[0,0],[-10.876,0],[0,11.279],[0,0],[10.876,0],[0,-11.279]],"o":[[0,11.279],[10.876,0],[0,0],[0,-11.279],[-10.876,0],[0,0]],"v":[[3.122,-16.919],[19.94,0.806],[36.758,-16.919],[36.758,-53.577],[19.94,-71.301],[3.122,-53.577]],"c":true},"ix":2},"nm":"o","mn":"ADBE Vector Shape - Group","hd":false}],"nm":"o","np":5,"cix":2,"bm":0,"ix":1,"mn":"ADBE Vector Group","hd":false}]},"fFamily":"Bebas Neue"},{"ch":"u","size":29,"style":"Regular","w":39.8,"data":{"shapes":[{"ty":"gr","it":[{"ind":0,"ty":"sh","ix":1,"ks":{"a":0,"k":{"i":[[0,0],[0,0],[-10.876,0],[0,11.279],[0,0],[0,0],[0,0],[3.525,0],[0,5.035],[0,0]],"o":[[0,0],[0,11.279],[10.876,0],[0,0],[0,0],[0,0],[0,5.035],[-3.525,0],[0,0],[0,0]],"v":[[3.525,-70.496],[3.525,-16.818],[20.041,0.906],[36.557,-16.818],[36.557,-70.496],[26.083,-70.496],[26.083,-16.113],[20.343,-9.265],[14.603,-16.113],[14.603,-70.496]],"c":true},"ix":2},"nm":"u","mn":"ADBE Vector Shape - Group","hd":false}],"nm":"u","np":3,"cix":2,"bm":0,"ix":1,"mn":"ADBE Vector Group","hd":false}]},"fFamily":"Bebas Neue"},{"ch":"r","size":29,"style":"Regular","w":40.2,"data":{"shapes":[{"ty":"gr","it":[{"ind":0,"ty":"sh","ix":1,"ks":{"a":0,"k":{"i":[[0,0],[0,3.424],[0,0],[5.539,2.316],[0,0],[0,7.251],[0,0],[11.481,0],[0,0],[0,0],[0,0],[0,0],[0,0],[0,-6.546],[0,0],[-0.604,-1.813]],"o":[[-1.108,-2.618],[0,0],[0,-7.352],[0,0],[4.935,-2.316],[0,0],[0,-10.876],[0,0],[0,0],[0,0],[0,0],[0,0],[5.035,0],[0,0],[0,5.74],[0,0]],"v":[[38.47,0],[37.262,-8.56],[37.262,-19.437],[29.91,-34.341],[29.91,-34.543],[37.161,-48.743],[37.161,-54.282],[20.746,-70.496],[4.028,-70.496],[4.028,0],[15.106,0],[15.106,-28.702],[18.933,-28.702],[26.184,-19.739],[26.184,-8.661],[27.191,0]],"c":true},"ix":2},"nm":"r","mn":"ADBE Vector Shape - Group","hd":false},{"ind":1,"ty":"sh","ix":2,"ks":{"a":0,"k":{"i":[[0,0],[0,-5.035],[0,0],[4.129,0],[0,0],[0,0]],"o":[[3.928,0],[0,0],[0,5.64],[0,0],[0,0],[0,0]],"v":[[20.444,-60.425],[26.083,-53.174],[26.083,-46.225],[19.437,-38.773],[15.106,-38.773],[15.106,-60.425]],"c":true},"ix":2},"nm":"r","mn":"ADBE Vector Shape - Group","hd":false}],"nm":"r","np":5,"cix":2,"bm":0,"ix":1,"mn":"ADBE Vector Group","hd":false}]},"fFamily":"Bebas Neue"},{"ch":"p","size":29,"style":"Regular","w":37.7,"data":{"shapes":[{"ty":"gr","it":[{"ind":0,"ty":"sh","ix":1,"ks":{"a":0,"k":{"i":[[11.078,0],[0,0],[0,0],[0,0],[0,0],[0,0],[0,11.279],[0,0]],"o":[[0,0],[0,0],[0,0],[0,0],[0,0],[11.078,0],[0,0],[0,-11.279]],"v":[[20.343,-70.496],[4.028,-70.496],[4.028,0],[15.106,0],[15.106,-26.486],[20.343,-26.486],[36.859,-43.909],[36.859,-53.073]],"c":true},"ix":2},"nm":"p","mn":"ADBE Vector Shape - Group","hd":false},{"ind":1,"ty":"sh","ix":2,"ks":{"a":0,"k":{"i":[[0,0],[0,-5.035],[0,0],[3.525,0],[0,0],[0,0]],"o":[[3.525,0],[0,0],[0,5.035],[0,0],[0,0],[0,0]],"v":[[20.343,-60.425],[25.781,-53.778],[25.781,-43.204],[20.343,-36.557],[15.106,-36.557],[15.106,-60.425]],"c":true},"ix":2},"nm":"p","mn":"ADBE Vector Shape - Group","hd":false}],"nm":"p","np":5,"cix":2,"bm":0,"ix":1,"mn":"ADBE Vector Group","hd":false}]},"fFamily":"Bebas Neue"},{"ch":"h","size":29,"style":"Regular","w":42.7,"data":{"shapes":[{"ty":"gr","it":[{"ind":0,"ty":"sh","ix":1,"ks":{"a":0,"k":{"i":[[0,0],[0,0],[0,0],[0,0],[0,0],[0,0],[0,0],[0,0],[0,0],[0,0],[0,0],[0,0]],"o":[[0,0],[0,0],[0,0],[0,0],[0,0],[0,0],[0,0],[0,0],[0,0],[0,0],[0,0],[0,0]],"v":[[15.106,-30.212],[27.695,-30.212],[27.695,0],[38.974,0],[38.974,-70.496],[27.695,-70.496],[27.695,-40.283],[15.106,-40.283],[15.106,-70.496],[4.028,-70.496],[4.028,0],[15.106,0]],"c":true},"ix":2},"nm":"h","mn":"ADBE Vector Shape - Group","hd":false}],"nm":"h","np":3,"cix":2,"bm":0,"ix":1,"mn":"ADBE Vector Group","hd":false}]},"fFamily":"Bebas Neue"},{"ch":"n","size":29,"style":"Regular","w":42.7,"data":{"shapes":[{"ty":"gr","it":[{"ind":0,"ty":"sh","ix":1,"ks":{"a":0,"k":{"i":[[0,0],[0,0],[0,0],[0,0],[0,0],[0,0],[0,0],[0,0],[0,0],[0,0],[0,0],[0,0]],"o":[[0,0],[0,0],[0,0],[0,0],[0,0],[0,0],[0,0],[0,0],[0,0],[0,0],[0,0],[0,0]],"v":[[27.695,0],[39.075,0],[39.075,-70.496],[29.205,-70.496],[29.205,-28.299],[29.004,-28.299],[17.825,-70.496],[3.928,-70.496],[3.928,0],[13.898,0],[13.898,-51.059],[14.099,-51.059]],"c":true},"ix":2},"nm":"n","mn":"ADBE Vector Shape - Group","hd":false}],"nm":"n","np":3,"cix":2,"bm":0,"ix":1,"mn":"ADBE Vector Group","hd":false}]},"fFamily":"Bebas Neue"},{"ch":"e","size":29,"style":"Regular","w":36.8,"data":{"shapes":[{"ty":"gr","it":[{"ind":0,"ty":"sh","ix":1,"ks":{"a":0,"k":{"i":[[0,0],[0,0],[0,0],[0,0],[0,0],[0,0],[0,0],[0,0],[0,0],[0,0],[0,0],[0,0]],"o":[[0,0],[0,0],[0,0],[0,0],[0,0],[0,0],[0,0],[0,0],[0,0],[0,0],[0,0],[0,0]],"v":[[15.106,-60.425],[34.241,-60.425],[34.241,-70.496],[4.028,-70.496],[4.028,0],[34.241,0],[34.241,-10.071],[15.106,-10.071],[15.106,-30.716],[30.313,-30.716],[30.313,-40.787],[15.106,-40.787]],"c":true},"ix":2},"nm":"e","mn":"ADBE Vector Shape - Group","hd":false}],"nm":"e","np":3,"cix":2,"bm":0,"ix":1,"mn":"ADBE Vector Group","hd":false}]},"fFamily":"Bebas Neue"},{"ch":"i","size":29,"style":"Regular","w":19,"data":{"shapes":[{"ty":"gr","it":[{"ind":0,"ty":"sh","ix":1,"ks":{"a":0,"k":{"i":[[0,0],[0,0],[0,0],[0,0]],"o":[[0,0],[0,0],[0,0],[0,0]],"v":[[4.028,0],[15.106,0],[15.106,-70.496],[4.028,-70.496]],"c":true},"ix":2},"nm":"i","mn":"ADBE Vector Shape - Group","hd":false}],"nm":"i","np":3,"cix":2,"bm":0,"ix":1,"mn":"ADBE Vector Group","hd":false}]},"fFamily":"Bebas Neue"},{"ch":"s","size":29,"style":"Regular","w":37.4,"data":{"shapes":[{"ty":"gr","it":[{"ind":0,"ty":"sh","ix":1,"ks":{"a":0,"k":{"i":[[0,-11.279],[-9.265,-8.157],[0,-5.136],[3.525,0],[0,5.035],[0,0],[0,0],[0,0],[-10.876,0],[0,11.279],[9.265,8.157],[0,5.136],[-3.525,0],[0,-5.035],[0,0],[0,0],[0,0],[10.776,0]],"o":[[0,8.057],[7.251,6.345],[0,5.035],[-3.525,0],[0,0],[0,0],[0,0],[0,11.279],[10.876,0],[0,-8.057],[-7.251,-6.345],[0,-5.035],[3.525,0],[0,0],[0,0],[0,0],[0,-11.279],[-10.776,0]],"v":[[2.618,-53.577],[14.804,-31.522],[24.271,-16.214],[18.53,-9.366],[12.79,-16.214],[12.79,-21.249],[2.316,-21.249],[2.316,-16.919],[18.832,0.806],[35.349,-16.919],[23.163,-38.974],[13.696,-54.282],[19.235,-61.23],[24.774,-54.282],[24.774,-51.361],[35.248,-51.361],[35.248,-53.577],[18.933,-71.301]],"c":true},"ix":2},"nm":"s","mn":"ADBE Vector Shape - Group","hd":false}],"nm":"s","np":3,"cix":2,"bm":0,"ix":1,"mn":"ADBE Vector Group","hd":false}]},"fFamily":"Bebas Neue"},{"ch":"w","size":29,"style":"Regular","w":56.3,"data":{"shapes":[{"ty":"gr","it":[{"ind":0,"ty":"sh","ix":1,"ks":{"a":0,"k":{"i":[[0,0],[0,0],[0,0],[0,0],[0,0],[0,0],[0,0],[0,0],[0,0],[0,0],[0,0],[0,0],[0,0],[0,0],[0,0],[0,0]],"o":[[0,0],[0,0],[0,0],[0,0],[0,0],[0,0],[0,0],[0,0],[0,0],[0,0],[0,0],[0,0],[0,0],[0,0],[0,0],[0,0]],"v":[[32.629,0],[47.333,0],[55.188,-70.496],[45.52,-70.496],[39.88,-14.502],[39.679,-14.502],[34.241,-70.496],[23.566,-70.496],[18.329,-14.905],[18.127,-14.905],[12.286,-70.496],[1.511,-70.496],[9.366,0],[24.573,0],[28.5,-37.564],[28.702,-37.564]],"c":true},"ix":2},"nm":"w","mn":"ADBE Vector Shape - Group","hd":false}],"nm":"w","np":3,"cix":2,"bm":0,"ix":1,"mn":"ADBE Vector Group","hd":false}]},"fFamily":"Bebas Neue"},{"ch":"a","size":29,"style":"Regular","w":40.7,"data":{"shapes":[{"ty":"gr","it":[{"ind":0,"ty":"sh","ix":1,"ks":{"a":0,"k":{"i":[[0,0],[0,0],[0,0],[0,0],[0,0],[0,0],[0,0],[0,0]],"o":[[0,0],[0,0],[0,0],[0,0],[0,0],[0,0],[0,0],[0,0]],"v":[[28.601,-70.496],[12.387,-70.496],[1.108,0],[11.279,0],[13.193,-12.79],[26.788,-12.79],[28.702,0],[39.88,0]],"c":true},"ix":2},"nm":"a","mn":"ADBE Vector Shape - Group","hd":false},{"ind":1,"ty":"sh","ix":2,"ks":{"a":0,"k":{"i":[[0,0],[0,0],[0,0],[0,0]],"o":[[0,0],[0,0],[0,0],[0,0]],"v":[[19.839,-58.008],[20.041,-58.008],[25.278,-22.357],[14.603,-22.357]],"c":true},"ix":2},"nm":"a","mn":"ADBE Vector Shape - Group","hd":false}],"nm":"a","np":5,"cix":2,"bm":0,"ix":1,"mn":"ADBE Vector Group","hd":false}]},"fFamily":"Bebas Neue"}]}