{"v":"5.5.2","fr":60,"ip":0,"op":40,"w":500,"h":400,"nm":"virus_icon","ddd":0,"assets":[],"fonts":{"list":[{"fName":"BebasNeue","fFamily":"Bebas Neue","fStyle":"Regular","ascent":69.9996948242188},{"fName":"OpenSans","fFamily":"Open Sans","fStyle":"Regular","ascent":75.9994506835938}]},"layers":[{"ddd":0,"ind":1,"ty":5,"nm":"pieces of malware released in 2015","sr":1,"ks":{"o":{"a":0,"k":100,"ix":11},"r":{"a":0,"k":0,"ix":10},"p":{"a":0,"k":[256.5,250,0],"ix":2},"a":{"a":0,"k":[0,0,0],"ix":1},"s":{"a":0,"k":[100,100,100],"ix":6}},"ao":0,"t":{"d":{"k":[{"s":{"s":23,"f":"OpenSans","t":"pieces of malware\rreleased in 2015","j":0,"tr":30,"lh":32,"ls":0,"fc":[1,1,1]},"t":0}]},"p":{},"m":{"g":1,"a":{"a":0,"k":[0,0],"ix":2}},"a":[]},"ip":0,"op":120,"st":0,"bm":0},{"ddd":0,"ind":2,"ty":5,"nm":"317m+","sr":1,"ks":{"o":{"a":0,"k":100,"ix":11},"r":{"a":0,"k":0,"ix":10},"p":{"a":0,"k":[257.25,206.5,0],"ix":2},"a":{"a":0,"k":[0,0,0],"ix":1},"s":{"a":0,"k":[100,100,100],"ix":6}},"ao":0,"t":{"d":{"k":[{"s":{"s":106,"f":"BebasNeue","t":"317m+","j":0,"tr":30,"lh":127.2,"ls":0,"fc":[0.133,0.784,0.871]},"t":0}]},"p":{},"m":{"g":1,"a":{"a":0,"k":[0,0],"ix":2}},"a":[]},"ip":0,"op":120,"st":0,"bm":0},{"ddd":0,"ind":3,"ty":4,"nm":"virus_icon Outlines","sr":1,"ks":{"o":{"a":0,"k":100,"ix":11},"r":{"a":0,"k":0,"ix":10},"p":{"a":0,"k":[250,200,0],"ix":2},"a":{"a":0,"k":[250,250,0],"ix":1},"s":{"a":0,"k":[100,100,100],"ix":6}},"ao":0,"shapes":[{"ty":"gr","it":[{"ind":0,"ty":"sh","ix":1,"ks":{"a":0,"k":{"i":[[0,0],[0,0],[0,0],[0,0]],"o":[[0,0],[0,0],[0,0],[0,0]],"v":[[-2.888,-2.811],[2.889,-2.811],[2.889,2.811],[-2.888,2.811]],"c":true},"ix":2},"nm":"Path 1","mn":"ADBE Vector Shape - Group","hd":false},{"ty":"st","c":{"a":0,"k":[0.898000021542,0.365000017952,0.118000000598,1],"ix":3},"o":{"a":0,"k":100,"ix":4},"w":{"a":0,"k":1,"ix":5},"lc":1,"lj":1,"ml":10,"bm":0,"nm":"Stroke 1","mn":"ADBE Vector Graphic - Stroke","hd":false},{"ty":"fl","c":{"a":0,"k":[0.109999997008,0.109999997008,0.109999997008,1],"ix":4},"o":{"a":0,"k":100,"ix":5},"r":1,"bm":0,"nm":"Fill 1","mn":"ADBE Vector Graphic - Fill","hd":false},{"ty":"tr","p":{"a":1,"k":[{"i":{"x":0.667,"y":1},"o":{"x":0.333,"y":0},"t":0,"s":[161.345,211.853],"to":[0,-0.333],"ti":[0,-0.333]},{"i":{"x":0.667,"y":1},"o":{"x":0.333,"y":0},"t":10,"s":[161.345,209.853],"to":[0,0.333],"ti":[0,-0.333]},{"i":{"x":0.667,"y":1},"o":{"x":0.333,"y":0},"t":30,"s":[161.345,213.853],"to":[0,0.333],"ti":[0,0.333]},{"t":40,"s":[161.345,211.853]}],"ix":2},"a":{"a":0,"k":[0,0],"ix":1},"s":{"a":0,"k":[100,100],"ix":3},"r":{"a":0,"k":0,"ix":6},"o":{"a":0,"k":100,"ix":7},"sk":{"a":0,"k":0,"ix":4},"sa":{"a":0,"k":0,"ix":5},"nm":"Transform"}],"nm":"Group 5","np":3,"cix":2,"bm":0,"ix":1,"mn":"ADBE Vector Group","hd":false},{"ty":"gr","it":[{"ind":0,"ty":"sh","ix":1,"ks":{"a":0,"k":{"i":[[0,0],[0,0],[0,0],[0,0]],"o":[[0,0],[0,0],[0,0],[0,0]],"v":[[2.889,8.416],[-2.888,8.416],[-4.978,-8.416],[4.978,-8.416]],"c":true},"ix":2},"nm":"Path 1","mn":"ADBE Vector Shape - Group","hd":false},{"ty":"st","c":{"a":0,"k":[0.898000021542,0.365000017952,0.118000000598,1],"ix":3},"o":{"a":0,"k":100,"ix":4},"w":{"a":0,"k":1,"ix":5},"lc":1,"lj":1,"ml":10,"bm":0,"nm":"Stroke 1","mn":"ADBE Vector Graphic - Stroke","hd":false},{"ty":"fl","c":{"a":0,"k":[0.109999997008,0.109999997008,0.109999997008,1],"ix":4},"o":{"a":0,"k":100,"ix":5},"r":1,"bm":0,"nm":"Fill 1","mn":"ADBE Vector Graphic - Fill","hd":false},{"ty":"tr","p":{"a":1,"k":[{"i":{"x":0.667,"y":1},"o":{"x":0.333,"y":0},"t":0,"s":[161.344,196.262],"to":[0,-0.333],"ti":[0,-0.333]},{"i":{"x":0.667,"y":1},"o":{"x":0.333,"y":0},"t":10,"s":[161.344,194.262],"to":[0,0.333],"ti":[0,-0.333]},{"i":{"x":0.667,"y":1},"o":{"x":0.333,"y":0},"t":30,"s":[161.344,198.262],"to":[0,0.333],"ti":[0,0.333]},{"t":40,"s":[161.344,196.262]}],"ix":2},"a":{"a":0,"k":[0,0],"ix":1},"s":{"a":0,"k":[100,100],"ix":3},"r":{"a":0,"k":0,"ix":6},"o":{"a":0,"k":100,"ix":7},"sk":{"a":0,"k":0,"ix":4},"sa":{"a":0,"k":0,"ix":5},"nm":"Transform"}],"nm":"Group 6","np":3,"cix":2,"bm":0,"ix":2,"mn":"ADBE Vector Group","hd":false},{"ty":"gr","it":[{"ind":0,"ty":"sh","ix":1,"ks":{"a":0,"k":{"i":[[0,0],[0,0],[0,0],[0,0]],"o":[[0,0],[0,0],[0,0],[0,0]],"v":[[-2.585,-2.516],[2.586,-2.516],[2.586,2.516],[-2.585,2.516]],"c":true},"ix":2},"nm":"Path 1","mn":"ADBE Vector Shape - Group","hd":false},{"ty":"st","c":{"a":0,"k":[0.898000021542,0.365000017952,0.118000000598,1],"ix":3},"o":{"a":0,"k":100,"ix":4},"w":{"a":0,"k":1,"ix":5},"lc":1,"lj":1,"ml":10,"bm":0,"nm":"Stroke 1","mn":"ADBE Vector Graphic - Stroke","hd":false},{"ty":"fl","c":{"a":0,"k":[0.109999997008,0.109999997008,0.109999997008,1],"ix":4},"o":{"a":0,"k":100,"ix":5},"r":1,"bm":0,"nm":"Fill 1","mn":"ADBE Vector Graphic - Fill","hd":false},{"ty":"tr","p":{"a":1,"k":[{"i":{"x":0.667,"y":1},"o":{"x":0.333,"y":0},"t":0,"s":[130.701,152.506],"to":[0,-1],"ti":[0,0]},{"i":{"x":0.667,"y":1},"o":{"x":0.333,"y":0},"t":10,"s":[130.701,146.506],"to":[0,0],"ti":[0,-1]},{"t":40,"s":[130.701,152.506]}],"ix":2},"a":{"a":0,"k":[0,0],"ix":1},"s":{"a":0,"k":[100,100],"ix":3},"r":{"a":0,"k":0,"ix":6},"o":{"a":0,"k":100,"ix":7},"sk":{"a":0,"k":0,"ix":4},"sa":{"a":0,"k":0,"ix":5},"nm":"Transform"}],"nm":"Group 7","np":3,"cix":2,"bm":0,"ix":3,"mn":"ADBE Vector Group","hd":false},{"ty":"gr","it":[{"ind":0,"ty":"sh","ix":1,"ks":{"a":0,"k":{"i":[[0,0],[0,0],[0,0],[0,0]],"o":[[0,0],[0,0],[0,0],[0,0]],"v":[[2.585,7.533],[-2.586,7.533],[-4.456,-7.533],[4.456,-7.533]],"c":true},"ix":2},"nm":"Path 1","mn":"ADBE Vector Shape - Group","hd":false},{"ty":"st","c":{"a":0,"k":[0.898000021542,0.365000017952,0.118000000598,1],"ix":3},"o":{"a":0,"k":100,"ix":4},"w":{"a":0,"k":1,"ix":5},"lc":1,"lj":1,"ml":10,"bm":0,"nm":"Stroke 1","mn":"ADBE Vector Graphic - Stroke","hd":false},{"ty":"fl","c":{"a":0,"k":[0.109999997008,0.109999997008,0.109999997008,1],"ix":4},"o":{"a":0,"k":100,"ix":5},"r":1,"bm":0,"nm":"Fill 1","mn":"ADBE Vector Graphic - Fill","hd":false},{"ty":"tr","p":{"a":1,"k":[{"i":{"x":0.667,"y":1},"o":{"x":0.333,"y":0},"t":0,"s":[130.703,138.551],"to":[0,-1],"ti":[0,0]},{"i":{"x":0.667,"y":1},"o":{"x":0.333,"y":0},"t":10,"s":[130.703,132.551],"to":[0,0],"ti":[0,-1]},{"t":40,"s":[130.703,138.551]}],"ix":2},"a":{"a":0,"k":[0,0],"ix":1},"s":{"a":0,"k":[100,100],"ix":3},"r":{"a":0,"k":0,"ix":6},"o":{"a":0,"k":100,"ix":7},"sk":{"a":0,"k":0,"ix":4},"sa":{"a":0,"k":0,"ix":5},"nm":"Transform"}],"nm":"Group 8","np":3,"cix":2,"bm":0,"ix":4,"mn":"ADBE Vector Group","hd":false},{"ty":"gr","it":[{"ind":0,"ty":"sh","ix":1,"ks":{"a":0,"k":{"i":[[0,0],[0,0],[0,0],[0,0]],"o":[[0,0],[0,0],[0,0],[0,0]],"v":[[-3.339,-3.251],[3.339,-3.251],[3.339,3.251],[-3.339,3.251]],"c":true},"ix":2},"nm":"Path 1","mn":"ADBE Vector Shape - Group","hd":false},{"ty":"st","c":{"a":0,"k":[0.898000021542,0.365000017952,0.118000000598,1],"ix":3},"o":{"a":0,"k":100,"ix":4},"w":{"a":0,"k":1,"ix":5},"lc":1,"lj":1,"ml":10,"bm":0,"nm":"Stroke 1","mn":"ADBE Vector Graphic - Stroke","hd":false},{"ty":"fl","c":{"a":0,"k":[0.109999997008,0.109999997008,0.109999997008,1],"ix":4},"o":{"a":0,"k":100,"ix":5},"r":1,"bm":0,"nm":"Fill 1","mn":"ADBE Vector Graphic - Fill","hd":false},{"ty":"tr","p":{"a":1,"k":[{"i":{"x":0.667,"y":1},"o":{"x":0.333,"y":0},"t":0,"s":[28.8,202.462],"to":[0,0.5],"ti":[0,0]},{"i":{"x":0.667,"y":1},"o":{"x":0.333,"y":0},"t":17,"s":[28.8,205.462],"to":[0,0],"ti":[0,0.5]},{"t":34,"s":[28.8,202.462]}],"ix":2},"a":{"a":0,"k":[0,0],"ix":1},"s":{"a":0,"k":[100,100],"ix":3},"r":{"a":0,"k":0,"ix":6},"o":{"a":0,"k":100,"ix":7},"sk":{"a":0,"k":0,"ix":4},"sa":{"a":0,"k":0,"ix":5},"nm":"Transform"}],"nm":"Group 9","np":3,"cix":2,"bm":0,"ix":5,"mn":"ADBE Vector Group","hd":false},{"ty":"gr","it":[{"ind":0,"ty":"sh","ix":1,"ks":{"a":0,"k":{"i":[[0,0],[0,0],[0,0],[0,0]],"o":[[0,0],[0,0],[0,0],[0,0]],"v":[[3.339,9.729],[-3.339,9.729],[-5.755,-9.729],[5.755,-9.729]],"c":true},"ix":2},"nm":"Path 1","mn":"ADBE Vector Shape - Group","hd":false},{"ty":"st","c":{"a":0,"k":[0.898000021542,0.365000017952,0.118000000598,1],"ix":3},"o":{"a":0,"k":100,"ix":4},"w":{"a":0,"k":1,"ix":5},"lc":1,"lj":1,"ml":10,"bm":0,"nm":"Stroke 1","mn":"ADBE Vector Graphic - Stroke","hd":false},{"ty":"fl","c":{"a":0,"k":[0.109999997008,0.109999997008,0.109999997008,1],"ix":4},"o":{"a":0,"k":100,"ix":5},"r":1,"bm":0,"nm":"Fill 1","mn":"ADBE Vector Graphic - Fill","hd":false},{"ty":"tr","p":{"a":1,"k":[{"i":{"x":0.667,"y":1},"o":{"x":0.333,"y":0},"t":0,"s":[28.8,184.438],"to":[0,0.5],"ti":[0,0]},{"i":{"x":0.667,"y":1},"o":{"x":0.333,"y":0},"t":17,"s":[28.8,187.438],"to":[0,0],"ti":[0,0.5]},{"t":34,"s":[28.8,184.438]}],"ix":2},"a":{"a":0,"k":[0,0],"ix":1},"s":{"a":0,"k":[100,100],"ix":3},"r":{"a":0,"k":0,"ix":6},"o":{"a":0,"k":100,"ix":7},"sk":{"a":0,"k":0,"ix":4},"sa":{"a":0,"k":0,"ix":5},"nm":"Transform"}],"nm":"Group 10","np":3,"cix":2,"bm":0,"ix":6,"mn":"ADBE Vector Group","hd":false},{"ty":"gr","it":[{"ind":0,"ty":"sh","ix":1,"ks":{"a":0,"k":{"i":[[0,0],[0,0]],"o":[[0,0],[0,0]],"v":[[98.416,221.862],[98.416,214.399]],"c":false},"ix":2},"nm":"Path 1","mn":"ADBE Vector Shape - Group","hd":false},{"ty":"st","c":{"a":0,"k":[0.898000021542,0.365000017952,0.118000000598,1],"ix":3},"o":{"a":0,"k":100,"ix":4},"w":{"a":0,"k":1,"ix":5},"lc":1,"lj":1,"ml":4,"bm":0,"nm":"Stroke 1","mn":"ADBE Vector Graphic - Stroke","hd":false},{"ty":"tr","p":{"a":0,"k":[0,0],"ix":2},"a":{"a":0,"k":[0,0],"ix":1},"s":{"a":0,"k":[100,100],"ix":3},"r":{"a":0,"k":0,"ix":6},"o":{"a":0,"k":100,"ix":7},"sk":{"a":0,"k":0,"ix":4},"sa":{"a":0,"k":0,"ix":5},"nm":"Transform"}],"nm":"Group 1","np":2,"cix":2,"bm":0,"ix":7,"mn":"ADBE Vector Group","hd":false},{"ty":"gr","it":[{"ind":0,"ty":"sh","ix":1,"ks":{"a":0,"k":{"i":[[0,0],[0,0]],"o":[[0,0],[0,0]],"v":[[88.656,221.862],[88.656,214.399]],"c":false},"ix":2},"nm":"Path 1","mn":"ADBE Vector Shape - Group","hd":false},{"ty":"st","c":{"a":0,"k":[0.898000021542,0.365000017952,0.118000000598,1],"ix":3},"o":{"a":0,"k":100,"ix":4},"w":{"a":0,"k":1,"ix":5},"lc":1,"lj":1,"ml":4,"bm":0,"nm":"Stroke 1","mn":"ADBE Vector Graphic - Stroke","hd":false},{"ty":"tr","p":{"a":0,"k":[0,0],"ix":2},"a":{"a":0,"k":[0,0],"ix":1},"s":{"a":0,"k":[100,100],"ix":3},"r":{"a":0,"k":0,"ix":6},"o":{"a":0,"k":100,"ix":7},"sk":{"a":0,"k":0,"ix":4},"sa":{"a":0,"k":0,"ix":5},"nm":"Transform"}],"nm":"Group 2","np":2,"cix":2,"bm":0,"ix":8,"mn":"ADBE Vector Group","hd":false},{"ty":"gr","it":[{"ind":0,"ty":"sh","ix":1,"ks":{"a":0,"k":{"i":[[0.074,-1.758],[-0.507,-0.363],[-2.029,-1.884],[-0.442,-0.947],[0.809,-0.749],[-1.558,-1.655],[-1.625,-0.064],[-0.785,0.882],[-1.425,2.319],[-2.067,1.153],[0,0],[-1.679,-0.072],[-2.077,1.362],[-0.381,1.781],[0.327,0.241],[2.488,1.824],[0.772,1.042],[-0.966,0.906],[1.2,1.628],[1.728,0.297],[1.394,-1.311],[1.304,-2.334],[2.833,-1.415],[0,0],[1.675,0.241],[1.194,0.427],[3.309,-3.08]],"o":[[0.072,3.02],[2.259,1.558],[0.763,0.713],[-1.969,-1.316],[-1.051,0.954],[1.094,1.203],[2.6,0.024],[1.739,-1.969],[1.262,-2.001],[0,0],[4.481,0.169],[5.387,0.242],[1.567,-0.929],[0.423,-3.358],[-2.017,-1.51],[-1.039,-0.777],[2.307,1.969],[1.172,-1.063],[-0.999,-1.442],[-1.909,-0.133],[-2.077,1.739],[-1.615,2.724],[0,0],[-1.656,0.353],[-1.243,-0.256],[-0.7,-0.157],[-1.329,1.154]],"v":[[-44.079,11.78],[-40.613,17.167],[-34.767,20.09],[-32.943,22.602],[-37.726,21.539],[-36.18,27.059],[-31.929,29.04],[-26.808,26.227],[-23.934,20.682],[-18.861,15.875],[21.722,-5.369],[31.143,-4.984],[40.6,-5.984],[43.656,-10.235],[40.322,-16.49],[34.512,-19.365],[31.783,-22.107],[37.568,-20.585],[36.467,-26.213],[32.203,-28.932],[27.022,-27.084],[23.545,-21.249],[16.732,-14.908],[-23.85,6.337],[-28.886,6.506],[-32.546,5.479],[-41.882,7.218]],"c":true},"ix":2},"nm":"Path 1","mn":"ADBE Vector Shape - Group","hd":false},{"ty":"st","c":{"a":0,"k":[0.898000021542,0.365000017952,0.118000000598,1],"ix":3},"o":{"a":0,"k":100,"ix":4},"w":{"a":0,"k":1,"ix":5},"lc":1,"lj":1,"ml":10,"bm":0,"nm":"Stroke 1","mn":"ADBE Vector Graphic - Stroke","hd":false},{"ty":"fl","c":{"a":0,"k":[0.109999997008,0.109999997008,0.109999997008,1],"ix":4},"o":{"a":0,"k":100,"ix":5},"r":1,"bm":0,"nm":"Fill 1","mn":"ADBE Vector Graphic - Fill","hd":false},{"ty":"tr","p":{"a":0,"k":[102.754,233.966],"ix":2},"a":{"a":0,"k":[0,0],"ix":1},"s":{"a":0,"k":[100,100],"ix":3},"r":{"a":0,"k":0,"ix":6},"o":{"a":0,"k":100,"ix":7},"sk":{"a":0,"k":0,"ix":4},"sa":{"a":0,"k":0,"ix":5},"nm":"Transform"}],"nm":"Group 3","np":3,"cix":2,"bm":0,"ix":9,"mn":"ADBE Vector Group","hd":false},{"ty":"gr","it":[{"ind":0,"ty":"sh","ix":1,"ks":{"a":0,"k":{"i":[[-0.073,-1.759],[0.507,-0.363],[2.029,-1.884],[0.442,-0.947],[-0.809,-0.749],[1.558,-1.655],[1.626,-0.064],[0.785,0.882],[1.426,2.319],[2.067,1.153],[0,0],[1.679,-0.072],[2.077,1.362],[0.381,1.781],[-0.327,0.241],[-2.488,1.824],[-0.772,1.042],[0.966,0.906],[-1.2,1.628],[-1.728,0.297],[-1.394,-1.311],[-1.304,-2.334],[-2.832,-1.415],[0,0],[-1.675,0.241],[-1.194,0.428],[-3.309,-3.08]],"o":[[-0.072,3.02],[-2.259,1.558],[-0.763,0.713],[1.969,-1.316],[1.051,0.954],[-1.094,1.203],[-2.6,0.024],[-1.739,-1.969],[-1.262,-2.001],[0,0],[-4.481,0.169],[-5.387,0.242],[-1.567,-0.929],[-0.423,-3.358],[2.017,-1.51],[1.039,-0.777],[-2.307,1.969],[-1.172,-1.063],[0.999,-1.442],[1.909,-0.133],[2.077,1.739],[1.615,2.724],[0,0],[1.656,0.353],[1.243,-0.256],[0.7,-0.157],[1.329,1.154]],"v":[[44.079,11.781],[40.613,17.168],[34.766,20.091],[32.943,22.603],[37.725,21.54],[36.18,27.06],[31.928,29.041],[26.807,26.227],[23.932,20.683],[18.859,15.876],[-21.721,-5.37],[-31.143,-4.984],[-40.6,-5.984],[-43.656,-10.235],[-40.322,-16.491],[-34.513,-19.366],[-31.783,-22.108],[-37.568,-20.586],[-36.467,-26.214],[-32.204,-28.932],[-27.023,-27.084],[-23.545,-21.25],[-16.733,-14.909],[23.85,6.336],[28.885,6.505],[32.546,5.478],[41.882,7.217]],"c":true},"ix":2},"nm":"Path 1","mn":"ADBE Vector Shape - Group","hd":false},{"ty":"st","c":{"a":0,"k":[0.898000021542,0.365000017952,0.118000000598,1],"ix":3},"o":{"a":0,"k":100,"ix":4},"w":{"a":0,"k":1,"ix":5},"lc":1,"lj":1,"ml":10,"bm":0,"nm":"Stroke 1","mn":"ADBE Vector Graphic - Stroke","hd":false},{"ty":"fl","c":{"a":0,"k":[0.109999997008,0.109999997008,0.109999997008,1],"ix":4},"o":{"a":0,"k":100,"ix":5},"r":1,"bm":0,"nm":"Fill 1","mn":"ADBE Vector Graphic - Fill","hd":false},{"ty":"tr","p":{"a":0,"k":[86.445,233.966],"ix":2},"a":{"a":0,"k":[0,0],"ix":1},"s":{"a":0,"k":[100,100],"ix":3},"r":{"a":0,"k":0,"ix":6},"o":{"a":0,"k":100,"ix":7},"sk":{"a":0,"k":0,"ix":4},"sa":{"a":0,"k":0,"ix":5},"nm":"Transform"}],"nm":"Group 4","np":3,"cix":2,"bm":0,"ix":10,"mn":"ADBE Vector Group","hd":false},{"ty":"gr","it":[{"ind":0,"ty":"sh","ix":1,"ks":{"a":0,"k":{"i":[[-0.197,-2.777],[5.862,0.274],[0.327,3.878],[-2.053,2.068],[-1.621,0.087],[-0.254,-0.239]],"o":[[0.31,4.41],[-5.9,-0.275],[-0.087,-1.029],[1.206,-1.086],[5.389,-0.744],[1.048,0.983]],"v":[[9.545,-0.178],[-0.449,9.507],[-9.507,-1.043],[-7.801,-7.225],[-3.433,-9.037],[6.247,-5.857]],"c":true},"ix":2},"nm":"Path 1","mn":"ADBE Vector Shape - Group","hd":false},{"ty":"st","c":{"a":0,"k":[0.898000021542,0.365000017952,0.118000000598,1],"ix":3},"o":{"a":0,"k":100,"ix":4},"w":{"a":0,"k":1,"ix":5},"lc":1,"lj":1,"ml":10,"bm":0,"nm":"Stroke 1","mn":"ADBE Vector Graphic - Stroke","hd":false},{"ty":"fl","c":{"a":0,"k":[0.109999997008,0.109999997008,0.109999997008,1],"ix":4},"o":{"a":0,"k":100,"ix":5},"r":1,"bm":0,"nm":"Fill 1","mn":"ADBE Vector Graphic - Fill","hd":false},{"ty":"tr","p":{"a":0,"k":[109.421,182.635],"ix":2},"a":{"a":0,"k":[0,0],"ix":1},"s":{"a":0,"k":[100,100],"ix":3},"r":{"a":0,"k":0,"ix":6},"o":{"a":0,"k":100,"ix":7},"sk":{"a":0,"k":0,"ix":4},"sa":{"a":0,"k":0,"ix":5},"nm":"Transform"}],"nm":"Group 11","np":3,"cix":2,"bm":0,"ix":11,"mn":"ADBE Vector Group","hd":false},{"ty":"gr","it":[{"ind":0,"ty":"sh","ix":1,"ks":{"a":0,"k":{"i":[[0.197,-2.777],[-5.862,0.274],[-0.327,3.878],[2.053,2.068],[1.621,0.087],[0.254,-0.239]],"o":[[-0.31,4.41],[5.9,-0.275],[0.087,-1.029],[-1.206,-1.086],[-5.389,-0.744],[-1.05,0.983]],"v":[[-9.544,-0.178],[0.449,9.507],[9.507,-1.043],[7.802,-7.225],[3.433,-9.037],[-6.247,-5.857]],"c":true},"ix":2},"nm":"Path 1","mn":"ADBE Vector Shape - Group","hd":false},{"ty":"st","c":{"a":0,"k":[0.898000021542,0.365000017952,0.118000000598,1],"ix":3},"o":{"a":0,"k":100,"ix":4},"w":{"a":0,"k":1,"ix":5},"lc":1,"lj":1,"ml":10,"bm":0,"nm":"Stroke 1","mn":"ADBE Vector Graphic - Stroke","hd":false},{"ty":"fl","c":{"a":0,"k":[0.109999997008,0.109999997008,0.109999997008,1],"ix":4},"o":{"a":0,"k":100,"ix":5},"r":1,"bm":0,"nm":"Fill 1","mn":"ADBE Vector Graphic - Fill","hd":false},{"ty":"tr","p":{"a":0,"k":[77.586,182.635],"ix":2},"a":{"a":0,"k":[0,0],"ix":1},"s":{"a":0,"k":[100,100],"ix":3},"r":{"a":0,"k":0,"ix":6},"o":{"a":0,"k":100,"ix":7},"sk":{"a":0,"k":0,"ix":4},"sa":{"a":0,"k":0,"ix":5},"nm":"Transform"}],"nm":"Group 12","np":3,"cix":2,"bm":0,"ix":12,"mn":"ADBE Vector Group","hd":false},{"ty":"gr","it":[{"ind":0,"ty":"sh","ix":1,"ks":{"a":0,"k":{"i":[[0,0],[0,0],[0,0],[0,0],[0,0],[0,0]],"o":[[0,0],[0,0],[0,0],[0,0],[0,0],[0,0]],"v":[[-0.001,-6.906],[2.752,-1.206],[6.577,6.906],[0.001,4.49],[-6.577,6.906],[-2.684,-1.206]],"c":true},"ix":2},"nm":"Path 1","mn":"ADBE Vector Shape - Group","hd":false},{"ty":"st","c":{"a":0,"k":[0.898000021542,0.365000017952,0.118000000598,1],"ix":3},"o":{"a":0,"k":100,"ix":4},"w":{"a":0,"k":1,"ix":5},"lc":1,"lj":1,"ml":10,"bm":0,"nm":"Stroke 1","mn":"ADBE Vector Graphic - Stroke","hd":false},{"ty":"fl","c":{"a":0,"k":[0.109999997008,0.109999997008,0.109999997008,1],"ix":4},"o":{"a":0,"k":100,"ix":5},"r":1,"bm":0,"nm":"Fill 1","mn":"ADBE Vector Graphic - Fill","hd":false},{"ty":"tr","p":{"a":0,"k":[93.827,192.573],"ix":2},"a":{"a":0,"k":[0,0],"ix":1},"s":{"a":0,"k":[100,100],"ix":3},"r":{"a":0,"k":0,"ix":6},"o":{"a":0,"k":100,"ix":7},"sk":{"a":0,"k":0,"ix":4},"sa":{"a":0,"k":0,"ix":5},"nm":"Transform"}],"nm":"Group 13","np":3,"cix":2,"bm":0,"ix":13,"mn":"ADBE Vector Group","hd":false},{"ty":"gr","it":[{"ind":0,"ty":"sh","ix":1,"ks":{"a":0,"k":{"i":[[0,0],[0,0]],"o":[[0,0],[0,0]],"v":[[93.507,221.626],[93.507,208.98]],"c":false},"ix":2},"nm":"Path 1","mn":"ADBE Vector Shape - Group","hd":false},{"ty":"st","c":{"a":0,"k":[0.898000021542,0.365000017952,0.118000000598,1],"ix":3},"o":{"a":0,"k":100,"ix":4},"w":{"a":0,"k":1,"ix":5},"lc":1,"lj":1,"ml":10,"bm":0,"nm":"Stroke 1","mn":"ADBE Vector Graphic - Stroke","hd":false},{"ty":"tr","p":{"a":0,"k":[0,0],"ix":2},"a":{"a":0,"k":[0,0],"ix":1},"s":{"a":0,"k":[100,100],"ix":3},"r":{"a":0,"k":0,"ix":6},"o":{"a":0,"k":100,"ix":7},"sk":{"a":0,"k":0,"ix":4},"sa":{"a":0,"k":0,"ix":5},"nm":"Transform"}],"nm":"Group 14","np":2,"cix":2,"bm":0,"ix":14,"mn":"ADBE Vector Group","hd":false},{"ty":"gr","it":[{"ind":0,"ty":"sh","ix":1,"ks":{"a":0,"k":{"i":[[-0.633,-11.2],[5.579,-4.336],[2.398,-1.178],[3.02,-1.16],[0.809,-1.058],[0.299,-1.712],[-0.045,-1.982],[0,0],[0.266,1.965],[1.002,1.365],[2.634,0.802],[3.177,2.439],[1.753,2.41],[0.123,4.473],[-8.805,4.245],[-8.016,-0.258],[-8.43,-6.843]],"o":[[0.4,7.119],[-2.181,1.544],[-2.861,1.512],[-1.128,0.709],[-1.079,1.363],[-0.254,1.966],[0,0],[0.048,-1.982],[-0.335,-1.659],[-1.641,-2.212],[-3.729,-1.462],[-2.448,-1.699],[-2.388,-3.784],[-0.089,-11.46],[7.306,-3.522],[9.475,0.306],[2.177,1.773]],"v":[[39.383,-6.744],[31.483,12.967],[24.605,17.057],[15.776,21.068],[12.847,23.74],[10.747,28.426],[10.433,34.356],[-10.162,34.356],[-10.488,28.426],[-12.518,23.837],[-19.1,19.196],[-29.51,13.317],[-35.856,7.11],[-39.693,-5.506],[-21.007,-30.834],[0.768,-33.89],[28.298,-26.43]],"c":true},"ix":2},"nm":"Path 1","mn":"ADBE Vector Shape - Group","hd":false},{"ty":"st","c":{"a":0,"k":[0.898000021542,0.365000017952,0.118000000598,1],"ix":3},"o":{"a":0,"k":100,"ix":4},"w":{"a":0,"k":1,"ix":5},"lc":1,"lj":1,"ml":10,"bm":0,"nm":"Stroke 1","mn":"ADBE Vector Graphic - Stroke","hd":false},{"ty":"fl","c":{"a":0,"k":[0.109999997008,0.109999997008,0.109999997008,1],"ix":4},"o":{"a":0,"k":100,"ix":5},"r":1,"bm":0,"nm":"Fill 1","mn":"ADBE Vector Graphic - Fill","hd":false},{"ty":"tr","p":{"a":0,"k":[93.644,187.27],"ix":2},"a":{"a":0,"k":[0,0],"ix":1},"s":{"a":0,"k":[100,100],"ix":3},"r":{"a":0,"k":0,"ix":6},"o":{"a":0,"k":100,"ix":7},"sk":{"a":0,"k":0,"ix":4},"sa":{"a":0,"k":0,"ix":5},"nm":"Transform"}],"nm":"Group 15","np":3,"cix":2,"bm":0,"ix":15,"mn":"ADBE Vector Group","hd":false},{"ty":"gr","it":[{"ind":0,"ty":"sh","ix":1,"ks":{"a":0,"k":{"i":[[0,0],[0,0]],"o":[[0,0],[0,0]],"v":[[79.587,358.717],[110.99,358.717]],"c":false},"ix":2},"nm":"Path 1","mn":"ADBE Vector Shape - Group","hd":false},{"ty":"st","c":{"a":0,"k":[0.13300000359,0.783999992819,0.870999983245,1],"ix":3},"o":{"a":0,"k":100,"ix":4},"w":{"a":0,"k":1,"ix":5},"lc":1,"lj":1,"ml":4,"bm":0,"nm":"Stroke 1","mn":"ADBE Vector Graphic - Stroke","hd":false},{"ty":"tr","p":{"a":0,"k":[0,0],"ix":2},"a":{"a":0,"k":[0,0],"ix":1},"s":{"a":0,"k":[100,100],"ix":3},"r":{"a":0,"k":0,"ix":6},"o":{"a":0,"k":100,"ix":7},"sk":{"a":0,"k":0,"ix":4},"sa":{"a":0,"k":0,"ix":5},"nm":"Transform"}],"nm":"Group 16","np":2,"cix":2,"bm":0,"ix":16,"mn":"ADBE Vector Group","hd":false},{"ty":"gr","it":[{"ind":0,"ty":"sh","ix":1,"ks":{"a":0,"k":{"i":[[0,0],[0,0],[0,0],[0,0]],"o":[[0,0],[0,0],[0,0],[0,0]],"v":[[-86.461,-44.792],[86.461,-44.792],[86.461,44.792],[-86.461,44.792]],"c":true},"ix":2},"nm":"Path 1","mn":"ADBE Vector Shape - Group","hd":false},{"ty":"st","c":{"a":0,"k":[0.13300000359,0.783999992819,0.870999983245,1],"ix":3},"o":{"a":0,"k":100,"ix":4},"w":{"a":0,"k":1,"ix":5},"lc":1,"lj":1,"ml":4,"bm":0,"nm":"Stroke 1","mn":"ADBE Vector Graphic - Stroke","hd":false},{"ty":"tr","p":{"a":0,"k":[94.684,282.625],"ix":2},"a":{"a":0,"k":[0,0],"ix":1},"s":{"a":0,"k":[100,100],"ix":3},"r":{"a":0,"k":0,"ix":6},"o":{"a":0,"k":100,"ix":7},"sk":{"a":0,"k":0,"ix":4},"sa":{"a":0,"k":0,"ix":5},"nm":"Transform"}],"nm":"Group 17","np":2,"cix":2,"bm":0,"ix":17,"mn":"ADBE Vector Group","hd":false},{"ty":"gr","it":[{"ind":0,"ty":"sh","ix":1,"ks":{"a":0,"k":{"i":[[0,0],[0,0]],"o":[[0,0],[0,0]],"v":[[82.606,303.158],[106.334,303.158]],"c":false},"ix":2},"nm":"Path 1","mn":"ADBE Vector Shape - Group","hd":false},{"ty":"st","c":{"a":0,"k":[0.13300000359,0.783999992819,0.870999983245,1],"ix":3},"o":{"a":0,"k":100,"ix":4},"w":{"a":0,"k":1,"ix":5},"lc":1,"lj":1,"ml":4,"bm":0,"nm":"Stroke 1","mn":"ADBE Vector Graphic - Stroke","hd":false},{"ty":"tr","p":{"a":0,"k":[0,0],"ix":2},"a":{"a":0,"k":[0,0],"ix":1},"s":{"a":0,"k":[100,100],"ix":3},"r":{"a":0,"k":0,"ix":6},"o":{"a":0,"k":100,"ix":7},"sk":{"a":0,"k":0,"ix":4},"sa":{"a":0,"k":0,"ix":5},"nm":"Transform"}],"nm":"Group 18","np":2,"cix":2,"bm":0,"ix":18,"mn":"ADBE Vector Group","hd":false},{"ty":"gr","it":[{"ind":0,"ty":"sh","ix":1,"ks":{"a":0,"k":{"i":[[0,0],[0,0]],"o":[[0,0],[0,0]],"v":[[82.606,298.326],[106.334,298.326]],"c":false},"ix":2},"nm":"Path 1","mn":"ADBE Vector Shape - Group","hd":false},{"ty":"st","c":{"a":0,"k":[0.13300000359,0.783999992819,0.870999983245,1],"ix":3},"o":{"a":0,"k":100,"ix":4},"w":{"a":0,"k":1,"ix":5},"lc":1,"lj":1,"ml":4,"bm":0,"nm":"Stroke 1","mn":"ADBE Vector Graphic - Stroke","hd":false},{"ty":"tr","p":{"a":0,"k":[0,0],"ix":2},"a":{"a":0,"k":[0,0],"ix":1},"s":{"a":0,"k":[100,100],"ix":3},"r":{"a":0,"k":0,"ix":6},"o":{"a":0,"k":100,"ix":7},"sk":{"a":0,"k":0,"ix":4},"sa":{"a":0,"k":0,"ix":5},"nm":"Transform"}],"nm":"Group 19","np":2,"cix":2,"bm":0,"ix":19,"mn":"ADBE Vector Group","hd":false},{"ty":"gr","it":[{"ind":0,"ty":"sh","ix":1,"ks":{"a":0,"k":{"i":[[0,0],[0,0]],"o":[[0,0],[0,0]],"v":[[82.606,293.495],[106.334,293.495]],"c":false},"ix":2},"nm":"Path 1","mn":"ADBE Vector Shape - Group","hd":false},{"ty":"st","c":{"a":0,"k":[0.13300000359,0.783999992819,0.870999983245,1],"ix":3},"o":{"a":0,"k":100,"ix":4},"w":{"a":0,"k":1,"ix":5},"lc":1,"lj":1,"ml":4,"bm":0,"nm":"Stroke 1","mn":"ADBE Vector Graphic - Stroke","hd":false},{"ty":"tr","p":{"a":0,"k":[0,0],"ix":2},"a":{"a":0,"k":[0,0],"ix":1},"s":{"a":0,"k":[100,100],"ix":3},"r":{"a":0,"k":0,"ix":6},"o":{"a":0,"k":100,"ix":7},"sk":{"a":0,"k":0,"ix":4},"sa":{"a":0,"k":0,"ix":5},"nm":"Transform"}],"nm":"Group 20","np":2,"cix":2,"bm":0,"ix":20,"mn":"ADBE Vector Group","hd":false},{"ty":"gr","it":[{"ind":0,"ty":"sh","ix":1,"ks":{"a":0,"k":{"i":[[0,0],[0,0]],"o":[[0,0],[0,0]],"v":[[82.606,288.664],[106.334,288.664]],"c":false},"ix":2},"nm":"Path 1","mn":"ADBE Vector Shape - Group","hd":false},{"ty":"st","c":{"a":0,"k":[0.13300000359,0.783999992819,0.870999983245,1],"ix":3},"o":{"a":0,"k":100,"ix":4},"w":{"a":0,"k":1,"ix":5},"lc":1,"lj":1,"ml":4,"bm":0,"nm":"Stroke 1","mn":"ADBE Vector Graphic - Stroke","hd":false},{"ty":"tr","p":{"a":0,"k":[0,0],"ix":2},"a":{"a":0,"k":[0,0],"ix":1},"s":{"a":0,"k":[100,100],"ix":3},"r":{"a":0,"k":0,"ix":6},"o":{"a":0,"k":100,"ix":7},"sk":{"a":0,"k":0,"ix":4},"sa":{"a":0,"k":0,"ix":5},"nm":"Transform"}],"nm":"Group 21","np":2,"cix":2,"bm":0,"ix":21,"mn":"ADBE Vector Group","hd":false},{"ty":"gr","it":[{"ind":0,"ty":"sh","ix":1,"ks":{"a":0,"k":{"i":[[0,0],[0,0]],"o":[[0,0],[0,0]],"v":[[82.606,283.833],[106.334,283.833]],"c":false},"ix":2},"nm":"Path 1","mn":"ADBE Vector Shape - Group","hd":false},{"ty":"st","c":{"a":0,"k":[0.13300000359,0.783999992819,0.870999983245,1],"ix":3},"o":{"a":0,"k":100,"ix":4},"w":{"a":0,"k":1,"ix":5},"lc":1,"lj":1,"ml":4,"bm":0,"nm":"Stroke 1","mn":"ADBE Vector Graphic - Stroke","hd":false},{"ty":"tr","p":{"a":0,"k":[0,0],"ix":2},"a":{"a":0,"k":[0,0],"ix":1},"s":{"a":0,"k":[100,100],"ix":3},"r":{"a":0,"k":0,"ix":6},"o":{"a":0,"k":100,"ix":7},"sk":{"a":0,"k":0,"ix":4},"sa":{"a":0,"k":0,"ix":5},"nm":"Transform"}],"nm":"Group 22","np":2,"cix":2,"bm":0,"ix":22,"mn":"ADBE Vector Group","hd":false},{"ty":"gr","it":[{"ind":0,"ty":"sh","ix":1,"ks":{"a":0,"k":{"i":[[0,0],[0,0]],"o":[[0,0],[0,0]],"v":[[82.606,279.003],[106.334,279.003]],"c":false},"ix":2},"nm":"Path 1","mn":"ADBE Vector Shape - Group","hd":false},{"ty":"st","c":{"a":0,"k":[0.13300000359,0.783999992819,0.870999983245,1],"ix":3},"o":{"a":0,"k":100,"ix":4},"w":{"a":0,"k":1,"ix":5},"lc":1,"lj":1,"ml":4,"bm":0,"nm":"Stroke 1","mn":"ADBE Vector Graphic - Stroke","hd":false},{"ty":"tr","p":{"a":0,"k":[0,0],"ix":2},"a":{"a":0,"k":[0,0],"ix":1},"s":{"a":0,"k":[100,100],"ix":3},"r":{"a":0,"k":0,"ix":6},"o":{"a":0,"k":100,"ix":7},"sk":{"a":0,"k":0,"ix":4},"sa":{"a":0,"k":0,"ix":5},"nm":"Transform"}],"nm":"Group 23","np":2,"cix":2,"bm":0,"ix":23,"mn":"ADBE Vector Group","hd":false},{"ty":"gr","it":[{"ind":0,"ty":"sh","ix":1,"ks":{"a":0,"k":{"i":[[0,0],[0,0]],"o":[[0,0],[0,0]],"v":[[82.606,274.172],[106.334,274.172]],"c":false},"ix":2},"nm":"Path 1","mn":"ADBE Vector Shape - Group","hd":false},{"ty":"st","c":{"a":0,"k":[0.13300000359,0.783999992819,0.870999983245,1],"ix":3},"o":{"a":0,"k":100,"ix":4},"w":{"a":0,"k":1,"ix":5},"lc":1,"lj":1,"ml":4,"bm":0,"nm":"Stroke 1","mn":"ADBE Vector Graphic - Stroke","hd":false},{"ty":"tr","p":{"a":0,"k":[0,0],"ix":2},"a":{"a":0,"k":[0,0],"ix":1},"s":{"a":0,"k":[100,100],"ix":3},"r":{"a":0,"k":0,"ix":6},"o":{"a":0,"k":100,"ix":7},"sk":{"a":0,"k":0,"ix":4},"sa":{"a":0,"k":0,"ix":5},"nm":"Transform"}],"nm":"Group 24","np":2,"cix":2,"bm":0,"ix":24,"mn":"ADBE Vector Group","hd":false},{"ty":"gr","it":[{"ind":0,"ty":"sh","ix":1,"ks":{"a":0,"k":{"i":[[0,0],[0,0]],"o":[[0,0],[0,0]],"v":[[82.606,269.341],[106.334,269.341]],"c":false},"ix":2},"nm":"Path 1","mn":"ADBE Vector Shape - Group","hd":false},{"ty":"st","c":{"a":0,"k":[0.13300000359,0.783999992819,0.870999983245,1],"ix":3},"o":{"a":0,"k":100,"ix":4},"w":{"a":0,"k":1,"ix":5},"lc":1,"lj":1,"ml":4,"bm":0,"nm":"Stroke 1","mn":"ADBE Vector Graphic - Stroke","hd":false},{"ty":"tr","p":{"a":0,"k":[0,0],"ix":2},"a":{"a":0,"k":[0,0],"ix":1},"s":{"a":0,"k":[100,100],"ix":3},"r":{"a":0,"k":0,"ix":6},"o":{"a":0,"k":100,"ix":7},"sk":{"a":0,"k":0,"ix":4},"sa":{"a":0,"k":0,"ix":5},"nm":"Transform"}],"nm":"Group 25","np":2,"cix":2,"bm":0,"ix":25,"mn":"ADBE Vector Group","hd":false},{"ty":"gr","it":[{"ind":0,"ty":"sh","ix":1,"ks":{"a":0,"k":{"i":[[0,0],[0,0]],"o":[[0,0],[0,0]],"v":[[82.606,264.51],[94.684,264.51]],"c":false},"ix":2},"nm":"Path 1","mn":"ADBE Vector Shape - Group","hd":false},{"ty":"st","c":{"a":0,"k":[0.13300000359,0.783999992819,0.870999983245,1],"ix":3},"o":{"a":0,"k":100,"ix":4},"w":{"a":0,"k":1,"ix":5},"lc":1,"lj":1,"ml":4,"bm":0,"nm":"Stroke 1","mn":"ADBE Vector Graphic - Stroke","hd":false},{"ty":"tr","p":{"a":0,"k":[0,0],"ix":2},"a":{"a":0,"k":[0,0],"ix":1},"s":{"a":0,"k":[100,100],"ix":3},"r":{"a":0,"k":0,"ix":6},"o":{"a":0,"k":100,"ix":7},"sk":{"a":0,"k":0,"ix":4},"sa":{"a":0,"k":0,"ix":5},"nm":"Transform"}],"nm":"Group 26","np":2,"cix":2,"bm":0,"ix":26,"mn":"ADBE Vector Group","hd":false},{"ty":"gr","it":[{"ind":0,"ty":"sh","ix":1,"ks":{"a":0,"k":{"i":[[0,0],[0,0]],"o":[[0,0],[0,0]],"v":[[82.606,259.678],[94.684,259.678]],"c":false},"ix":2},"nm":"Path 1","mn":"ADBE Vector Shape - Group","hd":false},{"ty":"st","c":{"a":0,"k":[0.13300000359,0.783999992819,0.870999983245,1],"ix":3},"o":{"a":0,"k":100,"ix":4},"w":{"a":0,"k":1,"ix":5},"lc":1,"lj":1,"ml":4,"bm":0,"nm":"Stroke 1","mn":"ADBE Vector Graphic - Stroke","hd":false},{"ty":"tr","p":{"a":0,"k":[0,0],"ix":2},"a":{"a":0,"k":[0,0],"ix":1},"s":{"a":0,"k":[100,100],"ix":3},"r":{"a":0,"k":0,"ix":6},"o":{"a":0,"k":100,"ix":7},"sk":{"a":0,"k":0,"ix":4},"sa":{"a":0,"k":0,"ix":5},"nm":"Transform"}],"nm":"Group 27","np":2,"cix":2,"bm":0,"ix":27,"mn":"ADBE Vector Group","hd":false},{"ty":"gr","it":[{"ind":0,"ty":"sh","ix":1,"ks":{"a":0,"k":{"i":[[0,0],[0,0],[0,0],[0,0]],"o":[[0,0],[0,0],[0,0],[0,0]],"v":[[-20.637,-29.695],[20.637,-29.695],[20.637,29.694],[-20.637,29.694]],"c":true},"ix":2},"nm":"Path 1","mn":"ADBE Vector Shape - Group","hd":false},{"ty":"st","c":{"a":0,"k":[0.13300000359,0.783999992819,0.870999983245,1],"ix":3},"o":{"a":0,"k":100,"ix":4},"w":{"a":0,"k":1,"ix":5},"lc":1,"lj":1,"ml":4,"bm":0,"nm":"Stroke 1","mn":"ADBE Vector Graphic - Stroke","hd":false},{"ty":"tr","p":{"a":0,"k":[94.684,279.607],"ix":2},"a":{"a":0,"k":[0,0],"ix":1},"s":{"a":0,"k":[100,100],"ix":3},"r":{"a":0,"k":0,"ix":6},"o":{"a":0,"k":100,"ix":7},"sk":{"a":0,"k":0,"ix":4},"sa":{"a":0,"k":0,"ix":5},"nm":"Transform"}],"nm":"Group 28","np":2,"cix":2,"bm":0,"ix":28,"mn":"ADBE Vector Group","hd":false},{"ty":"gr","it":[{"ind":0,"ty":"sh","ix":1,"ks":{"a":0,"k":{"i":[[0,0],[0,0],[0,0],[0,0]],"o":[[0,0],[0,0],[0,0],[0,0]],"v":[[-21.137,-30.195],[21.137,-30.195],[21.137,30.194],[-21.137,30.194]],"c":true},"ix":2},"nm":"Path 1","mn":"ADBE Vector Shape - Group","hd":false},{"ty":"fl","c":{"a":0,"k":[0.109999997008,0.109999997008,0.109999997008,1],"ix":4},"o":{"a":0,"k":100,"ix":5},"r":1,"bm":0,"nm":"Fill 1","mn":"ADBE Vector Graphic - Fill","hd":false},{"ty":"tr","p":{"a":0,"k":[94.684,279.607],"ix":2},"a":{"a":0,"k":[0,0],"ix":1},"s":{"a":0,"k":[100,100],"ix":3},"r":{"a":0,"k":0,"ix":6},"o":{"a":0,"k":100,"ix":7},"sk":{"a":0,"k":0,"ix":4},"sa":{"a":0,"k":0,"ix":5},"nm":"Transform"}],"nm":"Group 29","np":2,"cix":2,"bm":0,"ix":29,"mn":"ADBE Vector Group","hd":false},{"ty":"gr","it":[{"ind":0,"ty":"sh","ix":1,"ks":{"a":0,"k":{"i":[[0,0],[0,0]],"o":[[0,0],[0,0]],"v":[[44.56,307.988],[68.288,307.988]],"c":false},"ix":2},"nm":"Path 1","mn":"ADBE Vector Shape - Group","hd":false},{"ty":"st","c":{"a":0,"k":[0.13300000359,0.783999992819,0.870999983245,1],"ix":3},"o":{"a":0,"k":100,"ix":4},"w":{"a":0,"k":1,"ix":5},"lc":1,"lj":1,"ml":4,"bm":0,"nm":"Stroke 1","mn":"ADBE Vector Graphic - Stroke","hd":false},{"ty":"tr","p":{"a":0,"k":[0,0],"ix":2},"a":{"a":0,"k":[0,0],"ix":1},"s":{"a":0,"k":[100,100],"ix":3},"r":{"a":0,"k":0,"ix":6},"o":{"a":0,"k":100,"ix":7},"sk":{"a":0,"k":0,"ix":4},"sa":{"a":0,"k":0,"ix":5},"nm":"Transform"}],"nm":"Group 30","np":2,"cix":2,"bm":0,"ix":30,"mn":"ADBE Vector Group","hd":false},{"ty":"gr","it":[{"ind":0,"ty":"sh","ix":1,"ks":{"a":0,"k":{"i":[[0,0],[0,0]],"o":[[0,0],[0,0]],"v":[[44.56,303.157],[68.288,303.157]],"c":false},"ix":2},"nm":"Path 1","mn":"ADBE Vector Shape - Group","hd":false},{"ty":"st","c":{"a":0,"k":[0.13300000359,0.783999992819,0.870999983245,1],"ix":3},"o":{"a":0,"k":100,"ix":4},"w":{"a":0,"k":1,"ix":5},"lc":1,"lj":1,"ml":4,"bm":0,"nm":"Stroke 1","mn":"ADBE Vector Graphic - Stroke","hd":false},{"ty":"tr","p":{"a":0,"k":[0,0],"ix":2},"a":{"a":0,"k":[0,0],"ix":1},"s":{"a":0,"k":[100,100],"ix":3},"r":{"a":0,"k":0,"ix":6},"o":{"a":0,"k":100,"ix":7},"sk":{"a":0,"k":0,"ix":4},"sa":{"a":0,"k":0,"ix":5},"nm":"Transform"}],"nm":"Group 31","np":2,"cix":2,"bm":0,"ix":31,"mn":"ADBE Vector Group","hd":false},{"ty":"gr","it":[{"ind":0,"ty":"sh","ix":1,"ks":{"a":0,"k":{"i":[[0,0],[0,0]],"o":[[0,0],[0,0]],"v":[[44.56,298.326],[68.288,298.326]],"c":false},"ix":2},"nm":"Path 1","mn":"ADBE Vector Shape - Group","hd":false},{"ty":"st","c":{"a":0,"k":[0.13300000359,0.783999992819,0.870999983245,1],"ix":3},"o":{"a":0,"k":100,"ix":4},"w":{"a":0,"k":1,"ix":5},"lc":1,"lj":1,"ml":4,"bm":0,"nm":"Stroke 1","mn":"ADBE Vector Graphic - Stroke","hd":false},{"ty":"tr","p":{"a":0,"k":[0,0],"ix":2},"a":{"a":0,"k":[0,0],"ix":1},"s":{"a":0,"k":[100,100],"ix":3},"r":{"a":0,"k":0,"ix":6},"o":{"a":0,"k":100,"ix":7},"sk":{"a":0,"k":0,"ix":4},"sa":{"a":0,"k":0,"ix":5},"nm":"Transform"}],"nm":"Group 32","np":2,"cix":2,"bm":0,"ix":32,"mn":"ADBE Vector Group","hd":false},{"ty":"gr","it":[{"ind":0,"ty":"sh","ix":1,"ks":{"a":0,"k":{"i":[[0,0],[0,0]],"o":[[0,0],[0,0]],"v":[[44.56,293.495],[68.288,293.495]],"c":false},"ix":2},"nm":"Path 1","mn":"ADBE Vector Shape - Group","hd":false},{"ty":"st","c":{"a":0,"k":[0.13300000359,0.783999992819,0.870999983245,1],"ix":3},"o":{"a":0,"k":100,"ix":4},"w":{"a":0,"k":1,"ix":5},"lc":1,"lj":1,"ml":4,"bm":0,"nm":"Stroke 1","mn":"ADBE Vector Graphic - Stroke","hd":false},{"ty":"tr","p":{"a":0,"k":[0,0],"ix":2},"a":{"a":0,"k":[0,0],"ix":1},"s":{"a":0,"k":[100,100],"ix":3},"r":{"a":0,"k":0,"ix":6},"o":{"a":0,"k":100,"ix":7},"sk":{"a":0,"k":0,"ix":4},"sa":{"a":0,"k":0,"ix":5},"nm":"Transform"}],"nm":"Group 33","np":2,"cix":2,"bm":0,"ix":33,"mn":"ADBE Vector Group","hd":false},{"ty":"gr","it":[{"ind":0,"ty":"sh","ix":1,"ks":{"a":0,"k":{"i":[[0,0],[0,0]],"o":[[0,0],[0,0]],"v":[[44.56,288.664],[68.288,288.664]],"c":false},"ix":2},"nm":"Path 1","mn":"ADBE Vector Shape - Group","hd":false},{"ty":"st","c":{"a":0,"k":[0.13300000359,0.783999992819,0.870999983245,1],"ix":3},"o":{"a":0,"k":100,"ix":4},"w":{"a":0,"k":1,"ix":5},"lc":1,"lj":1,"ml":4,"bm":0,"nm":"Stroke 1","mn":"ADBE Vector Graphic - Stroke","hd":false},{"ty":"tr","p":{"a":0,"k":[0,0],"ix":2},"a":{"a":0,"k":[0,0],"ix":1},"s":{"a":0,"k":[100,100],"ix":3},"r":{"a":0,"k":0,"ix":6},"o":{"a":0,"k":100,"ix":7},"sk":{"a":0,"k":0,"ix":4},"sa":{"a":0,"k":0,"ix":5},"nm":"Transform"}],"nm":"Group 34","np":2,"cix":2,"bm":0,"ix":34,"mn":"ADBE Vector Group","hd":false},{"ty":"gr","it":[{"ind":0,"ty":"sh","ix":1,"ks":{"a":0,"k":{"i":[[0,0],[0,0]],"o":[[0,0],[0,0]],"v":[[44.56,283.833],[68.288,283.833]],"c":false},"ix":2},"nm":"Path 1","mn":"ADBE Vector Shape - Group","hd":false},{"ty":"st","c":{"a":0,"k":[0.13300000359,0.783999992819,0.870999983245,1],"ix":3},"o":{"a":0,"k":100,"ix":4},"w":{"a":0,"k":1,"ix":5},"lc":1,"lj":1,"ml":4,"bm":0,"nm":"Stroke 1","mn":"ADBE Vector Graphic - Stroke","hd":false},{"ty":"tr","p":{"a":0,"k":[0,0],"ix":2},"a":{"a":0,"k":[0,0],"ix":1},"s":{"a":0,"k":[100,100],"ix":3},"r":{"a":0,"k":0,"ix":6},"o":{"a":0,"k":100,"ix":7},"sk":{"a":0,"k":0,"ix":4},"sa":{"a":0,"k":0,"ix":5},"nm":"Transform"}],"nm":"Group 35","np":2,"cix":2,"bm":0,"ix":35,"mn":"ADBE Vector Group","hd":false},{"ty":"gr","it":[{"ind":0,"ty":"sh","ix":1,"ks":{"a":0,"k":{"i":[[0,0],[0,0]],"o":[[0,0],[0,0]],"v":[[44.56,279.003],[68.288,279.003]],"c":false},"ix":2},"nm":"Path 1","mn":"ADBE Vector Shape - Group","hd":false},{"ty":"st","c":{"a":0,"k":[0.13300000359,0.783999992819,0.870999983245,1],"ix":3},"o":{"a":0,"k":100,"ix":4},"w":{"a":0,"k":1,"ix":5},"lc":1,"lj":1,"ml":4,"bm":0,"nm":"Stroke 1","mn":"ADBE Vector Graphic - Stroke","hd":false},{"ty":"tr","p":{"a":0,"k":[0,0],"ix":2},"a":{"a":0,"k":[0,0],"ix":1},"s":{"a":0,"k":[100,100],"ix":3},"r":{"a":0,"k":0,"ix":6},"o":{"a":0,"k":100,"ix":7},"sk":{"a":0,"k":0,"ix":4},"sa":{"a":0,"k":0,"ix":5},"nm":"Transform"}],"nm":"Group 36","np":2,"cix":2,"bm":0,"ix":36,"mn":"ADBE Vector Group","hd":false},{"ty":"gr","it":[{"ind":0,"ty":"sh","ix":1,"ks":{"a":0,"k":{"i":[[0,0],[0,0]],"o":[[0,0],[0,0]],"v":[[44.56,274.171],[68.288,274.171]],"c":false},"ix":2},"nm":"Path 1","mn":"ADBE Vector Shape - Group","hd":false},{"ty":"st","c":{"a":0,"k":[0.13300000359,0.783999992819,0.870999983245,1],"ix":3},"o":{"a":0,"k":100,"ix":4},"w":{"a":0,"k":1,"ix":5},"lc":1,"lj":1,"ml":4,"bm":0,"nm":"Stroke 1","mn":"ADBE Vector Graphic - Stroke","hd":false},{"ty":"tr","p":{"a":0,"k":[0,0],"ix":2},"a":{"a":0,"k":[0,0],"ix":1},"s":{"a":0,"k":[100,100],"ix":3},"r":{"a":0,"k":0,"ix":6},"o":{"a":0,"k":100,"ix":7},"sk":{"a":0,"k":0,"ix":4},"sa":{"a":0,"k":0,"ix":5},"nm":"Transform"}],"nm":"Group 37","np":2,"cix":2,"bm":0,"ix":37,"mn":"ADBE Vector Group","hd":false},{"ty":"gr","it":[{"ind":0,"ty":"sh","ix":1,"ks":{"a":0,"k":{"i":[[0,0],[0,0]],"o":[[0,0],[0,0]],"v":[[44.56,269.34],[56.638,269.34]],"c":false},"ix":2},"nm":"Path 1","mn":"ADBE Vector Shape - Group","hd":false},{"ty":"st","c":{"a":0,"k":[0.13300000359,0.783999992819,0.870999983245,1],"ix":3},"o":{"a":0,"k":100,"ix":4},"w":{"a":0,"k":1,"ix":5},"lc":1,"lj":1,"ml":4,"bm":0,"nm":"Stroke 1","mn":"ADBE Vector Graphic - Stroke","hd":false},{"ty":"tr","p":{"a":0,"k":[0,0],"ix":2},"a":{"a":0,"k":[0,0],"ix":1},"s":{"a":0,"k":[100,100],"ix":3},"r":{"a":0,"k":0,"ix":6},"o":{"a":0,"k":100,"ix":7},"sk":{"a":0,"k":0,"ix":4},"sa":{"a":0,"k":0,"ix":5},"nm":"Transform"}],"nm":"Group 38","np":2,"cix":2,"bm":0,"ix":38,"mn":"ADBE Vector Group","hd":false},{"ty":"gr","it":[{"ind":0,"ty":"sh","ix":1,"ks":{"a":0,"k":{"i":[[0,0],[0,0]],"o":[[0,0],[0,0]],"v":[[44.56,264.509],[56.638,264.509]],"c":false},"ix":2},"nm":"Path 1","mn":"ADBE Vector Shape - Group","hd":false},{"ty":"st","c":{"a":0,"k":[0.13300000359,0.783999992819,0.870999983245,1],"ix":3},"o":{"a":0,"k":100,"ix":4},"w":{"a":0,"k":1,"ix":5},"lc":1,"lj":1,"ml":4,"bm":0,"nm":"Stroke 1","mn":"ADBE Vector Graphic - Stroke","hd":false},{"ty":"tr","p":{"a":0,"k":[0,0],"ix":2},"a":{"a":0,"k":[0,0],"ix":1},"s":{"a":0,"k":[100,100],"ix":3},"r":{"a":0,"k":0,"ix":6},"o":{"a":0,"k":100,"ix":7},"sk":{"a":0,"k":0,"ix":4},"sa":{"a":0,"k":0,"ix":5},"nm":"Transform"}],"nm":"Group 39","np":2,"cix":2,"bm":0,"ix":39,"mn":"ADBE Vector Group","hd":false},{"ty":"gr","it":[{"ind":0,"ty":"sh","ix":1,"ks":{"a":0,"k":{"i":[[0,0],[0,0],[0,0],[0,0]],"o":[[0,0],[0,0],[0,0],[0,0]],"v":[[-20.637,-29.695],[20.637,-29.695],[20.637,29.695],[-20.637,29.695]],"c":true},"ix":2},"nm":"Path 1","mn":"ADBE Vector Shape - Group","hd":false},{"ty":"st","c":{"a":0,"k":[0.13300000359,0.783999992819,0.870999983245,1],"ix":3},"o":{"a":0,"k":100,"ix":4},"w":{"a":0,"k":1,"ix":5},"lc":1,"lj":1,"ml":4,"bm":0,"nm":"Stroke 1","mn":"ADBE Vector Graphic - Stroke","hd":false},{"ty":"tr","p":{"a":0,"k":[56.638,284.437],"ix":2},"a":{"a":0,"k":[0,0],"ix":1},"s":{"a":0,"k":[100,100],"ix":3},"r":{"a":0,"k":0,"ix":6},"o":{"a":0,"k":100,"ix":7},"sk":{"a":0,"k":0,"ix":4},"sa":{"a":0,"k":0,"ix":5},"nm":"Transform"}],"nm":"Group 40","np":2,"cix":2,"bm":0,"ix":40,"mn":"ADBE Vector Group","hd":false},{"ty":"gr","it":[{"ind":0,"ty":"sh","ix":1,"ks":{"a":0,"k":{"i":[[0,0],[0,0]],"o":[[0,0],[0,0]],"v":[[121.255,307.988],[144.983,307.988]],"c":false},"ix":2},"nm":"Path 1","mn":"ADBE Vector Shape - Group","hd":false},{"ty":"st","c":{"a":0,"k":[0.13300000359,0.783999992819,0.870999983245,1],"ix":3},"o":{"a":0,"k":100,"ix":4},"w":{"a":0,"k":1,"ix":5},"lc":1,"lj":1,"ml":4,"bm":0,"nm":"Stroke 1","mn":"ADBE Vector Graphic - Stroke","hd":false},{"ty":"tr","p":{"a":0,"k":[0,0],"ix":2},"a":{"a":0,"k":[0,0],"ix":1},"s":{"a":0,"k":[100,100],"ix":3},"r":{"a":0,"k":0,"ix":6},"o":{"a":0,"k":100,"ix":7},"sk":{"a":0,"k":0,"ix":4},"sa":{"a":0,"k":0,"ix":5},"nm":"Transform"}],"nm":"Group 41","np":2,"cix":2,"bm":0,"ix":41,"mn":"ADBE Vector Group","hd":false},{"ty":"gr","it":[{"ind":0,"ty":"sh","ix":1,"ks":{"a":0,"k":{"i":[[0,0],[0,0]],"o":[[0,0],[0,0]],"v":[[121.255,303.157],[144.983,303.157]],"c":false},"ix":2},"nm":"Path 1","mn":"ADBE Vector Shape - Group","hd":false},{"ty":"st","c":{"a":0,"k":[0.13300000359,0.783999992819,0.870999983245,1],"ix":3},"o":{"a":0,"k":100,"ix":4},"w":{"a":0,"k":1,"ix":5},"lc":1,"lj":1,"ml":4,"bm":0,"nm":"Stroke 1","mn":"ADBE Vector Graphic - Stroke","hd":false},{"ty":"tr","p":{"a":0,"k":[0,0],"ix":2},"a":{"a":0,"k":[0,0],"ix":1},"s":{"a":0,"k":[100,100],"ix":3},"r":{"a":0,"k":0,"ix":6},"o":{"a":0,"k":100,"ix":7},"sk":{"a":0,"k":0,"ix":4},"sa":{"a":0,"k":0,"ix":5},"nm":"Transform"}],"nm":"Group 42","np":2,"cix":2,"bm":0,"ix":42,"mn":"ADBE Vector Group","hd":false},{"ty":"gr","it":[{"ind":0,"ty":"sh","ix":1,"ks":{"a":0,"k":{"i":[[0,0],[0,0]],"o":[[0,0],[0,0]],"v":[[121.255,298.326],[144.983,298.326]],"c":false},"ix":2},"nm":"Path 1","mn":"ADBE Vector Shape - Group","hd":false},{"ty":"st","c":{"a":0,"k":[0.13300000359,0.783999992819,0.870999983245,1],"ix":3},"o":{"a":0,"k":100,"ix":4},"w":{"a":0,"k":1,"ix":5},"lc":1,"lj":1,"ml":4,"bm":0,"nm":"Stroke 1","mn":"ADBE Vector Graphic - Stroke","hd":false},{"ty":"tr","p":{"a":0,"k":[0,0],"ix":2},"a":{"a":0,"k":[0,0],"ix":1},"s":{"a":0,"k":[100,100],"ix":3},"r":{"a":0,"k":0,"ix":6},"o":{"a":0,"k":100,"ix":7},"sk":{"a":0,"k":0,"ix":4},"sa":{"a":0,"k":0,"ix":5},"nm":"Transform"}],"nm":"Group 43","np":2,"cix":2,"bm":0,"ix":43,"mn":"ADBE Vector Group","hd":false},{"ty":"gr","it":[{"ind":0,"ty":"sh","ix":1,"ks":{"a":0,"k":{"i":[[0,0],[0,0]],"o":[[0,0],[0,0]],"v":[[121.255,293.495],[144.983,293.495]],"c":false},"ix":2},"nm":"Path 1","mn":"ADBE Vector Shape - Group","hd":false},{"ty":"st","c":{"a":0,"k":[0.13300000359,0.783999992819,0.870999983245,1],"ix":3},"o":{"a":0,"k":100,"ix":4},"w":{"a":0,"k":1,"ix":5},"lc":1,"lj":1,"ml":4,"bm":0,"nm":"Stroke 1","mn":"ADBE Vector Graphic - Stroke","hd":false},{"ty":"tr","p":{"a":0,"k":[0,0],"ix":2},"a":{"a":0,"k":[0,0],"ix":1},"s":{"a":0,"k":[100,100],"ix":3},"r":{"a":0,"k":0,"ix":6},"o":{"a":0,"k":100,"ix":7},"sk":{"a":0,"k":0,"ix":4},"sa":{"a":0,"k":0,"ix":5},"nm":"Transform"}],"nm":"Group 44","np":2,"cix":2,"bm":0,"ix":44,"mn":"ADBE Vector Group","hd":false},{"ty":"gr","it":[{"ind":0,"ty":"sh","ix":1,"ks":{"a":0,"k":{"i":[[0,0],[0,0]],"o":[[0,0],[0,0]],"v":[[121.255,288.664],[144.983,288.664]],"c":false},"ix":2},"nm":"Path 1","mn":"ADBE Vector Shape - Group","hd":false},{"ty":"st","c":{"a":0,"k":[0.13300000359,0.783999992819,0.870999983245,1],"ix":3},"o":{"a":0,"k":100,"ix":4},"w":{"a":0,"k":1,"ix":5},"lc":1,"lj":1,"ml":4,"bm":0,"nm":"Stroke 1","mn":"ADBE Vector Graphic - Stroke","hd":false},{"ty":"tr","p":{"a":0,"k":[0,0],"ix":2},"a":{"a":0,"k":[0,0],"ix":1},"s":{"a":0,"k":[100,100],"ix":3},"r":{"a":0,"k":0,"ix":6},"o":{"a":0,"k":100,"ix":7},"sk":{"a":0,"k":0,"ix":4},"sa":{"a":0,"k":0,"ix":5},"nm":"Transform"}],"nm":"Group 45","np":2,"cix":2,"bm":0,"ix":45,"mn":"ADBE Vector Group","hd":false},{"ty":"gr","it":[{"ind":0,"ty":"sh","ix":1,"ks":{"a":0,"k":{"i":[[0,0],[0,0]],"o":[[0,0],[0,0]],"v":[[121.255,283.833],[144.983,283.833]],"c":false},"ix":2},"nm":"Path 1","mn":"ADBE Vector Shape - Group","hd":false},{"ty":"st","c":{"a":0,"k":[0.13300000359,0.783999992819,0.870999983245,1],"ix":3},"o":{"a":0,"k":100,"ix":4},"w":{"a":0,"k":1,"ix":5},"lc":1,"lj":1,"ml":4,"bm":0,"nm":"Stroke 1","mn":"ADBE Vector Graphic - Stroke","hd":false},{"ty":"tr","p":{"a":0,"k":[0,0],"ix":2},"a":{"a":0,"k":[0,0],"ix":1},"s":{"a":0,"k":[100,100],"ix":3},"r":{"a":0,"k":0,"ix":6},"o":{"a":0,"k":100,"ix":7},"sk":{"a":0,"k":0,"ix":4},"sa":{"a":0,"k":0,"ix":5},"nm":"Transform"}],"nm":"Group 46","np":2,"cix":2,"bm":0,"ix":46,"mn":"ADBE Vector Group","hd":false},{"ty":"gr","it":[{"ind":0,"ty":"sh","ix":1,"ks":{"a":0,"k":{"i":[[0,0],[0,0]],"o":[[0,0],[0,0]],"v":[[121.255,279.003],[144.983,279.003]],"c":false},"ix":2},"nm":"Path 1","mn":"ADBE Vector Shape - Group","hd":false},{"ty":"st","c":{"a":0,"k":[0.13300000359,0.783999992819,0.870999983245,1],"ix":3},"o":{"a":0,"k":100,"ix":4},"w":{"a":0,"k":1,"ix":5},"lc":1,"lj":1,"ml":4,"bm":0,"nm":"Stroke 1","mn":"ADBE Vector Graphic - Stroke","hd":false},{"ty":"tr","p":{"a":0,"k":[0,0],"ix":2},"a":{"a":0,"k":[0,0],"ix":1},"s":{"a":0,"k":[100,100],"ix":3},"r":{"a":0,"k":0,"ix":6},"o":{"a":0,"k":100,"ix":7},"sk":{"a":0,"k":0,"ix":4},"sa":{"a":0,"k":0,"ix":5},"nm":"Transform"}],"nm":"Group 47","np":2,"cix":2,"bm":0,"ix":47,"mn":"ADBE Vector Group","hd":false},{"ty":"gr","it":[{"ind":0,"ty":"sh","ix":1,"ks":{"a":0,"k":{"i":[[0,0],[0,0]],"o":[[0,0],[0,0]],"v":[[121.255,274.171],[144.983,274.171]],"c":false},"ix":2},"nm":"Path 1","mn":"ADBE Vector Shape - Group","hd":false},{"ty":"st","c":{"a":0,"k":[0.13300000359,0.783999992819,0.870999983245,1],"ix":3},"o":{"a":0,"k":100,"ix":4},"w":{"a":0,"k":1,"ix":5},"lc":1,"lj":1,"ml":4,"bm":0,"nm":"Stroke 1","mn":"ADBE Vector Graphic - Stroke","hd":false},{"ty":"tr","p":{"a":0,"k":[0,0],"ix":2},"a":{"a":0,"k":[0,0],"ix":1},"s":{"a":0,"k":[100,100],"ix":3},"r":{"a":0,"k":0,"ix":6},"o":{"a":0,"k":100,"ix":7},"sk":{"a":0,"k":0,"ix":4},"sa":{"a":0,"k":0,"ix":5},"nm":"Transform"}],"nm":"Group 48","np":2,"cix":2,"bm":0,"ix":48,"mn":"ADBE Vector Group","hd":false},{"ty":"gr","it":[{"ind":0,"ty":"sh","ix":1,"ks":{"a":0,"k":{"i":[[0,0],[0,0]],"o":[[0,0],[0,0]],"v":[[121.255,269.34],[133.333,269.34]],"c":false},"ix":2},"nm":"Path 1","mn":"ADBE Vector Shape - Group","hd":false},{"ty":"st","c":{"a":0,"k":[0.13300000359,0.783999992819,0.870999983245,1],"ix":3},"o":{"a":0,"k":100,"ix":4},"w":{"a":0,"k":1,"ix":5},"lc":1,"lj":1,"ml":4,"bm":0,"nm":"Stroke 1","mn":"ADBE Vector Graphic - Stroke","hd":false},{"ty":"tr","p":{"a":0,"k":[0,0],"ix":2},"a":{"a":0,"k":[0,0],"ix":1},"s":{"a":0,"k":[100,100],"ix":3},"r":{"a":0,"k":0,"ix":6},"o":{"a":0,"k":100,"ix":7},"sk":{"a":0,"k":0,"ix":4},"sa":{"a":0,"k":0,"ix":5},"nm":"Transform"}],"nm":"Group 49","np":2,"cix":2,"bm":0,"ix":49,"mn":"ADBE Vector Group","hd":false},{"ty":"gr","it":[{"ind":0,"ty":"sh","ix":1,"ks":{"a":0,"k":{"i":[[0,0],[0,0]],"o":[[0,0],[0,0]],"v":[[121.255,264.509],[133.333,264.509]],"c":false},"ix":2},"nm":"Path 1","mn":"ADBE Vector Shape - Group","hd":false},{"ty":"st","c":{"a":0,"k":[0.13300000359,0.783999992819,0.870999983245,1],"ix":3},"o":{"a":0,"k":100,"ix":4},"w":{"a":0,"k":1,"ix":5},"lc":1,"lj":1,"ml":4,"bm":0,"nm":"Stroke 1","mn":"ADBE Vector Graphic - Stroke","hd":false},{"ty":"tr","p":{"a":0,"k":[0,0],"ix":2},"a":{"a":0,"k":[0,0],"ix":1},"s":{"a":0,"k":[100,100],"ix":3},"r":{"a":0,"k":0,"ix":6},"o":{"a":0,"k":100,"ix":7},"sk":{"a":0,"k":0,"ix":4},"sa":{"a":0,"k":0,"ix":5},"nm":"Transform"}],"nm":"Group 50","np":2,"cix":2,"bm":0,"ix":50,"mn":"ADBE Vector Group","hd":false},{"ty":"gr","it":[{"ind":0,"ty":"sh","ix":1,"ks":{"a":0,"k":{"i":[[0,0],[0,0],[0,0],[0,0]],"o":[[0,0],[0,0],[0,0],[0,0]],"v":[[-20.637,-29.695],[20.637,-29.695],[20.637,29.695],[-20.637,29.695]],"c":true},"ix":2},"nm":"Path 1","mn":"ADBE Vector Shape - Group","hd":false},{"ty":"st","c":{"a":0,"k":[0.13300000359,0.783999992819,0.870999983245,1],"ix":3},"o":{"a":0,"k":100,"ix":4},"w":{"a":0,"k":1,"ix":5},"lc":1,"lj":1,"ml":4,"bm":0,"nm":"Stroke 1","mn":"ADBE Vector Graphic - Stroke","hd":false},{"ty":"tr","p":{"a":0,"k":[133.333,284.437],"ix":2},"a":{"a":0,"k":[0,0],"ix":1},"s":{"a":0,"k":[100,100],"ix":3},"r":{"a":0,"k":0,"ix":6},"o":{"a":0,"k":100,"ix":7},"sk":{"a":0,"k":0,"ix":4},"sa":{"a":0,"k":0,"ix":5},"nm":"Transform"}],"nm":"Group 51","np":2,"cix":2,"bm":0,"ix":51,"mn":"ADBE Vector Group","hd":false},{"ty":"gr","it":[{"ind":0,"ty":"sh","ix":1,"ks":{"a":0,"k":{"i":[[-3.59,0],[0,0],[0,-3.59],[0,0],[3.59,0],[0,0],[0,3.59],[0,0]],"o":[[0,0],[3.59,0],[0,0],[0,3.59],[0,0],[-3.59,0],[0,0],[0,-3.59]],"v":[[-86,-56.87],[86,-56.87],[92.5,-50.37],[92.5,50.37],[86,56.87],[-86,56.87],[-92.5,50.37],[-92.5,-50.37]],"c":true},"ix":2},"nm":"Path 1","mn":"ADBE Vector Shape - Group","hd":false},{"ty":"st","c":{"a":0,"k":[0.13300000359,0.783999992819,0.870999983245,1],"ix":3},"o":{"a":0,"k":100,"ix":4},"w":{"a":0,"k":1,"ix":5},"lc":1,"lj":1,"ml":4,"bm":0,"nm":"Stroke 1","mn":"ADBE Vector Graphic - Stroke","hd":false},{"ty":"tr","p":{"a":0,"k":[94.684,286.249],"ix":2},"a":{"a":0,"k":[0,0],"ix":1},"s":{"a":0,"k":[100,100],"ix":3},"r":{"a":0,"k":0,"ix":6},"o":{"a":0,"k":100,"ix":7},"sk":{"a":0,"k":0,"ix":4},"sa":{"a":0,"k":0,"ix":5},"nm":"Transform"}],"nm":"Group 52","np":2,"cix":2,"bm":0,"ix":52,"mn":"ADBE Vector Group","hd":false},{"ty":"gr","it":[{"ind":0,"ty":"sh","ix":1,"ks":{"a":0,"k":{"i":[[-3.866,0],[0,0],[0,-3.866],[0,0],[3.866,0],[0,0],[0,3.866],[0,0]],"o":[[0,0],[3.866,0],[0,0],[0,3.866],[0,0],[-3.866,0],[0,0],[0,-3.866]],"v":[[-86,-57.37],[86,-57.37],[93,-50.37],[93,50.37],[86,57.37],[-86,57.37],[-93,50.37],[-93,-50.37]],"c":true},"ix":2},"nm":"Path 1","mn":"ADBE Vector Shape - Group","hd":false},{"ty":"fl","c":{"a":0,"k":[0.109999997008,0.109999997008,0.109999997008,1],"ix":4},"o":{"a":0,"k":100,"ix":5},"r":1,"bm":0,"nm":"Fill 1","mn":"ADBE Vector Graphic - Fill","hd":false},{"ty":"tr","p":{"a":0,"k":[94.684,286.249],"ix":2},"a":{"a":0,"k":[0,0],"ix":1},"s":{"a":0,"k":[100,100],"ix":3},"r":{"a":0,"k":0,"ix":6},"o":{"a":0,"k":100,"ix":7},"sk":{"a":0,"k":0,"ix":4},"sa":{"a":0,"k":0,"ix":5},"nm":"Transform"}],"nm":"Group 53","np":2,"cix":2,"bm":0,"ix":53,"mn":"ADBE Vector Group","hd":false},{"ty":"gr","it":[{"ind":0,"ty":"sh","ix":1,"ks":{"a":0,"k":{"i":[[2.206,0],[0,0],[0,2.206],[0,0],[0,0],[0,0],[0,0],[0,0],[0,0],[0,0]],"o":[[0,0],[-2.206,0],[0,0],[0,0],[0,0],[0,0],[0,0],[0,0],[0,0],[0,2.206]],"v":[[25.591,14.115],[-25.591,14.115],[-29.591,10.113],[-29.591,9.608],[-21.676,-3.004],[-21.676,-14.115],[21.663,-14.115],[21.663,-3.004],[29.591,9.628],[29.591,10.113]],"c":true},"ix":2},"nm":"Path 1","mn":"ADBE Vector Shape - Group","hd":false},{"ind":1,"ty":"sh","ix":2,"ks":{"a":0,"k":{"i":[[0,0],[0,1.654],[0,0],[0,0],[0,0],[0,0],[0,0],[0,0],[0,0],[0,0],[0,0],[0,0],[0,0],[-1.654,0]],"o":[[1.654,0],[0,0],[0,0],[0,0],[0,0],[0,0],[0,0],[0,0],[0,0],[0,0],[0,0],[0,0],[0,1.654],[0,0]],"v":[[25.591,13.115],[28.591,10.113],[28.591,9.915],[20.817,-2.473],[20.663,-2.716],[20.663,-3.004],[20.663,-13.115],[-20.676,-13.115],[-20.676,-3.004],[-20.676,-2.716],[-20.829,-2.473],[-28.591,9.896],[-28.591,10.113],[-25.591,13.115]],"c":true},"ix":2},"nm":"Path 2","mn":"ADBE Vector Shape - Group","hd":false},{"ty":"mm","mm":1,"nm":"Merge Paths 1","mn":"ADBE Vector Filter - Merge","hd":false},{"ty":"fl","c":{"a":0,"k":[0.13300000359,0.783999992819,0.870999983245,1],"ix":4},"o":{"a":0,"k":100,"ix":5},"r":1,"bm":0,"nm":"Fill 1","mn":"ADBE Vector Graphic - Fill","hd":false},{"ty":"tr","p":{"a":0,"k":[95.288,354.868],"ix":2},"a":{"a":0,"k":[0,0],"ix":1},"s":{"a":0,"k":[100,100],"ix":3},"r":{"a":0,"k":0,"ix":6},"o":{"a":0,"k":100,"ix":7},"sk":{"a":0,"k":0,"ix":4},"sa":{"a":0,"k":0,"ix":5},"nm":"Transform"}],"nm":"Group 54","np":4,"cix":2,"bm":0,"ix":54,"mn":"ADBE Vector Group","hd":false}],"ip":0,"op":120,"st":0,"bm":0}],"markers":[],"chars":[{"ch":"3","size":106,"style":"Regular","w":39.6,"data":{"shapes":[{"ty":"gr","it":[{"ind":0,"ty":"sh","ix":1,"ks":{"a":0,"k":{"i":[[0,0],[4.129,0],[0,0],[0,0],[0,0],[0,-6.546],[0,0],[3.525,0],[0,5.035],[0,0],[0,0],[0,0],[-10.876,0],[0,11.279],[0,0],[5.539,2.417],[0,0],[0,7.553],[0,0],[10.876,0],[0,-11.279],[0,0],[0,0],[0,0],[-3.525,0],[0,-6.345]],"o":[[0,5.64],[0,0],[0,0],[0,0],[5.035,0],[0,0],[0,6.244],[-3.525,0],[0,0],[0,0],[0,0],[0,11.279],[10.876,0],[0,0],[0,-7.15],[0,0],[5.338,-2.216],[0,0],[0,-11.279],[-10.876,0],[0,0],[0,0],[0,0],[0,-5.035],[3.525,0],[0,0]],"v":[[25.378,-49.246],[18.732,-41.794],[14.401,-41.794],[14.401,-31.723],[18.127,-31.723],[25.378,-22.76],[25.378,-17.221],[19.638,-9.265],[13.898,-16.214],[13.898,-22.76],[3.424,-22.76],[3.424,-16.919],[19.94,0.806],[36.456,-16.919],[36.456,-22.458],[28.702,-37.161],[28.702,-37.363],[36.456,-51.764],[36.456,-53.577],[19.94,-71.301],[3.424,-53.577],[3.424,-49.75],[13.898,-49.75],[13.898,-54.282],[19.638,-61.23],[25.378,-53.174]],"c":true},"ix":2},"nm":"3","mn":"ADBE Vector Shape - Group","hd":false}],"nm":"3","np":3,"cix":2,"bm":0,"ix":1,"mn":"ADBE Vector Group","hd":false}]},"fFamily":"Bebas Neue"},{"ch":"1","size":106,"style":"Regular","w":39.6,"data":{"shapes":[{"ty":"gr","it":[{"ind":0,"ty":"sh","ix":1,"ks":{"a":0,"k":{"i":[[0,0],[0,0],[0,0],[0,0],[0,0],[0,0],[8.56,0]],"o":[[0,0],[0,0],[0,0],[0,0],[0,0],[-1.712,4.733],[0,0]],"v":[[10.876,-53.778],[19.437,-53.778],[19.437,0],[30.515,0],[30.515,-70.496],[23.062,-70.496],[10.876,-61.633]],"c":true},"ix":2},"nm":"1","mn":"ADBE Vector Shape - Group","hd":false}],"nm":"1","np":3,"cix":2,"bm":0,"ix":1,"mn":"ADBE Vector Group","hd":false}]},"fFamily":"Bebas Neue"},{"ch":"7","size":106,"style":"Regular","w":39.6,"data":{"shapes":[{"ty":"gr","it":[{"ind":0,"ty":"sh","ix":1,"ks":{"a":0,"k":{"i":[[0,0],[0,0],[0,0],[0,0],[0,0],[0,0],[0,0]],"o":[[0,0],[0,0],[0,0],[0,0],[0,0],[0,0],[0,0]],"v":[[3.323,-70.496],[3.323,-60.425],[25.378,-60.425],[9.164,0],[20.242,0],[36.557,-60.828],[36.557,-70.496]],"c":true},"ix":2},"nm":"7","mn":"ADBE Vector Shape - Group","hd":false}],"nm":"7","np":3,"cix":2,"bm":0,"ix":1,"mn":"ADBE Vector Group","hd":false}]},"fFamily":"Bebas Neue"},{"ch":"m","size":106,"style":"Regular","w":54.1,"data":{"shapes":[{"ty":"gr","it":[{"ind":0,"ty":"sh","ix":1,"ks":{"a":0,"k":{"i":[[0,0],[0,0],[0,0],[0,0],[0,0],[0,0],[0,0],[0,0],[0,0],[0,0],[0,0],[0,0],[0,0],[0,0],[0,0],[0,0]],"o":[[0,0],[0,0],[0,0],[0,0],[0,0],[0,0],[0,0],[0,0],[0,0],[0,0],[0,0],[0,0],[0,0],[0,0],[0,0],[0,0]],"v":[[19.336,-70.496],[3.928,-70.496],[3.928,0],[13.596,0],[13.596,-49.85],[13.797,-49.85],[21.854,0],[32.327,0],[39.78,-50.555],[39.981,-50.555],[39.981,0],[50.455,0],[50.455,-70.496],[35.046,-70.496],[27.594,-20.444],[27.393,-20.444]],"c":true},"ix":2},"nm":"m","mn":"ADBE Vector Shape - Group","hd":false}],"nm":"m","np":3,"cix":2,"bm":0,"ix":1,"mn":"ADBE Vector Group","hd":false}]},"fFamily":"Bebas Neue"},{"ch":"+","size":106,"style":"Regular","w":39.6,"data":{"shapes":[{"ty":"gr","it":[{"ind":0,"ty":"sh","ix":1,"ks":{"a":0,"k":{"i":[[0,0],[0,0],[0,0],[0,0],[0,0],[0,0],[0,0],[0,0],[0,0],[0,0],[0,0],[0,0]],"o":[[0,0],[0,0],[0,0],[0,0],[0,0],[0,0],[0,0],[0,0],[0,0],[0,0],[0,0],[0,0]],"v":[[23.868,-52.771],[16.013,-52.771],[16.013,-39.175],[2.518,-39.175],[2.518,-31.32],[16.013,-31.32],[16.013,-17.523],[23.868,-17.523],[23.868,-31.32],[37.363,-31.32],[37.363,-39.175],[23.868,-39.175]],"c":true},"ix":2},"nm":"+","mn":"ADBE Vector Shape - Group","hd":false}],"nm":"+","np":3,"cix":2,"bm":0,"ix":1,"mn":"ADBE Vector Group","hd":false}]},"fFamily":"Bebas Neue"},{"ch":"p","size":23,"style":"Regular","w":61.28,"data":{"shapes":[{"ty":"gr","it":[{"ind":0,"ty":"sh","ix":1,"ks":{"a":0,"k":{"i":[[-3.923,4.867],[0,8.789],[3.857,4.851],[7.096,0],[2.766,-1.302],[2.083,-2.93],[0,0],[0,0],[0,0],[0,0],[0,0],[0,0],[0.391,3.125],[0,0],[-2.881,-1.286],[-3.484,0]],"o":[[3.922,-4.866],[0,-8.756],[-3.857,-4.85],[-3.581,0],[-2.767,1.302],[0,0],[0,0],[0,0],[0,0],[0,0],[0,0],[0,-2.799],[0,0],[1.953,2.67],[2.881,1.286],[6.966,0]],"v":[[49.829,-6.323],[55.713,-26.807],[49.927,-47.217],[33.496,-54.492],[23.975,-52.539],[16.699,-46.191],[16.309,-46.191],[15.186,-53.516],[8.594,-53.516],[8.594,24.023],[16.699,24.023],[16.699,2.002],[16.113,-6.885],[16.699,-6.885],[23.95,-0.952],[33.496,0.977]],"c":true},"ix":2},"nm":"p","mn":"ADBE Vector Shape - Group","hd":false},{"ind":1,"ty":"sh","ix":2,"ks":{"a":0,"k":{"i":[[-2.621,-3.564],[0,-6.673],[2.62,-3.743],[4.622,0],[2.506,3.239],[0,7.52],[0,0],[-2.441,3.027],[-5.469,0]],"o":[[2.62,3.564],[0,6.576],[-2.621,3.744],[-5.534,0],[-2.507,-3.239],[0,0],[0.065,-6.608],[2.441,-3.027],[4.752,0]],"v":[[43.384,-42.261],[47.314,-26.904],[43.384,-11.426],[32.52,-5.811],[20.459,-10.669],[16.699,-26.807],[16.699,-28.613],[20.459,-43.066],[32.324,-47.607]],"c":true},"ix":2},"nm":"p","mn":"ADBE Vector Shape - Group","hd":false}],"nm":"p","np":5,"cix":2,"bm":0,"ix":1,"mn":"ADBE Vector Group","hd":false}]},"fFamily":"Open Sans"},{"ch":"i","size":23,"style":"Regular","w":25.29,"data":{"shapes":[{"ty":"gr","it":[{"ind":0,"ty":"sh","ix":1,"ks":{"a":0,"k":{"i":[[0,0],[0,0],[0,0],[0,0]],"o":[[0,0],[0,0],[0,0],[0,0]],"v":[[16.699,-53.516],[8.594,-53.516],[8.594,0],[16.699,0]],"c":true},"ix":2},"nm":"i","mn":"ADBE Vector Shape - Group","hd":false},{"ind":1,"ty":"sh","ix":2,"ks":{"a":0,"k":{"i":[[-0.912,-0.895],[-1.367,0],[-0.945,0.896],[0,1.823],[0.944,0.879],[1.302,0],[0.911,-0.862],[0,-1.855]],"o":[[0.911,0.896],[1.302,0],[0.944,-0.895],[0,-1.823],[-0.945,-0.879],[-1.367,0],[-0.912,0.863],[0,1.823]],"v":[[9.277,-63.94],[12.695,-62.598],[16.064,-63.94],[17.48,-68.018],[16.064,-72.07],[12.695,-73.389],[9.277,-72.095],[7.91,-68.018]],"c":true},"ix":2},"nm":"i","mn":"ADBE Vector Shape - Group","hd":false}],"nm":"i","np":5,"cix":2,"bm":0,"ix":1,"mn":"ADBE Vector Group","hd":false}]},"fFamily":"Open Sans"},{"ch":"e","size":23,"style":"Regular","w":56.1,"data":{"shapes":[{"ty":"gr","it":[{"ind":0,"ty":"sh","ix":1,"ks":{"a":0,"k":{"i":[[-2.556,0.537],[-2.865,1.237],[0,0],[5.762,0],[3.011,3.255],[0.163,6.283],[0,0],[0,0],[3.906,4.411],[6.705,0],[4.248,-5.078],[0,-8.626],[-4.574,-4.817],[-7.91,0]],"o":[[2.555,-0.537],[0,0],[-5.632,2.409],[-5.469,0],[-3.011,-3.255],[0,0],[0,0],[0,-7.227],[-3.906,-4.411],[-7.162,0],[-4.248,5.078],[0,8.562],[4.573,4.818],[3.613,0]],"v":[[40.454,0.171],[48.584,-2.49],[48.584,-9.717],[31.494,-6.104],[18.774,-10.986],[14.014,-25.293],[50.879,-25.293],[50.879,-30.42],[45.02,-47.876],[29.102,-54.492],[11.987,-46.875],[5.615,-26.318],[12.476,-6.25],[31.201,0.977]],"c":true},"ix":2},"nm":"e","mn":"ADBE Vector Shape - Group","hd":false},{"ind":1,"ty":"sh","ix":2,"ks":{"a":0,"k":{"i":[[-2.279,-2.718],[0,-5.11],[0,0],[-2.556,2.8],[-4.297,0]],"o":[[2.278,2.718],[0,0],[0.455,-4.948],[2.555,-2.799],[4.231,0]],"v":[[38.77,-43.628],[42.188,-31.885],[14.209,-31.885],[18.726,-43.506],[29.004,-47.705]],"c":true},"ix":2},"nm":"e","mn":"ADBE Vector Shape - Group","hd":false}],"nm":"e","np":5,"cix":2,"bm":0,"ix":1,"mn":"ADBE Vector Group","hd":false}]},"fFamily":"Open Sans"},{"ch":"c","size":23,"style":"Regular","w":47.61,"data":{"shapes":[{"ty":"gr","it":[{"ind":0,"ty":"sh","ix":1,"ks":{"a":0,"k":{"i":[[-3.581,1.855],[0,0],[4.459,0],[2.653,3.516],[0,6.576],[-10.873,0],[-2.116,-0.471],[-1.791,-0.716],[0,0],[2.571,0.554],[2.571,0],[4.313,-4.883],[0,-8.952],[-4.248,-4.768],[-7.748,0]],"o":[[0,0],[-4.688,1.921],[-5.209,0],[-2.654,-3.516],[0,-13.867],[1.627,0],[2.116,0.472],[0,0],[-1.465,-0.748],[-2.572,-0.553],[-7.976,0],[-4.314,4.883],[0,8.724],[4.248,4.769],[5.436,0]],"v":[[43.506,-1.807],[43.506,-8.984],[29.785,-6.104],[17.993,-11.377],[14.014,-26.514],[30.322,-47.314],[35.938,-46.606],[41.797,-44.824],[44.287,-51.709],[38.232,-53.662],[30.518,-54.492],[12.085,-47.168],[5.615,-26.416],[11.987,-6.177],[29.98,0.977]],"c":true},"ix":2},"nm":"c","mn":"ADBE Vector Shape - Group","hd":false}],"nm":"c","np":3,"cix":2,"bm":0,"ix":1,"mn":"ADBE Vector Group","hd":false}]},"fFamily":"Open Sans"},{"ch":"s","size":23,"style":"Regular","w":47.71,"data":{"shapes":[{"ty":"gr","it":[{"ind":0,"ty":"sh","ix":1,"ks":{"a":0,"k":{"i":[[2.229,2.344],[6.348,2.312],[1.627,0.912],[0.732,1.009],[0,1.433],[-1.953,1.205],[-3.841,0],[-5.371,-2.213],[0,0],[5.762,0],[3.548,-2.522],[0,-4.362],[-1.025,-1.758],[-2.1,-1.383],[-4.98,-1.855],[-1.807,-1.481],[0,-2.083],[2.278,-1.35],[4.231,0],[2.946,0.749],[2.571,1.302],[0,0],[-7.097,0],[-3.711,2.702],[0,4.98]],"o":[[-2.23,-2.344],[-4.623,-1.725],[-1.628,-0.911],[-0.732,-1.009],[0,-2.116],[1.953,-1.204],[4.362,0],[0,0],[-5.502,-2.344],[-6.185,0],[-3.548,2.523],[0,2.441],[1.025,1.758],[2.1,1.384],[5.241,2.019],[1.807,1.482],[0,2.767],[-2.279,1.351],[-2.734,0],[-2.946,-0.748],[0,0],[3.971,2.246],[6.705,0],[3.711,-2.702],[0,-3.548]],"v":[[39.771,-23.438],[26.904,-30.42],[17.529,-34.375],[13.989,-37.256],[12.891,-40.918],[15.82,-45.898],[24.512,-47.705],[39.111,-44.385],[41.992,-50.977],[25.098,-54.492],[10.498,-50.708],[5.176,-40.381],[6.714,-34.082],[11.401,-29.37],[22.021,-24.512],[32.593,-19.263],[35.303,-13.916],[31.885,-7.739],[22.119,-5.713],[13.599,-6.836],[5.322,-9.912],[5.322,-2.393],[21.924,0.977],[37.549,-3.076],[43.115,-14.6]],"c":true},"ix":2},"nm":"s","mn":"ADBE Vector Shape - Group","hd":false}],"nm":"s","np":3,"cix":2,"bm":0,"ix":1,"mn":"ADBE Vector Group","hd":false}]},"fFamily":"Open Sans"},{"ch":" ","size":23,"style":"Regular","w":25.98,"data":{},"fFamily":"Open Sans"},{"ch":"o","size":23,"style":"Regular","w":60.4,"data":{"shapes":[{"ty":"gr","it":[{"ind":0,"ty":"sh","ix":1,"ks":{"a":0,"k":{"i":[[4.411,4.98],[7.487,0],[4.362,-4.866],[0,-8.723],[-2.019,-4.199],[-3.711,-2.246],[-4.785,0],[-4.395,4.9],[0,8.724]],"o":[[-4.411,-4.98],[-7.748,0],[-4.362,4.867],[0,5.632],[2.018,4.199],[3.711,2.246],[7.747,0],[4.395,-4.899],[0,-8.496]],"v":[[48.169,-47.021],[30.322,-54.492],[12.158,-47.192],[5.615,-26.807],[8.643,-12.061],[17.236,-2.393],[29.98,0.977],[48.193,-6.372],[54.785,-26.807]],"c":true},"ix":2},"nm":"o","mn":"ADBE Vector Shape - Group","hd":false},{"ind":1,"ty":"sh","ix":2,"ks":{"a":0,"k":{"i":[[-2.702,3.484],[-5.306,0],[-2.751,-3.532],[0,-6.803],[2.75,-3.564],[5.305,0],[2.734,3.581],[0,6.836]],"o":[[2.702,-3.483],[5.371,0],[2.75,3.532],[0,6.869],[-2.751,3.564],[-5.306,0],[-2.734,-3.58],[0,-6.901]],"v":[[18.066,-42.383],[30.078,-47.607],[42.261,-42.31],[46.387,-26.807],[42.261,-11.157],[30.176,-5.811],[18.115,-11.182],[14.014,-26.807]],"c":true},"ix":2},"nm":"o","mn":"ADBE Vector Shape - Group","hd":false}],"nm":"o","np":5,"cix":2,"bm":0,"ix":1,"mn":"ADBE Vector Group","hd":false}]},"fFamily":"Open Sans"},{"ch":"f","size":23,"style":"Regular","w":33.89,"data":{"shapes":[{"ty":"gr","it":[{"ind":0,"ty":"sh","ix":1,"ks":{"a":0,"k":{"i":[[0,0],[0,0],[0,0],[-1.465,2.035],[-3.06,0],[-3.125,-1.009],[0,0],[2.832,0],[0,-13.151],[0,0],[0,0],[0,0],[0,0],[0,0],[0,0],[0,0],[0,0]],"o":[[0,0],[0,0],[0,-4.492],[1.465,-2.034],[2.213,0],[0,0],[-3.809,-1.139],[-11.491,0],[0,0],[0,0],[0,0],[0,0],[0,0],[0,0],[0,0],[0,0],[0,0]],"v":[[32.715,-53.516],[19.092,-53.516],[19.092,-56.982],[21.289,-66.772],[28.076,-69.824],[36.084,-68.311],[38.184,-74.805],[28.223,-76.514],[10.986,-56.787],[10.986,-53.809],[1.416,-50.879],[1.416,-47.217],[10.986,-47.217],[10.986,0],[19.092,0],[19.092,-47.217],[32.715,-47.217]],"c":true},"ix":2},"nm":"f","mn":"ADBE Vector Shape - Group","hd":false}],"nm":"f","np":3,"cix":2,"bm":0,"ix":1,"mn":"ADBE Vector Group","hd":false}]},"fFamily":"Open Sans"},{"ch":"m","size":23,"style":"Regular","w":93.02,"data":{"shapes":[{"ty":"gr","it":[{"ind":0,"ty":"sh","ix":1,"ks":{"a":0,"k":{"i":[[0,0],[0,0],[3.011,3.109],[6.055,0],[3.027,-1.627],[1.595,-2.799],[0,0],[8.366,0],[2.783,-1.465],[1.53,-2.604],[0,0],[0,0],[0,0],[0,0],[0,0],[0,0],[-2.361,3.044],[-5.078,0],[-1.823,-2.132],[0,-4.264],[0,0],[0,0],[0,0],[-2.409,2.898],[-5.046,0],[-1.823,-2.132],[0,-4.264],[0,0]],"o":[[0,0],[0,-6.836],[-3.011,-3.108],[-3.874,0],[-3.027,1.628],[0,0],[-2.572,-6.055],[-3.451,0],[-2.783,1.465],[0,0],[0,0],[0,0],[0,0],[0,0],[0,0],[0,-6.934],[2.36,-3.043],[3.873,0],[1.823,2.132],[0,0],[0,0],[0,0],[0,-6.022],[2.409,-2.897],[3.841,0],[1.823,2.132],[0,0],[0,0]],"v":[[84.912,0],[84.912,-34.912],[80.396,-49.829],[66.797,-54.492],[56.445,-52.051],[49.512,-45.41],[49.121,-45.41],[32.715,-54.492],[23.364,-52.295],[16.895,-46.191],[16.504,-46.191],[15.186,-53.516],[8.594,-53.516],[8.594,0],[16.699,0],[16.699,-28.076],[20.239,-43.042],[31.396,-47.607],[39.941,-44.409],[42.676,-34.814],[42.676,0],[50.781,0],[50.781,-29.883],[54.395,-43.262],[65.576,-47.607],[74.072,-44.409],[76.807,-34.814],[76.807,0]],"c":true},"ix":2},"nm":"m","mn":"ADBE Vector Shape - Group","hd":false}],"nm":"m","np":3,"cix":2,"bm":0,"ix":1,"mn":"ADBE Vector Group","hd":false}]},"fFamily":"Open Sans"},{"ch":"a","size":23,"style":"Regular","w":55.62,"data":{"shapes":[{"ty":"gr","it":[{"ind":0,"ty":"sh","ix":1,"ks":{"a":0,"k":{"i":[[0,0],[0,0],[3.076,2.832],[6.38,0],[3.141,-0.813],[2.637,-1.432],[0,0],[-4.46,0],[-1.807,-2.002],[0,-4.199],[0,0],[0,0],[0,-10.807],[-3.011,-2.734],[-5.306,0],[-2.654,1.188],[-2.67,3.353],[0,0],[0,0]],"o":[[0,0],[0,-6.25],[-3.076,-2.832],[-3.158,0],[-3.142,0.814],[0,0],[5.631,-2.734],[3.971,0],[1.807,2.002],[0,0],[0,0],[-17.285,0.521],[0,5.046],[3.011,2.734],[3.971,0],[2.653,-1.188],[0,0],[0,0],[0,0]],"v":[[47.51,0],[47.51,-36.523],[42.896,-50.146],[28.711,-54.395],[19.263,-53.174],[10.596,-49.805],[13.086,-43.604],[28.223,-47.705],[36.89,-44.702],[39.6,-35.4],[39.6,-32.08],[30.518,-31.787],[4.59,-14.795],[9.106,-3.125],[21.582,0.977],[31.519,-0.806],[39.502,-7.617],[39.893,-7.617],[41.504,0]],"c":true},"ix":2},"nm":"a","mn":"ADBE Vector Shape - Group","hd":false},{"ind":1,"ty":"sh","ix":2,"ks":{"a":0,"k":{"i":[[1.774,1.53],[0,2.93],[-2.849,1.775],[-6.445,0.228],[0,0],[0,0],[2.881,-2.766],[5.045,0]],"o":[[-1.775,-1.53],[0,-3.743],[2.848,-1.774],[0,0],[0,0],[0,4.98],[-2.881,2.767],[-3.191,0]],"v":[[15.747,-8.008],[13.086,-14.697],[17.358,-22.974],[31.299,-25.977],[39.404,-26.318],[39.404,-21.484],[35.083,-9.863],[23.193,-5.713]],"c":true},"ix":2},"nm":"a","mn":"ADBE Vector Shape - Group","hd":false}],"nm":"a","np":5,"cix":2,"bm":0,"ix":1,"mn":"ADBE Vector Group","hd":false}]},"fFamily":"Open Sans"},{"ch":"l","size":23,"style":"Regular","w":25.29,"data":{"shapes":[{"ty":"gr","it":[{"ind":0,"ty":"sh","ix":1,"ks":{"a":0,"k":{"i":[[0,0],[0,0],[0,0],[0,0]],"o":[[0,0],[0,0],[0,0],[0,0]],"v":[[16.699,-75.977],[8.594,-75.977],[8.594,0],[16.699,0]],"c":true},"ix":2},"nm":"l","mn":"ADBE Vector Shape - Group","hd":false}],"nm":"l","np":3,"cix":2,"bm":0,"ix":1,"mn":"ADBE Vector Group","hd":false}]},"fFamily":"Open Sans"},{"ch":"w","size":23,"style":"Regular","w":77.78,"data":{"shapes":[{"ty":"gr","it":[{"ind":0,"ty":"sh","ix":1,"ks":{"a":0,"k":{"i":[[0,0],[0,0],[0,0],[0.569,-2.441],[0.13,-1.172],[0,0],[1.823,5.599],[0,0],[0,0],[0,0],[0.797,-2.946],[0.358,-1.855],[0,0],[1.807,7.031],[3.45,13.445],[0,0],[0,0],[0,0],[0,0],[-1.302,5.697],[0,0],[-0.619,-1.92],[0,0]],"o":[[0,0],[0,0],[-6.218,23.828],[-0.57,2.441],[0,0],[-0.652,-3.809],[0,0],[0,0],[0,0],[-0.586,1.726],[-0.798,2.946],[0,0],[-0.261,-2.441],[-1.807,-7.031],[0,0],[0,0],[0,0],[0,0],[0.977,-3.092],[0,0],[1.692,6.804],[0,0],[0,0]],"v":[[61.914,0],[76.709,-53.516],[68.311,-53.516],[58.13,-14.111],[57.08,-8.691],[56.689,-8.691],[52.979,-22.803],[43.408,-53.516],[34.619,-53.516],[24.805,-22.803],[22.729,-15.796],[20.996,-8.594],[20.605,-8.594],[17.505,-22.803],[9.619,-53.516],[1.123,-53.516],[15.723,0],[25.098,0],[35.205,-31.299],[38.623,-44.482],[39.014,-44.482],[42.48,-31.396],[52.295,0]],"c":true},"ix":2},"nm":"w","mn":"ADBE Vector Shape - Group","hd":false}],"nm":"w","np":3,"cix":2,"bm":0,"ix":1,"mn":"ADBE Vector Group","hd":false}]},"fFamily":"Open Sans"},{"ch":"r","size":23,"style":"Regular","w":40.82,"data":{"shapes":[{"ty":"gr","it":[{"ind":0,"ty":"sh","ix":1,"ks":{"a":0,"k":{"i":[[2.799,-1.888],[1.985,-3.483],[0,0],[0,0],[0,0],[0,0],[0,0],[0,0],[-3.076,3.516],[-4.33,0],[-2.214,-0.488],[0,0],[2.376,0]],"o":[[-2.8,1.888],[0,0],[0,0],[0,0],[0,0],[0,0],[0,0],[0,-5.241],[3.076,-3.516],[1.692,0],[0,0],[-1.888,-0.391],[-3.353,0]],"v":[[23.779,-51.66],[16.602,-43.604],[16.211,-43.604],[15.283,-53.516],[8.594,-53.516],[8.594,0],[16.699,0],[16.699,-28.711],[21.313,-41.846],[32.422,-47.119],[38.281,-46.387],[39.404,-53.906],[33.008,-54.492]],"c":true},"ix":2},"nm":"r","mn":"ADBE Vector Shape - Group","hd":false}],"nm":"r","np":3,"cix":2,"bm":0,"ix":1,"mn":"ADBE Vector Group","hd":false}]},"fFamily":"Open Sans"},{"ch":"\r","size":23,"style":"Regular","w":0,"fFamily":"Open Sans"},{"ch":"d","size":23,"style":"Regular","w":61.28,"data":{"shapes":[{"ty":"gr","it":[{"ind":0,"ty":"sh","ix":1,"ks":{"a":0,"k":{"i":[[0,0],[0,0],[0,0],[0,0],[0,0],[0,0],[0,0],[0,0],[7.259,0],[3.906,-4.883],[0,-8.821],[-3.89,-4.785],[-6.999,0],[-3.744,5.437],[0,0]],"o":[[0,0],[0,0],[0,0],[0,0],[0,0],[0,0],[0,0],[-3.874,-5.273],[-6.966,0],[-3.906,4.883],[0,8.822],[3.889,4.785],[7.454,0],[0,0],[0,0]],"v":[[46.094,0],[52.686,0],[52.686,-75.977],[44.58,-75.977],[44.58,-54.199],[44.775,-50.439],[45.117,-46.582],[44.482,-46.582],[27.783,-54.492],[11.475,-47.168],[5.615,-26.611],[11.45,-6.201],[27.783,0.977],[44.58,-7.178],[45.02,-7.178]],"c":true},"ix":2},"nm":"d","mn":"ADBE Vector Shape - Group","hd":false},{"ind":1,"ty":"sh","ix":2,"ks":{"a":0,"k":{"i":[[2.506,3.484],[0,6.836],[-2.523,3.695],[-4.753,0],[-2.523,-3.239],[0,-7.584],[0,0],[2.49,-3.011],[5.534,0]],"o":[[-2.507,-3.483],[0,-6.738],[2.522,-3.694],[5.534,0],[2.522,3.239],[0,0],[0,6.706],[-2.49,3.011],[-4.851,0]],"v":[[17.773,-11.035],[14.014,-26.514],[17.798,-42.163],[28.711,-47.705],[40.796,-42.847],[44.58,-26.611],[44.58,-24.902],[40.845,-10.327],[28.809,-5.811]],"c":true},"ix":2},"nm":"d","mn":"ADBE Vector Shape - Group","hd":false}],"nm":"d","np":5,"cix":2,"bm":0,"ix":1,"mn":"ADBE Vector Group","hd":false}]},"fFamily":"Open Sans"},{"ch":"n","size":23,"style":"Regular","w":61.38,"data":{"shapes":[{"ty":"gr","it":[{"ind":0,"ty":"sh","ix":1,"ks":{"a":0,"k":{"i":[[0,0],[0,0],[3.255,3.109],[6.445,0],[2.995,-1.448],[1.66,-2.637],[0,0],[0,0],[0,0],[0,0],[0,0],[0,0],[-2.605,3.027],[-5.599,0],[-1.986,-2.148],[0,-4.362],[0,0]],"o":[[0,0],[0,-6.836],[-3.255,-3.108],[-3.679,0],[-2.995,1.449],[0,0],[0,0],[0,0],[0,0],[0,0],[0,0],[0,-6.966],[2.604,-3.027],[4.231,0],[1.985,2.148],[0,0],[0,0]],"v":[[53.32,0],[53.32,-34.912],[48.438,-49.829],[33.887,-54.492],[23.877,-52.319],[16.895,-46.191],[16.504,-46.191],[15.186,-53.516],[8.594,-53.516],[8.594,0],[16.699,0],[16.699,-28.076],[20.605,-43.066],[32.91,-47.607],[42.236,-44.385],[45.215,-34.619],[45.215,0]],"c":true},"ix":2},"nm":"n","mn":"ADBE Vector Shape - Group","hd":false}],"nm":"n","np":3,"cix":2,"bm":0,"ix":1,"mn":"ADBE Vector Group","hd":false}]},"fFamily":"Open Sans"},{"ch":"2","size":23,"style":"Regular","w":57.18,"data":{"shapes":[{"ty":"gr","it":[{"ind":0,"ty":"sh","ix":1,"ks":{"a":0,"k":{"i":[[0,0],[0,0],[0,0],[0,0],[-2.539,4.427],[0,4.525],[3.809,3.435],[6.705,0],[6.575,-5.469],[0,0],[-2.654,0.977],[-2.962,0],[-2.312,-2.229],[0,-3.809],[0.911,-2.344],[1.823,-2.473],[5.729,-5.794],[0,0],[0,0],[0,0]],"o":[[0,0],[0,0],[0,0],[6.966,-6.77],[2.539,-4.427],[0,-5.794],[-3.809,-3.434],[-7.748,0],[0,0],[3.255,-2.571],[2.653,-0.977],[4.102,0],[2.311,2.23],[0,2.702],[-0.912,2.344],[-1.823,2.474],[0,0],[0,0],[0,0],[0,0]],"v":[[51.807,-7.52],[15.088,-7.52],[15.088,-7.91],[30.713,-23.193],[44.971,-39.99],[48.779,-53.418],[43.066,-67.261],[27.295,-72.412],[5.811,-64.209],[10.107,-58.691],[18.97,-64.014],[27.393,-65.479],[37.012,-62.134],[40.479,-53.076],[39.111,-45.508],[35.01,-38.281],[23.682,-25.879],[4.883,-6.982],[4.883,0],[51.807,0]],"c":true},"ix":2},"nm":"2","mn":"ADBE Vector Shape - Group","hd":false}],"nm":"2","np":3,"cix":2,"bm":0,"ix":1,"mn":"ADBE Vector Group","hd":false}]},"fFamily":"Open Sans"},{"ch":"0","size":23,"style":"Regular","w":57.18,"data":{"shapes":[{"ty":"gr","it":[{"ind":0,"ty":"sh","ix":1,"ks":{"a":0,"k":{"i":[[4.02,6.283],[7.747,0],[3.873,-6.022],[0,-12.434],[-4.004,-6.233],[-7.683,0],[-3.89,6.087],[0,12.337]],"o":[[-4.021,-6.282],[-7.943,0],[-3.874,6.023],[0,12.045],[4.004,6.234],[8.008,0],[3.889,-6.087],[0,-11.914]],"v":[[46.167,-63.086],[28.516,-72.51],[10.791,-63.477],[4.98,-35.791],[10.986,-8.374],[28.516,0.977],[46.362,-8.154],[52.197,-35.791]],"c":true},"ix":2},"nm":"0","mn":"ADBE Vector Shape - Group","hd":false},{"ind":1,"ty":"sh","ix":2,"ks":{"a":0,"k":{"i":[[-2.441,4.704],[-5.339,0],[-2.425,-4.768],[0,-10.254],[2.425,-4.801],[5.403,0],[2.441,4.736],[0,10.384]],"o":[[2.441,-4.704],[5.403,0],[2.425,4.769],[0,10.254],[-2.425,4.802],[-5.339,0],[-2.441,-4.736],[0,-10.384]],"v":[[16.846,-58.423],[28.516,-65.479],[40.259,-58.325],[43.896,-35.791],[40.259,-13.208],[28.516,-6.006],[16.846,-13.11],[13.184,-35.791]],"c":true},"ix":2},"nm":"0","mn":"ADBE Vector Shape - Group","hd":false}],"nm":"0","np":5,"cix":2,"bm":0,"ix":1,"mn":"ADBE Vector Group","hd":false}]},"fFamily":"Open Sans"},{"ch":"1","size":23,"style":"Regular","w":57.18,"data":{"shapes":[{"ty":"gr","it":[{"ind":0,"ty":"sh","ix":1,"ks":{"a":0,"k":{"i":[[0,0],[0,0],[0,0],[0,0],[-0.847,0.749],[-0.684,0.684],[0,-4.231],[0,0],[0,0]],"o":[[0,0],[0,0],[0,0],[6.901,-5.598],[0.846,-0.748],[-0.261,3.777],[0,0],[0,0],[0,0]],"v":[[34.912,-71.387],[28.076,-71.387],[9.18,-56.787],[13.477,-51.221],[25.098,-60.742],[27.393,-62.891],[27.002,-50.879],[27.002,0],[34.912,0]],"c":true},"ix":2},"nm":"1","mn":"ADBE Vector Shape - Group","hd":false}],"nm":"1","np":3,"cix":2,"bm":0,"ix":1,"mn":"ADBE Vector Group","hd":false}]},"fFamily":"Open Sans"},{"ch":"5","size":23,"style":"Regular","w":57.18,"data":{"shapes":[{"ty":"gr","it":[{"ind":0,"ty":"sh","ix":1,"ks":{"a":0,"k":{"i":[[3.743,-0.748],[0,0],[0,0],[0,0],[0,0],[0,0],[0,0],[-3.093,0],[0,-9.961],[3.174,-2.702],[5.729,0],[3.385,0.83],[2.278,1.465],[0,0],[-8.041,0],[-4.704,4.199],[0,7.39],[4.313,3.728],[7.52,0]],"o":[[0,0],[0,0],[0,0],[0,0],[0,0],[0,0],[5.176,-0.944],[12.207,0],[0,5.111],[-3.174,2.702],[-3.288,0],[-3.386,-0.83],[0,0],[4.231,2.572],[8.268,0],[4.704,-4.199],[0,-6.477],[-4.314,-3.727],[-3.711,0]],"v":[[16.016,-42.48],[17.822,-63.916],[46.387,-63.916],[46.387,-71.387],[10.889,-71.387],[8.203,-37.988],[12.402,-35.303],[24.805,-36.719],[43.115,-21.777],[38.354,-10.059],[25,-6.006],[14.99,-7.251],[6.494,-10.693],[6.494,-2.881],[24.902,0.977],[44.36,-5.322],[51.416,-22.705],[44.946,-38.013],[27.197,-43.604]],"c":true},"ix":2},"nm":"5","mn":"ADBE Vector Shape - Group","hd":false}],"nm":"5","np":3,"cix":2,"bm":0,"ix":1,"mn":"ADBE Vector Group","hd":false}]},"fFamily":"Open Sans"}]}